0,1,2,3,4,5,6,7,8,9,10,11,12,13,14,15,16,17,18,19,20,21,22,23,24,25,26,27,28,29,30,31,loan_status
1.5605947943720873,0.7846455236385224,0.7846445919035774,0.7810311125632375,0.9922038621652887,-0.720537679727162,0.17812788627151652,0.047761884631879505,-0.21681870047414825,0.02942058930862366,-0.5132005967645572,-0.8902810301600532,0.0,1.0,0.0,1.0,0.0,0.0,1.0,0.0,0.0,1.0,0.0,0.0,1.0,0.0,0.0,0.0,0.0,1.0,0.0,0.0,1
-0.6487710846976723,-0.6052338033752079,-0.6052347068673037,-0.5831866525803752,-1.9442387321299197,0.26006364227181084,-1.401837103940765,0.047761884631879505,-0.2300475453479225,-1.1078339877178507,-1.2147771766811564,-0.8902810301600532,1.0,0.0,0.0,0.0,1.0,1.0,0.0,0.0,0.0,1.0,0.0,0.0,0.0,0.0,1.0,0.0,0.0,0.0,1.0,0.0,1
0.30862079623255684,-0.5349713413460778,-0.5349713679851746,-0.5831866525803752,-0.4588786649767015,-1.112778208526751,0.07701012689793048,0.047761884631879505,-0.24989081265858384,1.3579391942323134,-0.9023102965502341,-0.8902810301600532,0.0,1.0,0.0,0.0,1.0,0.0,1.0,0.0,0.0,0.0,1.0,0.0,0.0,0.0,1.0,0.0,0.0,0.0,0.0,1.0,0
-1.6061629656279013,-0.9763074309665514,-0.9763074486375397,-0.3238725319332422,-0.05897403151237348,1.7309656252702699,-0.6940127883256629,1.9988856823597234,-0.8617248880706424,0.6172076018707979,-0.900836396172258,0.022827718722052668,0.0,1.0,0.0,1.0,0.0,1.0,0.0,0.0,0.0,1.0,0.0,0.0,0.0,1.0,0.0,0.0,0.0,0.0,0.0,1.0,0
-0.7960621433023229,3.852041131597734,3.852041015812962,-0.5831866525803752,0.4666149153264576,0.26006364227181084,-0.2769020309096206,0.047761884631879505,0.031222140909118734,-1.221792694235007,1.1110376197650484,1.8490452164862643,0.0,1.0,0.0,0.0,1.0,1.0,0.0,0.0,0.0,0.0,1.0,0.0,1.0,0.0,0.0,0.0,0.0,0.0,1.0,0.0,1
-1.0906442605116242,-1.0070472581042957,-1.0070481534313973,-0.368970639871874,-1.0644485385083982,-0.9166579441269566,0.0011718073677409672,0.047761884631879505,-0.4020225287069876,1.3579391942323134,-0.9524229094014197,-0.8902810301600532,0.0,1.0,0.0,1.0,0.0,0.0,1.0,0.0,0.0,1.0,0.0,0.0,0.0,1.0,0.0,0.0,0.0,0.0,0.0,1.0,0
0.8977850306511593,-0.36151088821166283,-0.3615117966562961,1.412404623704083,2.100510989194998,-0.8185978119270593,0.5194003241573694,-0.9278000142320425,-0.5144677101340687,1.3579391942323134,1.9857974940938332,0.9359364676041585,0.0,1.0,0.0,1.0,0.0,1.0,0.0,0.0,0.0,1.0,0.0,0.0,1.0,0.0,0.0,0.0,0.0,0.0,1.0,0.0,1
0.5295573841395328,-0.8994578631221903,-0.8994570040740321,-0.5831866525803752,1.5977737356969852,-0.23023701872767557,0.8101138823564291,1.0233237834958013,-0.19366822194504335,1.3579391942323134,1.4168719481950784,0.022827718722052668,1.0,0.0,0.0,0.0,1.0,1.0,0.0,0.0,0.0,0.0,1.0,0.0,0.0,1.0,0.0,0.0,0.0,0.0,1.0,0.0,0
1.4869492650697618,0.10617362466973458,0.10617270672158327,-0.5831866525803752,0.78653862209792,-0.720537679727162,-0.4032992301266031,-0.9278000142320425,0.05767983065666721,0.8561210304462392,1.7536581845626056,0.022827718722052668,1.0,0.0,1.0,0.0,0.0,1.0,0.0,0.0,0.0,1.0,0.0,0.0,0.0,1.0,0.0,0.0,0.0,0.0,1.0,0.0,1
1.3396582064651112,-0.012394280004422506,-0.012395195543231234,0.10455949348376016,0.9807780154948793,1.7309656252702699,-0.5802553090303787,-0.9278000142320425,-0.36564320530410843,-1.0955051218081,1.613637648654881,-0.8902810301600532,0.0,1.0,0.0,1.0,0.0,1.0,0.0,0.0,1.0,0.0,0.0,0.0,0.0,1.0,0.0,0.0,1.0,0.0,0.0,0.0,1
-0.42783449679069635,1.39285496057818,1.392855773045715,4.817311773070786,-0.8587832984410294,1.7309656252702699,0.6963564030611449,0.047761884631879505,-0.07130140686263163,-1.3077615430111071,-0.6045824201990723,0.022827718722052668,0.0,1.0,0.0,1.0,0.0,0.0,0.0,1.0,1.0,0.0,0.0,0.0,0.0,0.0,1.0,0.0,0.0,0.0,1.0,0.0,1
0.30862079623255684,-0.9038492669990109,-0.9038492861423754,-0.5831866525803752,2.5575448560113725,-0.23023701872767557,0.48148116439227456,1.0233237834958013,-0.9278691124395136,1.3579391942323134,1.7573429355075458,0.022827718722052668,1.0,0.0,1.0,0.0,0.0,0.0,0.0,1.0,1.0,0.0,0.0,0.0,0.0,1.0,0.0,0.0,1.0,0.0,0.0,0.0,1
1.1923671478604605,-0.06069972264944947,-0.06069975892591664,-0.5831866525803752,0.8436678554499668,0.7503643032712972,-0.7824908277775507,1.0233237834958013,0.08744473162265926,-0.4317456382344882,-0.23684427589404808,0.9359364676041585,0.0,1.0,0.0,0.0,1.0,1.0,0.0,0.0,1.0,0.0,0.0,0.0,1.0,0.0,0.0,0.0,0.0,0.0,0.0,1.0,0
-0.2068979088837204,0.7034045519173406,0.703404500113999,-0.5437258081340723,-0.13895495820523907,-0.23023701872767557,-0.0620267922407503,1.0233237834958013,5.312838456763484,-0.6673269408883755,0.06456835140205387,0.9359364676041585,0.0,1.0,0.0,1.0,0.0,1.0,0.0,0.0,0.0,1.0,0.0,0.0,0.0,0.0,1.0,0.0,1.0,0.0,0.0,0.0,1
0.30862079623255684,0.6858389364100581,0.6858380066828986,-0.2505881065329655,1.6891805090602603,-0.23023701872767557,0.30452508548849905,2.9744475812236453,-0.5839191457213834,0.04508158113992872,1.3822352893126413,-0.8902810301600532,1.0,0.0,0.0,1.0,0.0,1.0,0.0,0.0,0.0,0.0,0.0,1.0,0.0,1.0,0.0,0.0,1.0,0.0,0.0,0.0,1
0.8977850306511593,-0.2122031563997613,-0.21220318959762405,3.0753973539411317,0.6151509220417795,-1.112778208526751,-0.1125856719275433,-0.9278000142320425,-0.8981042114735216,1.3579391942323134,-0.8544085342660125,0.022827718722052668,0.0,1.0,0.0,1.0,0.0,0.0,1.0,0.0,1.0,0.0,0.0,0.0,0.0,0.0,1.0,0.0,0.0,1.0,0.0,0.0,0
-0.2068979088837204,0.6045979646888764,0.6045979148933203,-0.4535295922568087,0.96935216882447,-0.8185978119270593,-0.28954175083131883,0.047761884631879505,-0.2135114892557047,0.9450887925517385,0.523688319141593,-0.8902810301600532,0.0,1.0,0.0,1.0,0.0,1.0,0.0,0.0,1.0,0.0,0.0,0.0,0.0,0.0,1.0,0.0,0.0,0.0,1.0,0.0,0
-1.6061629656279013,-0.3197925513818668,-0.31979170411271673,-0.5831866525803752,-1.178707005212492,1.7309656252702699,1.9350489553875736,-0.9278000142320425,0.26934134863705506,-1.3077615430111071,-0.5500481062139584,-0.8902810301600532,0.0,1.0,0.0,0.0,1.0,0.0,0.0,1.0,0.0,0.0,1.0,0.0,0.0,0.0,1.0,0.0,1.0,0.0,0.0,0.0,1
0.30862079623255684,-0.8994578631221903,-0.8994570040740321,-0.0025485128704904264,1.9519749824796757,-0.720537679727162,0.35508396517529206,0.047761884631879505,-0.5078532876971815,1.3579391942323134,-0.7534463583746531,-0.8902810301600532,1.0,0.0,0.0,1.0,0.0,0.0,1.0,0.0,0.0,1.0,0.0,0.0,0.0,0.0,1.0,0.0,0.0,1.0,0.0,0.0,0
-0.05960685027906976,0.08421660528563142,0.08421656606441219,-0.5831866525803752,0.5465958420193232,0.7503643032712972,-0.23898287114452585,1.9988856823597234,2.5777747791106598,-0.420749622693359,0.5804334836936709,-0.8902810301600532,1.0,0.0,0.0,0.0,1.0,0.0,0.0,1.0,0.0,1.0,0.0,0.0,0.0,0.0,1.0,0.0,0.0,0.0,1.0,0.0,1
-1.0906442605116242,-0.7128231983573134,-0.7128232213823964,-0.5831866525803752,-1.8414061120962353,1.7309656252702699,-1.641991782453032,0.047761884631879505,-0.9609412246239493,-1.058185311486692,-1.264152839343354,0.022827718722052668,1.0,0.0,0.0,0.0,1.0,0.0,0.0,1.0,1.0,0.0,0.0,0.0,0.0,1.0,0.0,0.0,0.0,1.0,0.0,0.0,1
0.16132973762790617,-0.6271908227593112,-0.6271908475244748,-0.5831866525803752,1.6434771223786229,-0.9166579441269566,1.3789012788328505,1.0233237834958013,-0.9014114226919652,1.3579391942323134,-0.6694340368300183,-0.8902810301600532,1.0,0.0,0.0,0.0,1.0,1.0,0.0,0.0,1.0,0.0,0.0,0.0,0.0,0.0,1.0,0.0,0.0,0.0,0.0,1.0,0
1.4869492650697618,0.19400170220614724,0.1940025390348128,0.7923056395478956,-1.5100565586543635,-0.9166579441269566,0.4562017245488781,0.047761884631879505,-0.8187311422308762,-0.8186054577269396,-0.9509490090234437,-0.8902810301600532,1.0,0.0,0.0,1.0,0.0,0.0,1.0,0.0,1.0,0.0,0.0,0.0,0.0,0.0,1.0,0.0,1.0,0.0,0.0,0.0,1
1.04507608925581,0.095195114977683,0.09519595381413404,-0.5831866525803752,-1.9442387321299197,-0.23023701872767557,-0.16314455161433633,0.047761884631879505,1.4070220077816395,-1.2574464415956377,-1.2707853910442461,0.022827718722052668,1.0,0.0,0.0,0.0,1.0,0.0,0.0,1.0,0.0,0.0,1.0,0.0,0.0,1.0,0.0,0.0,0.0,0.0,0.0,1.0,1
-0.7224166139999976,0.7297529751782644,0.7297529228395133,1.2489239824265428,0.8322420087795575,-0.23023701872767557,1.7075339967970051,-0.9278000142320425,0.7984951435880246,-0.8362657251111772,1.0933508152293359,0.9359364676041585,0.0,1.0,0.0,1.0,0.0,0.0,0.0,1.0,0.0,0.0,0.0,1.0,0.0,0.0,1.0,0.0,0.0,0.0,1.0,0.0,1
1.4869492650697618,-0.4273819463639723,-0.427382853470082,-0.5831866525803752,-0.11610326486442034,-0.720537679727162,1.2651437995375663,0.047761884631879505,-0.9410979573132878,1.1969975122212417,0.14563287219073653,-0.8902810301600532,1.0,0.0,0.0,0.0,1.0,0.0,0.0,1.0,0.0,1.0,0.0,0.0,0.0,0.0,1.0,0.0,0.0,0.0,1.0,0.0,1
-1.3115808484186,-0.22098596415340258,-0.22098511889203798,-0.5831866525803752,1.1521657155510199,1.7309656252702699,1.593776517501721,0.047761884631879505,-0.6368345252164803,-0.7069792393548713,0.9371173751638747,-0.8902810301600532,1.0,0.0,0.0,0.0,1.0,0.0,1.0,0.0,0.0,1.0,0.0,0.0,1.0,0.0,0.0,0.0,0.0,0.0,1.0,0.0,1
0.30862079623255684,0.2445028467895845,0.24450192603053353,-0.5831866525803752,1.7577355890827164,1.7309656252702699,0.5573194839224641,-0.9278000142320425,0.9373980147626542,-0.9955413441614717,1.2422147534049168,-0.8902810301600532,1.0,0.0,0.0,0.0,1.0,1.0,0.0,0.0,0.0,0.0,1.0,0.0,0.0,0.0,1.0,0.0,0.0,0.0,1.0,0.0,1
-0.9433532019069736,-0.508622918085154,-0.5086229452596603,-0.5831866525803752,-0.938764225133895,-0.9166579441269566,0.5194003241573694,-0.9278000142320425,0.5438398797678705,1.0453857827905224,-0.7232314006261441,0.022827718722052668,0.0,1.0,0.0,0.0,1.0,1.0,0.0,0.0,0.0,1.0,0.0,0.0,0.0,0.0,1.0,0.0,1.0,0.0,0.0,0.0,1
0.8977850306511593,0.046889672332656035,0.04688875558917602,-0.5831866525803752,-1.2929654719165855,-0.8185978119270593,0.24132648588000777,1.0233237834958013,0.33217836178748267,-0.3094566169134462,-0.870621438423749,-0.8902810301600532,0.0,1.0,1.0,0.0,0.0,0.0,0.0,1.0,0.0,0.0,1.0,0.0,0.0,0.0,1.0,0.0,1.0,0.0,0.0,0.0,1
-1.3852263777209255,-0.6886704770348,-0.6886696222699173,-0.5831866525803752,-0.36747189161342647,-0.23023701872767557,1.1893054800073768,1.0233237834958013,2.0783858851256825,0.6202065152001967,0.5288469704645092,-0.8902810301600532,1.0,0.0,0.0,0.0,1.0,0.0,0.0,1.0,0.0,1.0,0.0,0.0,0.0,0.0,1.0,0.0,1.0,0.0,0.0,0.0,1
0.7504939720465087,0.7868412255769327,0.7868420503588853,-0.5831866525803752,0.32950475528154516,-0.720537679727162,-1.2880796246454809,0.047761884631879505,-0.8055022973571019,0.005762495265588272,0.19058683371900603,-0.8902810301600532,1.0,0.0,0.0,0.0,1.0,1.0,0.0,0.0,1.0,0.0,0.0,0.0,1.0,0.0,0.0,0.0,1.0,0.0,0.0,0.0,1
-0.7960621433023229,-0.9631332193360895,-0.9631332372747825,-0.5775493890880462,0.1809687485662233,1.7309656252702699,1.5558573577366261,-0.9278000142320425,0.08083030918577214,-0.5110502351674799,-1.1543472611841383,0.022827718722052668,1.0,0.0,0.0,1.0,0.0,1.0,0.0,0.0,0.0,0.0,1.0,0.0,1.0,0.0,0.0,0.0,0.0,0.0,0.0,1.0,0
0.014038679023255554,-0.45812177350171673,-0.458120923421667,-0.5831866525803752,-0.6873955983848888,0.7503643032712972,-0.64345390863887,-0.9278000142320425,-0.7029787495853516,-1.0348604300358122,-0.9421056067555874,-0.8902810301600532,0.0,1.0,0.0,0.0,1.0,1.0,0.0,0.0,0.0,1.0,0.0,0.0,0.0,0.0,1.0,0.0,0.0,1.0,0.0,0.0,0
-0.42783449679069635,-0.9806988348433721,-0.980699730705883,-0.5831866525803752,0.512318302008095,-0.9166579441269566,0.01381152728943922,-0.9278000142320425,1.1887460673643646,1.3579391942323134,1.430874001785851,-0.8902810301600532,1.0,0.0,0.0,0.0,1.0,1.0,0.0,0.0,1.0,0.0,0.0,0.0,0.0,1.0,0.0,1.0,0.0,0.0,0.0,0.0,1
1.3396582064651112,-0.8401739107851118,-0.8401730529416248,-0.5831866525803752,-0.0018447981603266239,-1.112778208526751,-0.3527403504398101,0.047761884631879505,-0.5475398223185043,1.3579391942323134,0.9761757351802399,0.022827718722052668,1.0,0.0,1.0,0.0,0.0,1.0,0.0,0.0,1.0,0.0,0.0,0.0,1.0,0.0,0.0,1.0,0.0,0.0,0.0,0.0,1
-1.4588719070232508,-0.4098163308566898,-0.40981636003898153,-0.5831866525803752,0.8208161621091481,-0.23023701872767557,-0.6560936285605682,1.0233237834958013,-0.2895773472799066,0.788812086830843,-0.993692119984749,0.022827718722052668,0.0,1.0,0.0,0.0,1.0,1.0,0.0,0.0,0.0,0.0,1.0,0.0,0.0,0.0,1.0,0.0,0.0,0.0,0.0,1.0,0
0.9714305599534846,1.1447406415378143,1.1447405807663642,0.05382412205279936,0.4209115286448201,-0.8185978119270593,0.4435620046271798,-0.9278000142320425,-0.6434489476533675,-0.0815392038791339,-0.5810000141514554,0.022827718722052668,1.0,0.0,0.0,1.0,0.0,1.0,0.0,0.0,0.0,1.0,0.0,0.0,0.0,1.0,0.0,0.0,0.0,0.0,0.0,1.0,1
0.5295573841395328,0.6419248976418518,0.6419257253685564,-0.5831866525803752,0.512318302008095,-0.720537679727162,0.9491508014951099,1.9988856823597234,-0.7955806637017713,0.47059406132240955,1.1692566846951022,-0.8902810301600532,1.0,0.0,0.0,0.0,1.0,1.0,0.0,0.0,0.0,1.0,0.0,0.0,0.0,1.0,0.0,0.0,1.0,0.0,0.0,0.0,1
0.08768420832558087,-0.3856636095341763,-0.38566276092650253,4.727115557193523,0.1923945952366327,-0.8185978119270593,1.3157026792243594,2.9744475812236453,-0.23996917900325318,0.008761408594986997,-0.9981138211186772,1.8490452164862643,1.0,0.0,0.0,1.0,0.0,1.0,0.0,0.0,0.0,0.0,1.0,0.0,0.0,0.0,1.0,0.0,0.0,0.0,0.0,1.0,1
0.2349752669302315,0.10178222079291395,0.10178305949551261,-0.5831866525803752,0.03243274185090149,-0.9166579441269566,0.9238713616517135,0.047761884631879505,-0.9444051685317314,1.3579391942323134,0.9931255895269645,0.022827718722052668,0.0,1.0,0.0,0.0,1.0,1.0,0.0,0.0,0.0,1.0,0.0,0.0,0.0,1.0,0.0,0.0,0.0,0.0,1.0,0.0,1
-1.4588719070232508,-0.4932530045162818,-0.49325391028386784,0.7923056395478956,-1.4415014786319074,-0.9166579441269566,-3.4115525714907875,-0.9278000142320425,0.4710812329621122,-0.5963526587592693,-0.7084923968463837,-0.8902810301600532,0.0,1.0,0.0,1.0,0.0,1.0,0.0,0.0,0.0,1.0,0.0,0.0,0.0,1.0,0.0,1.0,0.0,0.0,0.0,0.0,1
1.266012677162786,-0.9960687484122442,-0.9960687656816755,-0.07019567477843817,-0.04754818484196411,-0.720537679727162,-0.15050483169263806,-0.9278000142320425,-0.9113330563472958,1.3579391942323134,-0.5618393092377668,-0.8902810301600532,1.0,0.0,0.0,1.0,0.0,1.0,0.0,0.0,0.0,1.0,0.0,0.0,0.0,1.0,0.0,0.0,0.0,0.0,0.0,1.0,1
-1.532517436325576,-0.24953008935273668,-0.24953100007286022,-0.5831866525803752,0.9807780154948793,-0.720537679727162,2.0740858745262543,-0.9278000142320425,-0.865032099289086,1.3579391942323134,1.9880083446607975,1.8490452164862643,0.0,1.0,0.0,0.0,1.0,0.0,1.0,0.0,0.0,0.0,1.0,0.0,0.0,0.0,1.0,0.0,1.0,0.0,0.0,0.0,1
1.1187216185581352,-0.8599352282308046,-0.8599343699857606,0.22294202682266873,-0.4817303583175202,-0.8185978119270593,-0.5296964293435856,1.0233237834958013,-0.8418816207599811,1.3579391942323134,0.13384166916692816,-0.8902810301600532,1.0,0.0,0.0,1.0,0.0,0.0,0.0,1.0,0.0,1.0,0.0,0.0,0.0,1.0,0.0,0.0,1.0,0.0,0.0,0.0,1
-0.7224166139999976,-0.3593151862732525,-0.35931433820098824,1.0459824967026994,-1.0415968451675794,-0.720537679727162,-1.2375207449586878,1.9988856823597234,-0.19036101072659978,-0.2664721925253961,-0.6782774390978746,-0.8902810301600532,1.0,0.0,0.0,1.0,0.0,1.0,0.0,0.0,0.0,1.0,0.0,0.0,0.0,0.0,1.0,0.0,0.0,0.0,1.0,0.0,1
-0.8697076726046482,-0.9126320747526522,-0.9126312154367893,-0.5831866525803752,0.6722801553938262,1.7309656252702699,0.7721947225913344,1.9988856823597234,-0.564075878410722,1.0470518457512994,0.6578132535374135,0.9359364676041585,1.0,0.0,0.0,0.0,1.0,1.0,0.0,0.0,0.0,1.0,0.0,0.0,0.0,0.0,1.0,0.0,0.0,0.0,1.0,0.0,0
-0.5014800260930217,-0.6315822266361317,-0.631583129592818,-0.5831866525803752,0.22667213524786078,1.7309656252702699,0.21604704603661126,-0.9278000142320425,-0.3722576277409956,-0.8835819131972479,-0.599423768876156,-0.8902810301600532,0.0,1.0,0.0,0.0,1.0,0.0,0.0,1.0,0.0,0.0,1.0,0.0,0.0,0.0,1.0,0.0,0.0,0.0,0.0,1.0,1
0.2349752669302315,2.176720552590663,2.1767213491297666,-0.5831866525803752,-0.36747189161342647,1.7309656252702699,0.6963564030611449,0.047761884631879505,2.4917872874311273,-1.3024301415366202,-0.30980234460386247,0.022827718722052668,1.0,0.0,0.0,0.0,1.0,1.0,0.0,0.0,1.0,0.0,0.0,0.0,1.0,0.0,0.0,0.0,0.0,0.0,1.0,0.0,1
-1.4588719070232508,-0.9960687484122442,-0.9960687656816755,-0.5211767541647565,-1.1672811585420824,-0.8185978119270593,-0.6813730684039647,-0.9278000142320425,-0.7492797066435614,1.3579391942323134,-1.169086264963899,0.9359364676041585,0.0,1.0,0.0,1.0,0.0,0.0,0.0,1.0,0.0,1.0,0.0,0.0,1.0,0.0,0.0,0.0,0.0,1.0,0.0,0.0,0
0.6032029134418581,3.2240703772123838,3.2240711524689605,2.218533303107127,-1.2701137785757668,0.7503643032712972,-0.1125856719275433,-0.9278000142320425,-0.7558941290804485,-1.3077615430111071,-0.8013481206588747,0.022827718722052668,1.0,0.0,0.0,1.0,0.0,0.0,0.0,1.0,0.0,1.0,0.0,0.0,0.0,1.0,0.0,0.0,0.0,0.0,1.0,0.0,1
-0.2068979088837204,0.45089882900015427,0.45089966060857756,-0.5831866525803752,-1.0415968451675794,-0.8185978119270593,-0.0620267922407503,-0.9278000142320425,0.1734322233021918,-0.6213436031709264,-0.30169589252499424,-0.8902810301600532,0.0,1.0,0.0,0.0,1.0,0.0,1.0,0.0,0.0,1.0,0.0,0.0,1.0,0.0,0.0,1.0,0.0,0.0,0.0,0.0,1
-0.7224166139999976,-0.508622918085154,-0.5086229452596603,0.9219626998714621,1.4720894223224823,0.26006364227181084,-0.34010063051811185,0.047761884631879505,-0.8914897890366345,-0.32078584504673086,2.0734945665834084,0.022827718722052668,0.0,1.0,0.0,1.0,0.0,1.0,0.0,0.0,0.0,0.0,1.0,0.0,0.0,1.0,0.0,0.0,0.0,0.0,1.0,0.0,1
-1.4588719070232508,0.4047890882935376,0.40478992083892745,-0.5831866525803752,1.5177928090041197,-0.9166579441269566,0.7089961229828431,0.047761884631879505,0.2660341374186115,1.3579391942323134,2.3240576308393366,-0.8902810301600532,1.0,0.0,0.0,0.0,1.0,1.0,0.0,0.0,1.0,0.0,0.0,0.0,0.0,0.0,1.0,0.0,0.0,0.0,1.0,0.0,1
-0.8697076726046482,-0.48886160063946116,-0.48886162821552454,-0.5831866525803752,0.9807780154948793,-0.9166579441269566,-0.5549758691869822,1.0233237834958013,0.49423171149121714,1.3579391942323134,0.7801469849094255,0.9359364676041585,0.0,1.0,1.0,0.0,0.0,0.0,1.0,0.0,1.0,0.0,0.0,0.0,0.0,0.0,1.0,1.0,0.0,0.0,0.0,0.0,0
-0.6487710846976723,1.0371512465557087,1.0371520662512714,1.5533362110123075,-0.5502854383399765,0.7503643032712972,-1.7304698219049197,-0.9278000142320425,-0.3921008950516569,-1.3077615430111071,-0.264848383075593,-0.8902810301600532,1.0,0.0,0.0,1.0,0.0,1.0,0.0,0.0,1.0,0.0,0.0,0.0,0.0,1.0,0.0,0.0,1.0,0.0,0.0,0.0,1
-1.1642897898139495,0.20937161577501945,0.20937157401060527,0.2793146617459585,0.2838013685999077,-0.9166579441269566,0.08964984681962873,-0.9278000142320425,-0.6864426934931338,1.022394113931798,-0.4586662827794434,0.9359364676041585,1.0,0.0,0.0,1.0,0.0,0.0,1.0,0.0,0.0,1.0,0.0,0.0,1.0,0.0,0.0,0.0,0.0,1.0,0.0,0.0,1
-0.7960621433023229,-0.675496265404338,-0.6754954109071603,1.42931641418107,0.47804076199686696,-0.8185978119270593,-1.1237632656634036,-0.9278000142320425,-0.5310037662262864,1.1193589782490272,1.0845074129614796,-0.8902810301600532,1.0,0.0,0.0,1.0,0.0,0.0,0.0,1.0,0.0,1.0,0.0,0.0,1.0,0.0,0.0,0.0,0.0,0.0,1.0,0.0,1
-0.6487710846976723,-0.8313911030314706,-0.8313911236472109,-0.3520588493948871,1.803438975764354,-0.720537679727162,0.039090967132835726,1.0233237834958013,-0.5574614559738349,1.3579391942323134,1.4419282546206713,0.9359364676041585,1.0,0.0,0.0,1.0,0.0,1.0,0.0,0.0,0.0,1.0,0.0,0.0,0.0,1.0,0.0,0.0,0.0,0.0,1.0,0.0,0
-0.2068979088837204,-0.19024613701565812,-0.190247048940453,-0.5831866525803752,0.36378229529277323,1.7309656252702699,-0.44121838989169787,-0.9278000142320425,0.7918807211511375,-1.0661824136984221,0.07635955442586226,1.8490452164862643,1.0,0.0,0.0,0.0,1.0,1.0,0.0,0.0,0.0,0.0,1.0,0.0,1.0,0.0,0.0,0.0,0.0,0.0,1.0,0.0,1
0.2349752669302315,1.0151942271716055,1.0151932907518277,6.018048896936859,0.5694475353601419,-0.720537679727162,-0.5296964293435856,-0.9278000142320425,0.9473196484179848,-0.8069430170014995,0.9039546166594136,0.022827718722052668,1.0,0.0,0.0,1.0,0.0,1.0,0.0,0.0,0.0,0.0,1.0,0.0,0.0,1.0,0.0,1.0,0.0,0.0,0.0,0.0,1
0.3822663255348821,-0.9587418154592688,-0.9587409552064393,-0.380245166856532,-0.04754818484196411,-0.720537679727162,-0.4032992301266031,1.9988856823597234,-0.4714739642943024,1.3579391942323134,-0.5463633552690182,0.9359364676041585,0.0,1.0,0.0,1.0,0.0,1.0,0.0,0.0,0.0,0.0,1.0,0.0,0.0,0.0,1.0,0.0,0.0,0.0,0.0,1.0,0
-1.016998731209299,-0.7347802177414166,-0.7347793620395675,-0.5831866525803752,0.12383951521417645,-0.8185978119270593,-1.502954863314351,0.047761884631879505,-0.5806119345029398,1.3579391942323134,1.2038933435775394,-0.8902810301600532,1.0,0.0,0.0,0.0,1.0,1.0,0.0,0.0,0.0,0.0,1.0,0.0,0.0,0.0,1.0,0.0,0.0,0.0,1.0,0.0,0
1.7078858529767378,0.04469397039424572,0.04469393197614069,-0.5831866525803752,0.12383951521417645,1.7309656252702699,-0.795130547699249,-0.9278000142320425,0.39832258615635385,-1.1641469157921178,0.5981202882293835,-0.8902810301600532,1.0,0.0,0.0,0.0,1.0,0.0,1.0,0.0,0.0,1.0,0.0,0.0,0.0,0.0,1.0,0.0,1.0,0.0,0.0,0.0,1
-0.2805434381860457,-0.8994578631221903,-0.8994570040740321,-0.5831866525803752,0.5465958420193232,0.7503643032712972,-0.1125856719275433,0.047761884631879505,0.060987041875110774,0.4935857301811342,-0.4255035242749823,-0.8902810301600532,0.0,1.0,0.0,0.0,1.0,1.0,0.0,0.0,0.0,0.0,1.0,0.0,0.0,1.0,0.0,0.0,0.0,0.0,0.0,1.0,0
1.5605947943720873,0.08421660528563142,0.08421656606441219,1.699905061812861,-0.05897403151237348,-0.23023701872767557,-0.4664978297350944,0.047761884631879505,1.5723825687038175,-0.8392646384405761,0.48757775988117985,1.8490452164862643,0.0,1.0,0.0,1.0,0.0,1.0,0.0,0.0,1.0,0.0,0.0,0.0,0.0,1.0,0.0,1.0,0.0,0.0,0.0,0.0,1
1.4133037357674365,0.3081782030034837,0.308178159231284,-0.5831866525803752,0.15811705522540456,1.7309656252702699,-1.199601585193593,0.047761884631879505,-0.07130140686263163,-1.0571856737102256,0.5192666180076648,1.8490452164862643,0.0,1.0,0.0,0.0,1.0,1.0,0.0,0.0,0.0,1.0,0.0,0.0,0.0,1.0,0.0,0.0,0.0,0.0,1.0,0.0,1
1.7078858529767378,-0.36590229208848346,-0.3659014438823668,4.8962334619633925,1.3007017222663417,-0.8185978119270593,0.5320400440790676,1.0233237834958013,-0.7525869178620049,0.3563021422130979,1.4492977565105516,1.8490452164862643,0.0,1.0,0.0,1.0,0.0,1.0,0.0,0.0,0.0,1.0,0.0,0.0,0.0,1.0,0.0,0.0,0.0,0.0,1.0,0.0,1
0.6032029134418581,1.1469363434762245,1.1469354043793993,-0.5831866525803752,2.4547122359776883,1.7309656252702699,-0.03674735239735379,0.047761884631879505,-0.018386027367534665,-1.0032052337810464,1.9062068736831266,1.8490452164862643,0.0,1.0,0.0,0.0,1.0,0.0,1.0,0.0,0.0,1.0,0.0,0.0,1.0,0.0,0.0,1.0,0.0,0.0,0.0,0.0,1
0.9714305599534846,-0.7874770642632642,-0.7874762074905961,-0.5831866525803752,1.8605682091164009,0.7503643032712972,-0.03674735239735379,2.9744475812236453,-0.8551104656337554,1.3579391942323134,1.2908534658781263,-0.8902810301600532,1.0,0.0,1.0,0.0,0.0,1.0,0.0,0.0,1.0,0.0,0.0,0.0,0.0,0.0,1.0,1.0,0.0,0.0,0.0,0.0,1
1.6342403236744125,0.8219724565914978,0.8219724023788135,-0.5211767541647565,-0.6416922117032514,1.7309656252702699,-0.45385810981339614,-0.9278000142320425,0.014686084816900933,-1.3077615430111071,-0.4829856390160482,-0.8902810301600532,0.0,1.0,0.0,1.0,0.0,1.0,0.0,0.0,0.0,1.0,0.0,0.0,0.0,0.0,1.0,0.0,0.0,0.0,1.0,0.0,1
1.04507608925581,0.6638819170259549,0.6638818660257275,3.7405944460359515,-1.5557599453360011,0.26006364227181084,0.8353933221998256,-0.9278000142320425,-0.32264945946434215,-1.3077615430111071,-0.8838865418255334,-0.8902810301600532,0.0,1.0,0.0,1.0,0.0,1.0,0.0,0.0,0.0,1.0,0.0,0.0,0.0,0.0,1.0,0.0,0.0,0.0,1.0,0.0,1
-1.532517436325576,2.060348349854916,2.0603482704779874,-0.5831866525803752,1.0150555555061074,-0.23023701872767557,-0.6813730684039647,1.0233237834958013,-0.5739975120660528,-0.7649582303899157,2.1663502903958993,0.022827718722052668,1.0,0.0,0.0,0.0,1.0,1.0,0.0,0.0,0.0,1.0,0.0,0.0,1.0,0.0,0.0,0.0,0.0,0.0,1.0,0.0,1
0.16132973762790617,0.7121873596709819,0.7121864294084129,-0.5831866525803752,-1.9442387321299197,0.7503643032712972,-0.2769020309096206,-0.9278000142320425,-0.7393580729882308,-1.3077615430111071,-1.290683046146923,1.8490452164862643,0.0,1.0,0.0,0.0,1.0,1.0,0.0,0.0,0.0,0.0,0.0,1.0,0.0,0.0,1.0,0.0,0.0,0.0,0.0,1.0,1
0.6768484427441834,-0.6645177557122864,-0.664518657999711,-0.5831866525803752,-0.18465834488687655,-0.8185978119270593,-1.2501604648803861,0.047761884631879505,0.35202162909814405,1.3579391942323134,-0.7136510481692998,-0.8902810301600532,1.0,0.0,0.0,1.0,0.0,1.0,0.0,0.0,0.0,0.0,1.0,0.0,0.0,1.0,0.0,0.0,0.0,1.0,0.0,0.0,0
-1.3115808484186,-1.0026558542274753,-1.002655871363054,-0.5831866525803752,0.5465958420193232,-0.9166579441269566,0.6584372432960501,1.0233237834958013,-0.4317874296729797,1.3579391942323134,0.04467069629937721,-0.8902810301600532,1.0,0.0,1.0,0.0,0.0,1.0,0.0,0.0,1.0,0.0,0.0,0.0,0.0,1.0,0.0,0.0,0.0,0.0,1.0,0.0,0
1.7078858529767378,-0.563515466545412,-0.5635146143237243,-0.5831866525803752,-0.5845629783512045,-0.23023701872767557,-0.4917772695784909,0.047761884631879505,-0.7558941290804485,-0.1235239904907177,-1.0320135298121262,-0.8902810301600532,0.0,1.0,1.0,0.0,0.0,0.0,1.0,0.0,0.0,0.0,1.0,0.0,0.0,1.0,0.0,0.0,0.0,1.0,0.0,0.0,0
-1.016998731209299,0.6243592821345693,0.624359231937456,-0.5550003351187304,-0.1275291115348297,1.7309656252702699,1.1387466003205837,-0.9278000142320425,-0.4946244428234073,-1.2774391971249632,0.19427158466394615,2.76215396536837,0.0,1.0,0.0,1.0,0.0,1.0,0.0,0.0,0.0,0.0,1.0,0.0,1.0,0.0,0.0,0.0,1.0,0.0,0.0,0.0,1
0.4559118548372074,-0.27148710873683984,-0.27148714073003133,0.5780896268393944,0.2609496752590889,0.26006364227181084,-1.9706245004171865,1.9988856823597234,-0.4946244428234073,-0.3874283634778164,-0.03344602373335337,0.9359364676041585,0.0,1.0,0.0,1.0,0.0,0.0,0.0,1.0,1.0,0.0,0.0,0.0,1.0,0.0,0.0,1.0,0.0,0.0,0.0,0.0,1
-0.6487710846976723,-0.3988378211646382,-0.39883697228925974,-0.5831866525803752,0.24952382858867955,-0.8185978119270593,0.5573194839224641,1.0233237834958013,1.6252979481989145,1.3579391942323134,1.2621124085075934,1.8490452164862643,0.0,1.0,1.0,0.0,0.0,0.0,0.0,1.0,0.0,1.0,0.0,0.0,0.0,1.0,0.0,0.0,0.0,0.0,1.0,0.0,1
-0.13325237958139508,0.3081782030034837,0.308178159231284,-0.5719121255957172,-0.6074146716920232,-0.23023701872767557,-0.20106371137943108,0.047761884631879505,-0.031614872241308906,-0.8006119777505465,-1.207407674791276,0.022827718722052668,1.0,0.0,0.0,1.0,0.0,1.0,0.0,0.0,0.0,0.0,1.0,0.0,0.0,0.0,1.0,0.0,0.0,0.0,0.0,1.0,1
-0.13325237958139508,-0.9038492669990109,-0.9038492861423754,-0.5831866525803752,0.4323373753152295,1.7309656252702699,-1.1616824254284983,0.047761884631879505,-0.33918551555655996,-0.037555141714617456,-0.8743061893686891,0.022827718722052668,0.0,1.0,1.0,0.0,0.0,0.0,1.0,0.0,0.0,0.0,0.0,1.0,0.0,1.0,0.0,0.0,0.0,0.0,0.0,1.0,0
-1.3852263777209255,-0.18146332926201686,-0.18146248480376648,-0.5831866525803752,-1.4186497852910886,0.26006364227181084,0.6457975233743518,-0.9278000142320425,-0.8088095085755455,-1.2601121423328812,-0.7954525191469706,0.9359364676041585,0.0,1.0,1.0,0.0,0.0,0.0,0.0,1.0,0.0,1.0,0.0,0.0,1.0,0.0,0.0,0.0,0.0,0.0,1.0,0.0,1
1.4869492650697618,0.795624033330574,0.7956239796532992,-0.5437258081340723,1.4835152689928917,-1.0147180763268537,-0.8204099875426455,1.0233237834958013,-0.4284802184545361,1.3579391942323134,1.1405156273245693,-0.8902810301600532,1.0,0.0,0.0,1.0,0.0,1.0,0.0,0.0,0.0,1.0,0.0,0.0,0.0,0.0,1.0,0.0,1.0,0.0,0.0,0.0,0
-0.2805434381860457,1.0964351988927872,1.0964360173836787,1.5476989475199785,-0.5502854383399765,1.7309656252702699,-0.45385810981339614,0.047761884631879505,-0.29288455849835016,-1.3014305037601541,-0.07029353318275458,-0.8902810301600532,0.0,1.0,0.0,1.0,0.0,1.0,0.0,0.0,0.0,1.0,0.0,0.0,1.0,0.0,0.0,0.0,0.0,0.0,1.0,0.0,1
0.3822663255348821,-0.12437507886334864,-0.12437599212666715,-0.5831866525803752,-0.9844676118155326,0.7503643032712972,-0.17578427153603457,-0.9278000142320425,-0.7426652842066743,-1.21646129276052,-0.9096797984401143,-0.8902810301600532,0.0,1.0,0.0,0.0,1.0,1.0,0.0,0.0,0.0,1.0,0.0,0.0,1.0,0.0,0.0,0.0,0.0,0.0,0.0,1.0,1
-1.1642897898139495,1.3577237295636149,1.3577227861835142,0.18348118237636588,0.39805983530400135,-0.8185978119270593,-0.5170567094218874,-0.9278000142320425,-0.5111604989156251,-0.21115890222759523,1.1670458341281382,-0.8902810301600532,1.0,0.0,0.0,1.0,0.0,0.0,1.0,0.0,0.0,1.0,0.0,0.0,1.0,0.0,0.0,0.0,1.0,0.0,0.0,0.0,1
-1.4588719070232508,-0.945567603828807,-0.9455667438436821,-0.5831866525803752,1.7691614357531258,0.7503643032712972,0.5320400440790676,0.047761884631879505,-0.6765210598378031,1.3579391942323134,-0.18157301171994625,-0.8902810301600532,1.0,0.0,1.0,0.0,0.0,1.0,0.0,0.0,0.0,0.0,0.0,1.0,1.0,0.0,0.0,0.0,0.0,0.0,0.0,1.0,0
-0.13325237958139508,-0.6469521402050039,-0.6469521645686106,-0.5831866525803752,2.534693162670554,-0.23023701872767557,-1.2754399047237825,0.047761884631879505,1.516159977990277,1.3579391942323134,3.616668262324331,-0.8902810301600532,1.0,0.0,1.0,0.0,0.0,1.0,0.0,0.0,0.0,0.0,1.0,0.0,0.0,0.0,1.0,0.0,0.0,0.0,1.0,0.0,0
1.1923671478604605,-0.44933896574807547,-0.44933899412725303,-0.5831866525803752,-0.18465834488687655,-0.9166579441269566,1.6190559573451173,2.9744475812236453,-0.14406005366838995,1.3579391942323134,-0.06808268261579051,1.8490452164862643,0.0,1.0,0.0,0.0,1.0,0.0,0.0,1.0,1.0,0.0,0.0,0.0,0.0,0.0,1.0,0.0,0.0,0.0,1.0,0.0,1
1.04507608925581,1.0327598426788882,1.0327597841829281,-0.41406874781050584,0.7979644687683294,0.7503643032712972,-0.4791375496567926,-0.9278000142320425,-0.05476535077041383,-1.1164975151138918,0.8147836437918626,0.022827718722052668,0.0,1.0,0.0,1.0,0.0,1.0,0.0,0.0,0.0,1.0,0.0,0.0,0.0,0.0,1.0,0.0,0.0,0.0,1.0,0.0,1
0.08768420832558087,-0.3878593114725866,-0.3878602193818105,-0.4309805382874928,1.4720894223224823,-0.23023701872767557,-0.7572113879341542,-0.9278000142320425,0.04775819700133653,0.5289062649496094,0.9437499268647669,-0.8902810301600532,0.0,1.0,0.0,1.0,0.0,0.0,1.0,0.0,1.0,0.0,0.0,0.0,0.0,1.0,0.0,1.0,0.0,0.0,0.0,0.0,1
1.1187216185581352,1.524597076882799,1.5245978866732866,-0.5831866525803752,0.29522721527031703,-1.112778208526751,-1.4776754234709546,2.9744475812236453,-0.3292638819012293,1.3579391942323134,0.9069024174153657,0.022827718722052668,1.0,0.0,0.0,0.0,1.0,1.0,0.0,0.0,0.0,0.0,1.0,0.0,0.0,0.0,1.0,0.0,0.0,0.0,1.0,0.0,1
-0.35418896748837103,-0.910436372814242,-0.9104363918237539,-0.41406874781050584,-1.178707005212492,1.7309656252702699,0.5573194839224641,0.047761884631879505,-0.9311763236579572,-0.737968010425326,-0.4144492714401619,1.8490452164862643,0.0,1.0,0.0,1.0,0.0,1.0,0.0,0.0,0.0,1.0,0.0,0.0,1.0,0.0,0.0,1.0,0.0,0.0,0.0,0.0,1
1.3396582064651112,-0.3724893979037144,-0.3724885495637454,4.146477417483638,-1.3272430119278136,0.26006364227181084,0.25396620580170604,0.047761884631879505,2.3859565284409334,-1.2777724097171188,-0.8713583886127371,-0.8902810301600532,1.0,0.0,0.0,1.0,0.0,0.0,1.0,0.0,0.0,0.0,1.0,0.0,1.0,0.0,0.0,1.0,0.0,0.0,0.0,0.0,1
1.3396582064651112,-0.9082406708758316,-0.9082415682107186,-0.5831866525803752,0.7179835420754638,0.26006364227181084,1.2145849198507732,1.0233237834958013,0.10067357649643349,1.3579391942323134,1.6357461543245218,-0.8902810301600532,1.0,0.0,0.0,0.0,1.0,1.0,0.0,0.0,0.0,1.0,0.0,0.0,1.0,0.0,0.0,0.0,1.0,0.0,0.0,0.0,1
1.3396582064651112,-0.9828945367817824,-0.9828945543189183,0.5104424649314466,2.5232673160001444,-0.23023701872767557,-1.8189478613568075,0.047761884631879505,1.7542791857182134,1.3579391942323134,-0.9774792158270125,0.9359364676041585,0.0,1.0,0.0,1.0,0.0,0.0,0.0,1.0,0.0,0.0,1.0,0.0,0.0,0.0,1.0,0.0,0.0,0.0,0.0,1.0,0
0.9714305599534846,2.92106350971176,2.9210642911255458,-0.1434801001787149,-1.2815396252461762,1.7309656252702699,2.1878433538215387,-0.9278000142320425,0.1998899130497403,-1.3077615430111071,-1.0128528248984376,0.022827718722052668,0.0,1.0,0.0,1.0,0.0,1.0,0.0,0.0,0.0,1.0,0.0,0.0,0.0,1.0,0.0,0.0,0.0,1.0,0.0,0.0,1
-0.35418896748837103,-0.4471432638096652,-0.44714417051421773,-0.5831866525803752,0.47804076199686696,-0.23023701872767557,2.1878433538215387,0.047761884631879505,0.07752309796732858,0.39462159031097227,1.3136989217367552,-0.8902810301600532,1.0,0.0,1.0,0.0,0.0,1.0,0.0,0.0,0.0,0.0,1.0,0.0,0.0,1.0,0.0,0.0,0.0,0.0,1.0,0.0,1
0.08768420832558087,-0.7128231983573134,-0.7128232213823964,1.2714730363958586,0.5580216886897326,-0.720537679727162,2.1878433538215387,0.047761884631879505,-0.7459724954251178,0.9897392799005659,-0.4306621755978985,0.9359364676041585,0.0,1.0,0.0,1.0,0.0,0.0,1.0,0.0,0.0,1.0,0.0,0.0,0.0,1.0,0.0,0.0,0.0,1.0,0.0,0.0,0
-0.13325237958139508,-0.3505323785196112,-0.35053240890657433,1.5589734745046366,1.6434771223786229,1.7309656252702699,-0.6560936285605682,0.047761884631879505,-0.9014114226919652,-0.9315645264676296,0.7079258663885991,-0.8902810301600532,0.0,1.0,0.0,1.0,0.0,1.0,0.0,0.0,0.0,0.0,1.0,0.0,0.0,1.0,0.0,0.0,0.0,0.0,1.0,0.0,1
-0.35418896748837103,-0.48666589870105087,-0.48666680460248923,0.7923056395478956,-0.36747189161342647,0.26006364227181084,0.14020872650642174,-0.9278000142320425,-0.3921008950516569,-0.9952081315693161,-0.9369469554326711,-0.8902810301600532,0.0,1.0,0.0,1.0,0.0,1.0,0.0,0.0,0.0,1.0,0.0,0.0,0.0,1.0,0.0,0.0,0.0,1.0,0.0,0.0,1
-0.8697076726046482,-0.7062360925420825,-0.7062361157010179,-0.5831866525803752,0.9465004754836511,1.7309656252702699,0.06437040697623223,0.047761884631879505,-0.8286527758862068,-0.26947110585479506,2.0617033635596,2.76215396536837,0.0,1.0,0.0,0.0,1.0,1.0,0.0,0.0,0.0,1.0,0.0,0.0,0.0,0.0,1.0,1.0,0.0,0.0,0.0,0.0,1
0.08768420832558087,-0.7479544293718785,-0.7479535734023246,1.440590941165728,-1.681444258710504,-0.8185978119270593,-0.0620267922407503,1.0233237834958013,-0.9245619012210701,-0.7196413178567777,-1.0135897750874256,0.022827718722052668,0.0,1.0,0.0,1.0,0.0,0.0,1.0,0.0,0.0,0.0,1.0,0.0,0.0,1.0,0.0,1.0,0.0,0.0,0.0,0.0,1
-0.35418896748837103,3.5073159272673142,3.50731669676824,1.2883848268728455,-1.7271476453921417,1.7309656252702699,0.6584372432960501,0.047761884631879505,-0.5276965550078428,-1.3077615430111071,-0.9494751086454676,0.9359364676041585,0.0,1.0,0.0,1.0,0.0,0.0,1.0,0.0,0.0,1.0,0.0,0.0,1.0,0.0,0.0,1.0,0.0,0.0,0.0,0.0,1
0.5295573841395328,0.27524267392732893,0.2752426308243911,-0.5831866525803752,1.494941115663301,0.26006364227181084,-0.9847263465247228,0.047761884631879505,-0.13413842001305926,-0.4467402048814824,1.7477625830507015,-0.8902810301600532,0.0,1.0,1.0,0.0,0.0,0.0,0.0,1.0,0.0,0.0,1.0,0.0,0.0,0.0,1.0,1.0,0.0,0.0,0.0,0.0,0
-0.13325237958139508,1.5772939234046466,1.5772947321243154,-0.5831866525803752,0.6494284620530075,1.7309656252702699,-0.5549758691869822,0.047761884631879505,0.6430562163211773,-1.1971349624155052,1.1471481790254616,1.8490452164862643,1.0,0.0,1.0,0.0,0.0,1.0,0.0,0.0,0.0,0.0,1.0,0.0,1.0,0.0,0.0,1.0,0.0,0.0,0.0,0.0,1
-1.6798084949302268,-0.4164034366719207,-0.41640346572036013,-0.5831866525803752,0.05528443519172023,-1.112778208526751,-0.3527403504398101,0.047761884631879505,-0.9047186339104087,1.3579391942323134,0.7167692686564554,0.022827718722052668,0.0,1.0,0.0,0.0,1.0,0.0,1.0,0.0,0.0,0.0,0.0,1.0,1.0,0.0,0.0,0.0,0.0,0.0,1.0,0.0,1
0.5295573841395328,0.5343355026597463,0.5343345760111912,0.5950014173163813,-1.2701137785757668,0.7503643032712972,-1.0352852262115158,-0.9278000142320425,0.011378873598457373,-1.3077615430111071,-1.232463981216869,0.022827718722052668,0.0,1.0,0.0,1.0,0.0,1.0,0.0,0.0,0.0,1.0,0.0,0.0,0.0,1.0,0.0,0.0,0.0,0.0,0.0,1.0,1
1.1187216185581352,-0.8028469778321364,-0.8028478773086613,0.08764770300677323,-0.15038080487564845,-0.23023701872767557,0.7595550026696362,2.9744475812236453,-0.3954081062701005,1.0107316732063576,-1.1381343570264018,-0.8902810301600532,1.0,0.0,0.0,1.0,0.0,0.0,1.0,0.0,0.0,1.0,0.0,0.0,0.0,0.0,1.0,0.0,0.0,0.0,0.0,1.0,1
-1.4588719070232508,-0.36590229208848346,-0.3659014438823668,-0.5831866525803752,-0.4588786649767015,-0.23023701872767557,0.25396620580170604,-0.9278000142320425,-0.8617248880706424,-0.5357079669869815,-0.929577453542791,0.022827718722052668,1.0,0.0,0.0,0.0,1.0,1.0,0.0,0.0,0.0,1.0,0.0,0.0,0.0,0.0,1.0,0.0,0.0,1.0,0.0,0.0,1
0.4559118548372074,0.997628611664323,0.9976294321629999,0.40897172206952503,-0.4017494316246546,-0.720537679727162,-0.17578427153603457,-0.9278000142320425,-0.812116719793989,-0.7276384200685079,0.24880589864905994,0.9359364676041585,0.0,1.0,0.0,1.0,0.0,1.0,0.0,0.0,0.0,1.0,0.0,0.0,0.0,0.0,1.0,1.0,0.0,0.0,0.0,0.0,1
-0.2068979088837204,-0.18146332926201686,-0.18146248480376648,-0.5550003351187304,-1.3272430119278136,-1.0147180763268537,0.5194003241573694,1.0233237834958013,-0.7195148056775693,0.754491189838834,-0.6775404889088866,-0.8902810301600532,0.0,1.0,0.0,1.0,0.0,0.0,0.0,1.0,0.0,1.0,0.0,0.0,1.0,0.0,0.0,0.0,0.0,0.0,1.0,0.0,1
1.1923671478604605,0.9734758903418096,0.973475833050521,2.8893676586942756,0.6151509220417795,-0.23023701872767557,0.6963564030611449,-0.9278000142320425,-0.4714739642943024,-1.0218651389417504,-0.7519724579966771,0.022827718722052668,0.0,1.0,0.0,1.0,0.0,1.0,0.0,0.0,0.0,0.0,1.0,0.0,1.0,0.0,0.0,0.0,0.0,1.0,0.0,0.0,1
-1.4588719070232508,-0.9697203251513205,-0.9697203429561612,-0.5831866525803752,1.1978691022326573,1.7309656252702699,0.24132648588000777,-0.9278000142320425,-0.5177749213525122,-0.048551157255746505,-1.0585437366156951,0.022827718722052668,0.0,1.0,1.0,0.0,0.0,0.0,1.0,0.0,0.0,1.0,0.0,0.0,1.0,0.0,0.0,0.0,0.0,0.0,0.0,1.0,0
-1.1642897898139495,-0.945567603828807,-0.9455667438436821,-0.5831866525803752,-0.7559506784073451,-1.0147180763268537,-0.02410763247565554,-0.9278000142320425,-0.3524143604303342,1.3579391942323134,-0.26705923364255707,-0.8902810301600532,1.0,0.0,0.0,0.0,1.0,1.0,0.0,0.0,1.0,0.0,0.0,0.0,0.0,0.0,1.0,1.0,0.0,0.0,0.0,0.0,1
-1.4588719070232508,-0.43177335024079294,-0.43177250069615264,-0.5831866525803752,0.3409306019519545,0.7503643032712972,-0.02410763247565554,0.047761884631879505,-0.11098794148395434,-0.4683990233715852,-0.6075302209550243,-0.8902810301600532,0.0,1.0,0.0,0.0,1.0,0.0,0.0,1.0,0.0,1.0,0.0,0.0,0.0,0.0,1.0,0.0,0.0,0.0,0.0,1.0,1
0.08768420832558087,-0.8006512758937261,-0.8006504188533533,-0.5831866525803752,-0.2417875782389234,-0.9166579441269566,-0.6687333484822664,-0.9278000142320425,1.929561380295722,1.3579391942323134,-0.16314925699524566,0.022827718722052668,1.0,0.0,0.0,0.0,1.0,0.0,0.0,1.0,1.0,0.0,0.0,0.0,0.0,0.0,1.0,0.0,0.0,0.0,1.0,0.0,1
0.30862079623255684,0.25328565454322577,0.25328649016722005,-0.5831866525803752,1.4378118823112542,-0.8185978119270593,1.5432176378149278,-0.9278000142320425,-0.1539816873237206,1.3579391942323134,2.1803523439866717,-0.8902810301600532,1.0,0.0,0.0,0.0,1.0,0.0,1.0,0.0,0.0,1.0,0.0,0.0,0.0,1.0,0.0,0.0,0.0,0.0,1.0,0.0,1
1.04507608925581,-0.9214148825062934,-0.9214157795734758,-0.5831866525803752,-0.5502854383399765,1.7309656252702699,0.6457975233743518,1.0233237834958013,0.35202162909814405,0.10972482401808159,-1.0342243803790905,0.022827718722052668,0.0,1.0,1.0,0.0,0.0,0.0,0.0,1.0,1.0,0.0,0.0,0.0,0.0,1.0,0.0,0.0,0.0,0.0,0.0,1.0,1
0.8241395013488341,-0.9060449689374213,-0.9060441097554106,-0.25622537002529444,-0.2532134249093328,0.26006364227181084,-0.45385810981339614,0.047761884631879505,0.1998899130497403,0.04974655743010472,-0.19631201549970675,-0.8902810301600532,0.0,1.0,0.0,1.0,0.0,1.0,0.0,0.0,0.0,0.0,1.0,0.0,0.0,1.0,0.0,0.0,1.0,0.0,0.0,0.0,0
-1.6061629656279013,-0.6337779285745421,-0.6337779532058534,-0.2956862144715973,0.1809687485662233,-0.8185978119270593,1.8971297956224789,0.047761884631879505,0.35202162909814405,1.3579391942323134,0.7189801192234194,-0.8902810301600532,1.0,0.0,0.0,1.0,0.0,1.0,0.0,0.0,0.0,1.0,0.0,0.0,0.0,0.0,1.0,0.0,0.0,0.0,1.0,0.0,1
-1.3115808484186,0.10617362466973458,0.10617270672158327,0.19475570936102382,2.031955909172541,-0.8185978119270593,-2.1349408593992636,-0.9278000142320425,0.5934480480445239,1.3579391942323134,0.2266973929794192,0.022827718722052668,1.0,0.0,0.0,1.0,0.0,1.0,0.0,0.0,0.0,1.0,0.0,0.0,1.0,0.0,0.0,0.0,0.0,0.0,0.0,1.0,0
-0.2068979088837204,-0.8182168914010086,-0.8182169122844537,0.9219626998714621,-1.0644485385083982,0.26006364227181084,-1.1616824254284983,-0.9278000142320425,-0.5442326111000607,-1.1281599558393318,-0.6524841824832938,0.022827718722052668,0.0,1.0,0.0,1.0,0.0,1.0,0.0,0.0,0.0,1.0,0.0,0.0,1.0,0.0,0.0,0.0,0.0,0.0,1.0,0.0,1
1.1187216185581352,-0.855543824353984,-0.8555447227596898,2.3087295189843906,0.5237441486785045,0.7503643032712972,-0.6055347488737751,-0.9278000142320425,1.225125390767244,-0.995874556753627,0.29081205942137733,-0.8902810301600532,0.0,1.0,0.0,1.0,0.0,1.0,0.0,0.0,0.0,0.0,1.0,0.0,1.0,0.0,0.0,0.0,0.0,0.0,1.0,0.0,1
0.6768484427441834,0.46626874256902645,0.46626869558437,-0.3971569573335189,0.5694475353601419,1.7309656252702699,0.48148116439227456,-0.9278000142320425,-0.6401417364349239,-1.1934696239017957,0.5457968248112337,-0.8902810301600532,0.0,1.0,0.0,1.0,0.0,0.0,0.0,1.0,0.0,1.0,0.0,0.0,0.0,0.0,1.0,0.0,0.0,0.0,1.0,0.0,1
-0.42783449679069635,-0.5679068704222325,-0.5679068963920676,-0.5831866525803752,0.05528443519172023,-0.23023701872767557,-0.7192922281690595,0.047761884631879505,0.47438844418055576,0.3439732763033472,0.7219279199793716,-0.8902810301600532,0.0,1.0,0.0,0.0,1.0,1.0,0.0,0.0,0.0,0.0,0.0,1.0,0.0,0.0,1.0,0.0,0.0,0.0,1.0,0.0,0
1.5605947943720873,-0.8006512758937261,-0.8006504188533533,-0.5831866525803752,1.6663288157194416,0.7503643032712972,-0.22634315122282758,1.9988856823597234,1.5856114135775918,1.3579391942323134,2.7647538438541748,0.022827718722052668,1.0,0.0,0.0,0.0,1.0,1.0,0.0,0.0,1.0,0.0,0.0,0.0,0.0,0.0,1.0,0.0,1.0,0.0,0.0,0.0,1
-0.2068979088837204,-0.7479544293718785,-0.7479535734023246,1.0290707062257125,-1.9442387321299197,1.7309656252702699,0.6837166831394467,0.047761884631879505,-0.05807256198885739,-1.2591125045564147,-1.2700484408552581,-0.8902810301600532,0.0,1.0,0.0,1.0,0.0,1.0,0.0,0.0,0.0,1.0,0.0,0.0,0.0,1.0,0.0,0.0,0.0,0.0,0.0,1.0,1
-1.3115808484186,-0.8731094398612665,-0.8731085813485178,1.423679150688741,0.4209115286448201,-0.9166579441269566,0.5699592038441623,-0.9278000142320425,-0.44170906332831034,1.3579391942323134,-0.6355343281365693,0.9359364676041585,1.0,0.0,0.0,1.0,0.0,1.0,0.0,0.0,0.0,1.0,0.0,0.0,0.0,0.0,1.0,0.0,0.0,0.0,0.0,1.0,0
-0.2805434381860457,-0.5327756394076675,-0.5327765443721393,0.4653443569928148,0.10098782187335771,-0.9166579441269566,0.4435620046271798,1.0233237834958013,0.13043847746242554,1.3579391942323134,-1.1057085487109288,-0.8902810301600532,1.0,0.0,0.0,1.0,0.0,1.0,0.0,0.0,0.0,1.0,0.0,0.0,1.0,0.0,0.0,0.0,0.0,0.0,0.0,1.0,0
-1.1642897898139495,-0.5722982742990532,-0.5722991784604108,-0.13220557319405693,-0.6873955983848888,0.7503643032712972,0.49412088431397283,0.047761884631879505,0.8282600445540167,-0.811941205883831,-0.3164348963047547,1.8490452164862643,0.0,1.0,0.0,1.0,0.0,1.0,0.0,0.0,1.0,0.0,0.0,0.0,0.0,0.0,1.0,0.0,1.0,0.0,0.0,0.0,1
0.4559118548372074,-0.1858547331388375,-0.18585476687210972,-0.5831866525803752,-1.612889178688048,-1.0147180763268537,0.039090967132835726,-0.9278000142320425,-0.6798282710562467,-0.352107828709341,-1.0504372845368268,1.8490452164862643,0.0,1.0,0.0,1.0,0.0,1.0,0.0,0.0,0.0,1.0,0.0,0.0,0.0,1.0,0.0,0.0,0.0,0.0,1.0,0.0,1
-1.4588719070232508,0.25987276035845674,0.2598735958485986,-0.5831866525803752,-1.2358362385645387,1.7309656252702699,-1.3259987844105756,-0.9278000142320425,-0.7426652842066743,-1.3077615430111071,-0.6347973779475812,1.8490452164862643,1.0,0.0,0.0,0.0,1.0,1.0,0.0,0.0,0.0,1.0,0.0,0.0,0.0,0.0,1.0,0.0,0.0,0.0,1.0,0.0,1
-1.1642897898139495,1.0327598426788882,1.0327597841829281,-0.5211767541647565,0.08956197520294834,-1.112778208526751,-0.21370343130112934,-0.9278000142320425,-0.021693238585978224,1.3579391942323134,0.6563393531594374,-0.8902810301600532,0.0,1.0,0.0,1.0,0.0,1.0,0.0,0.0,1.0,0.0,0.0,0.0,0.0,0.0,1.0,0.0,1.0,0.0,0.0,0.0,1
0.16132973762790617,-0.6842790731579793,-0.6842799750438467,0.4822561474698017,-1.9442387321299197,-0.720537679727162,-2.097021699634169,1.0233237834958013,1.741050340844439,-0.9075732198324387,-1.2781548929341264,-0.8902810301600532,1.0,0.0,0.0,1.0,0.0,1.0,0.0,0.0,0.0,1.0,0.0,0.0,0.0,0.0,1.0,0.0,0.0,1.0,0.0,0.0,1
1.1187216185581352,0.5958151569352351,0.5958159855989064,-0.12093104620939897,0.44376322198563883,0.26006364227181084,-0.4664978297350944,1.0233237834958013,1.155673955179929,-0.7599600415075842,-1.0430677826469468,0.9359364676041585,1.0,0.0,0.0,1.0,0.0,1.0,0.0,0.0,0.0,1.0,0.0,0.0,1.0,0.0,0.0,0.0,0.0,0.0,0.0,1.0,1
1.7078858529767378,0.0073670374412703405,0.007366121500904516,-0.1660291541480308,-1.0415968451675794,0.7503643032712972,-0.7066525082473611,-0.9278000142320425,-0.9410979573132878,-1.274107071203409,-0.4800378382600961,-0.8902810301600532,0.0,1.0,0.0,1.0,0.0,0.0,1.0,0.0,0.0,1.0,0.0,0.0,0.0,0.0,1.0,0.0,0.0,0.0,1.0,0.0,1
1.04507608925581,3.6061225144957785,3.6061232819889186,-0.5831866525803752,0.2609496752590889,1.7309656252702699,-0.44121838989169787,-0.9278000142320425,-0.6699066374009159,-1.3077615430111071,-0.5397308035681261,-0.8902810301600532,1.0,0.0,0.0,0.0,1.0,0.0,1.0,0.0,0.0,1.0,0.0,0.0,1.0,0.0,0.0,0.0,0.0,0.0,0.0,1.0,1
1.7078858529767378,0.885647812805397,0.8856486355795641,-0.5831866525803752,-1.647166718699276,0.7503643032712972,-1.2501604648803861,-0.9278000142320425,-0.8782609441628603,-1.3077615430111071,-0.932525254298743,0.9359364676041585,1.0,0.0,1.0,0.0,0.0,1.0,0.0,0.0,0.0,1.0,0.0,0.0,0.0,0.0,1.0,0.0,1.0,0.0,0.0,0.0,1
1.1187216185581352,-0.9653289212744999,-0.9653280608878179,0.020000541098825486,0.8665195487907855,-0.9166579441269566,-0.09994595200584505,0.047761884631879505,-0.6434489476533675,1.3579391942323134,1.0469229533230904,0.022827718722052668,0.0,1.0,0.0,1.0,0.0,1.0,0.0,0.0,0.0,0.0,1.0,0.0,0.0,1.0,0.0,0.0,1.0,0.0,0.0,0.0,0
0.16132973762790617,1.2369601229510476,1.2369600603056643,-0.3069607414562553,1.2092949489030667,0.26006364227181084,0.9238713616517135,-0.9278000142320425,-0.17382495463438197,-0.9765482264086123,-0.5810000141514554,-0.8902810301600532,0.0,1.0,0.0,1.0,0.0,0.0,1.0,0.0,0.0,0.0,0.0,1.0,0.0,1.0,0.0,0.0,0.0,0.0,0.0,1.0,1
0.3822663255348821,-0.8533481224155737,-0.853347264304382,-0.5831866525803752,2.111936835865407,0.26006364227181084,0.7595550026696362,-0.9278000142320425,-0.1142951527023979,1.3579391942323134,2.9674151458258815,0.022827718722052668,0.0,1.0,0.0,0.0,1.0,1.0,0.0,0.0,0.0,1.0,0.0,0.0,0.0,1.0,0.0,1.0,0.0,0.0,0.0,0.0,1
-1.6798084949302268,-0.9214148825062934,-0.9214157795734758,-0.17730368113268877,0.512318302008095,1.7309656252702699,0.9112316417300151,0.047761884631879505,-0.17051774341593842,-0.3037920028468039,-0.47635308731515597,-0.8902810301600532,1.0,0.0,0.0,1.0,0.0,1.0,0.0,0.0,0.0,1.0,0.0,0.0,0.0,1.0,0.0,0.0,0.0,1.0,0.0,0.0,1
-1.6061629656279013,-0.9060449689374213,-0.9060441097554106,3.6898590746049904,-1.39579809195027,0.7503643032712972,0.1275690065847235,-0.9278000142320425,0.13043847746242554,-1.3077615430111071,-0.962740212047252,0.022827718722052668,0.0,1.0,0.0,1.0,0.0,0.0,1.0,0.0,0.0,0.0,1.0,0.0,0.0,0.0,1.0,0.0,0.0,0.0,1.0,0.0,1
-1.4588719070232508,-0.43836045605602386,-0.43835960637753124,1.5138753665660047,-1.155855311871673,0.7503643032712972,0.49412088431397283,-0.9278000142320425,-0.5541542447553913,-1.3077615430111071,-1.0069572233865336,-0.8902810301600532,1.0,0.0,0.0,1.0,0.0,0.0,1.0,0.0,0.0,1.0,0.0,0.0,1.0,0.0,0.0,0.0,0.0,0.0,0.0,1.0,1
-1.016998731209299,-0.7259974099877753,-0.7259974327451536,-0.5831866525803752,1.9634008291500853,-0.23023701872767557,-0.17578427153603457,-0.9278000142320425,0.1998899130497403,1.3579391942323134,-0.8300891780294076,0.9359364676041585,0.0,1.0,0.0,0.0,1.0,1.0,0.0,0.0,0.0,1.0,0.0,0.0,1.0,0.0,0.0,0.0,0.0,0.0,0.0,1.0,0
1.1187216185581352,-0.8840879495533182,-0.8840879690982396,-0.5831866525803752,-0.08182572485319223,0.26006364227181084,-0.6181744687954734,0.047761884631879505,-0.46155233063897166,0.4575987702283479,0.36671792888714383,0.9359364676041585,0.0,1.0,0.0,0.0,1.0,1.0,0.0,0.0,0.0,1.0,0.0,0.0,0.0,0.0,1.0,0.0,0.0,0.0,1.0,0.0,1
1.6342403236744125,1.1315664299073522,1.1315663694036069,-0.5831866525803752,-0.2417875782389234,0.26006364227181084,-0.8077702676209472,-0.9278000142320425,-0.6401417364349239,-1.1748097187410915,-0.810191522926731,-0.8902810301600532,1.0,0.0,0.0,0.0,1.0,1.0,0.0,0.0,0.0,1.0,0.0,0.0,0.0,1.0,0.0,0.0,0.0,1.0,0.0,0.0,1
-1.016998731209299,-0.8313911030314706,-0.8313911236472109,-0.5831866525803752,0.24952382858867955,1.7309656252702699,0.039090967132835726,1.0233237834958013,-0.7790446076095534,0.15470852395906434,0.29744461112226955,0.9359364676041585,1.0,0.0,1.0,0.0,0.0,1.0,0.0,0.0,0.0,0.0,1.0,0.0,0.0,1.0,0.0,0.0,0.0,0.0,1.0,0.0,1
-0.2068979088837204,-0.35492378239643185,-0.3549246909749176,-0.5831866525803752,-1.121577771860445,-0.23023701872767557,1.252504079615868,-0.9278000142320425,-0.15728889854216418,-0.9302316760990078,-1.018748426410342,0.9359364676041585,0.0,1.0,0.0,0.0,1.0,1.0,0.0,0.0,0.0,0.0,1.0,0.0,0.0,1.0,0.0,0.0,0.0,0.0,0.0,1.0,1
0.16132973762790617,0.19839310608296787,0.19839218626088342,-0.5831866525803752,0.07813612853253897,-0.720537679727162,-0.5676155891086804,-0.9278000142320425,-0.2697340799692452,0.17836661800209974,1.1471481790254616,0.9359364676041585,1.0,0.0,0.0,0.0,1.0,1.0,0.0,0.0,0.0,1.0,0.0,0.0,1.0,0.0,0.0,0.0,1.0,0.0,0.0,0.0,1
1.1923671478604605,0.19180600026773692,0.19180508057950485,0.7359330046246058,0.22667213524786078,-0.720537679727162,-0.2516225910662241,-0.9278000142320425,1.833652254960859,-0.1211915023456297,0.5870660353945631,0.9359364676041585,0.0,1.0,0.0,1.0,0.0,1.0,0.0,0.0,0.0,1.0,0.0,0.0,1.0,0.0,0.0,0.0,0.0,0.0,1.0,0.0,1
0.7504939720465087,1.379680748947718,1.3796815616829579,-0.5831866525803752,0.5351699953489139,1.7309656252702699,0.5952386436875589,-0.9278000142320425,0.7786518762773632,-1.2791052600857404,-0.8831495916365454,-0.8902810301600532,1.0,0.0,0.0,0.0,1.0,0.0,1.0,0.0,0.0,1.0,0.0,0.0,0.0,0.0,1.0,0.0,0.0,0.0,0.0,1.0,1
0.6768484427441834,1.135957833784173,1.1359586514719502,-0.1434801001787149,-0.49315620498792956,-0.9166579441269566,-1.5282343031577477,1.9988856823597234,-0.8881825778181909,0.020090636728271646,-0.21694662079137142,-0.8902810301600532,1.0,0.0,0.0,1.0,0.0,1.0,0.0,0.0,0.0,1.0,0.0,0.0,0.0,1.0,0.0,0.0,1.0,0.0,0.0,0.0,1
0.16132973762790617,-0.07167823234150104,-0.07167914667563849,-0.4591668557491377,0.1809687485662233,1.7309656252702699,-2.1349408593992636,-0.9278000142320425,-0.19366822194504335,-1.140822034341238,1.127987474111773,1.8490452164862643,1.0,0.0,0.0,1.0,0.0,0.0,0.0,1.0,0.0,0.0,1.0,0.0,0.0,1.0,0.0,0.0,0.0,0.0,1.0,0.0,1
0.4559118548372074,1.0064114194179643,1.006411361457414,1.457502731642715,1.8262906691051728,-0.720537679727162,-0.5170567094218874,1.0233237834958013,-0.5541542447553913,0.2140203653627305,1.6195332501667852,-0.8902810301600532,0.0,1.0,0.0,1.0,0.0,0.0,1.0,0.0,0.0,0.0,1.0,0.0,0.0,1.0,0.0,0.0,1.0,0.0,0.0,0.0,1
-0.35418896748837103,0.05347677814788698,0.0534758612705546,0.24549108079198462,-0.08182572485319223,-0.8185978119270593,-1.502954863314351,0.047761884631879505,0.23626923645261944,0.39528801549528303,-0.718072749303228,0.022827718722052668,0.0,1.0,0.0,1.0,0.0,0.0,0.0,1.0,0.0,1.0,0.0,0.0,0.0,1.0,0.0,0.0,0.0,0.0,0.0,1.0,0
-0.05960685027906976,-0.9609375173976792,-0.9609384136617473,-0.5831866525803752,0.04385858852131086,-0.23023701872767557,-0.31482119067471537,-0.9278000142320425,0.6364417938842902,1.2386490862406703,-0.6930164428776351,0.9359364676041585,1.0,0.0,0.0,0.0,1.0,1.0,0.0,0.0,1.0,0.0,0.0,0.0,0.0,1.0,0.0,0.0,0.0,0.0,0.0,1.0,0
-0.5014800260930217,-0.9214148825062934,-0.9214157795734758,2.1001507697682187,0.5351699953489139,0.7503643032712972,0.17812788627151652,-0.9278000142320425,-0.7195148056775693,-0.9492247938518672,-0.8359847795413119,0.022827718722052668,1.0,0.0,0.0,1.0,0.0,0.0,0.0,1.0,1.0,0.0,0.0,0.0,0.0,0.0,1.0,0.0,0.0,0.0,0.0,1.0,1
-0.35418896748837103,-0.6118209091904389,-0.6118218125486823,-0.5831866525803752,1.5177928090041197,0.7503643032712972,-0.8077702676209472,0.047761884631879505,-0.2961917697167937,0.1916951216883168,1.7625015868304619,0.9359364676041585,1.0,0.0,0.0,0.0,1.0,0.0,1.0,0.0,0.0,1.0,0.0,0.0,0.0,0.0,1.0,1.0,0.0,0.0,0.0,0.0,1
-0.05960685027906976,0.8000154372073945,0.8000162617216424,-0.5831866525803752,0.7408352354162825,1.7309656252702699,-0.7066525082473611,-0.9278000142320425,0.5934480480445239,-1.2097970409174117,0.3328182201936947,-0.8902810301600532,1.0,0.0,0.0,0.0,1.0,1.0,0.0,0.0,0.0,1.0,0.0,0.0,1.0,0.0,0.0,0.0,1.0,0.0,0.0,0.0,1
-0.2068979088837204,-0.7589329390639301,-0.7589329611520464,0.16093212840704996,-0.7788023717481638,-0.8185978119270593,1.9603283952309702,0.047761884631879505,-0.7724301851726663,0.8654509830265913,-0.016496169386628807,-0.8902810301600532,0.0,1.0,0.0,1.0,0.0,1.0,0.0,0.0,0.0,1.0,0.0,0.0,0.0,0.0,1.0,0.0,0.0,0.0,1.0,0.0,1
0.6768484427441834,-0.8467610166003428,-0.8467601586230034,2.703337963447419,-0.84735745177062,0.26006364227181084,1.3157026792243594,0.047761884631879505,-0.8154239310124326,-1.0615174374082463,-1.080652242285336,-0.8902810301600532,0.0,1.0,0.0,1.0,0.0,0.0,0.0,1.0,0.0,1.0,0.0,0.0,0.0,1.0,0.0,0.0,0.0,0.0,0.0,1.0,1
-0.7224166139999976,0.872473601174935,0.8724744242168069,1.451865468150386,1.5977737356969852,-0.9166579441269566,-0.9847263465247228,0.047761884631879505,0.06429425309355433,1.1093626004843644,1.1419895277025454,-0.8902810301600532,0.0,1.0,0.0,1.0,0.0,0.0,1.0,0.0,0.0,0.0,1.0,0.0,1.0,0.0,0.0,1.0,0.0,0.0,0.0,0.0,1
1.3396582064651112,0.18082749057568534,0.18082832767205562,-0.5831866525803752,1.1978691022326573,1.7309656252702699,0.6710769632177483,0.047761884631879505,0.35202162909814405,-0.8892465272638902,1.281273113421282,0.022827718722052668,1.0,0.0,0.0,0.0,1.0,0.0,1.0,0.0,0.0,1.0,0.0,0.0,0.0,0.0,1.0,0.0,0.0,0.0,1.0,0.0,1
0.8241395013488341,-0.8467610166003428,-0.8467601586230034,-0.29004895097926836,0.6951318487346451,0.7503643032712972,0.11492928666302524,0.047761884631879505,-0.08122304051796231,0.10572627291221653,0.3232378677368504,0.022827718722052668,0.0,1.0,0.0,1.0,0.0,1.0,0.0,0.0,0.0,1.0,0.0,0.0,0.0,0.0,1.0,1.0,0.0,0.0,0.0,0.0,1
0.08768420832558087,-0.9785031329049617,-0.9785022722505751,1.9986800269062968,-1.9442387321299197,-0.9166579441269566,-0.13786511177093982,0.047761884631879505,0.0014572399431266936,-1.1324917195373523,-1.1808774679877072,-0.8902810301600532,1.0,0.0,0.0,1.0,0.0,1.0,0.0,0.0,0.0,1.0,0.0,0.0,0.0,0.0,1.0,0.0,0.0,0.0,1.0,0.0,1
1.6342403236744125,0.4157675979855892,0.41576667374637666,0.673923106208987,-0.21893588489810467,-0.9166579441269566,-0.7572113879341542,0.047761884631879505,3.6526184251048166,0.29898957636236445,-0.7335487032719765,0.022827718722052668,1.0,0.0,0.0,1.0,0.0,1.0,0.0,0.0,0.0,1.0,0.0,0.0,0.0,0.0,1.0,0.0,0.0,0.0,0.0,1.0,1
-1.016998731209299,0.4618773386922058,0.46187641351602676,-0.5831866525803752,-0.8245057584298013,-0.8185978119270593,1.1387466003205837,0.047761884631879505,0.074215886748885,-0.3077905539526692,-0.09240203885239531,1.8490452164862643,1.0,0.0,0.0,0.0,1.0,1.0,0.0,0.0,0.0,0.0,1.0,0.0,0.0,1.0,0.0,0.0,0.0,0.0,1.0,0.0,1
-0.7960621433023229,-0.5657111684838222,-0.5657120727790322,-0.5831866525803752,-1.9442387321299197,0.26006364227181084,-1.1490427055068,-0.9278000142320425,-0.46155233063897166,-1.3077615430111071,-1.2000381729013958,-0.8902810301600532,0.0,1.0,0.0,0.0,1.0,1.0,0.0,0.0,0.0,1.0,0.0,0.0,0.0,1.0,0.0,1.0,0.0,0.0,0.0,0.0,1
-0.13325237958139508,0.30598250106507335,0.3059833356182487,-0.5831866525803752,-0.5388595916695671,0.26006364227181084,0.3677236850969903,1.0233237834958013,-0.3292638819012293,-0.8076094421858104,0.14858067294668864,0.022827718722052668,1.0,0.0,1.0,0.0,0.0,0.0,1.0,0.0,0.0,1.0,0.0,0.0,0.0,0.0,1.0,1.0,0.0,0.0,0.0,0.0,1
0.014038679023255554,-0.7062360925420825,-0.7062361157010179,-0.5719121255957172,0.6608543087234169,-0.720537679727162,0.01381152728943922,0.047761884631879505,-0.782351818827997,1.3579391942323134,1.0248144476534495,0.9359364676041585,1.0,0.0,0.0,1.0,0.0,0.0,1.0,0.0,0.0,0.0,1.0,0.0,0.0,0.0,1.0,0.0,0.0,0.0,1.0,0.0,1
-0.6487710846976723,2.958390442664735,2.9583894667585104,-0.33514705891790014,0.5808733820305513,0.7503643032712972,1.6696148370319104,-0.9278000142320425,1.5558465126116,-1.2871023622974709,-1.0003246716856413,0.9359364676041585,0.0,1.0,0.0,1.0,0.0,1.0,0.0,0.0,1.0,0.0,0.0,0.0,0.0,0.0,1.0,0.0,0.0,0.0,0.0,1.0,1
-0.6487710846976723,0.29061258749620117,0.2906116658001836,-0.5831866525803752,0.9007970888020137,-0.720537679727162,0.6457975233743518,-0.9278000142320425,-0.21681870047414825,0.6941797106587015,1.6173223995998212,0.9359364676041585,0.0,1.0,0.0,0.0,1.0,1.0,0.0,0.0,0.0,0.0,0.0,1.0,0.0,1.0,0.0,0.0,1.0,0.0,0.0,0.0,1
0.30862079623255684,-0.21439885833817163,-0.21439801321065938,1.1418159760722921,0.13526536188458582,-0.720537679727162,0.9870699612602047,1.0233237834958013,0.5669903582969754,0.26800080529190967,0.09699415971752694,0.9359364676041585,0.0,1.0,0.0,1.0,0.0,1.0,0.0,0.0,1.0,0.0,0.0,0.0,0.0,0.0,1.0,0.0,0.0,0.0,1.0,0.0,1
-0.5751255553953469,-0.28905272424412237,-0.2890536341611317,-0.5831866525803752,-0.1275291115348297,0.26006364227181084,-0.7698511078558524,1.9988856823597234,-0.5806119345029398,-0.09220200682810759,0.30628801339012585,0.022827718722052668,0.0,1.0,0.0,0.0,1.0,0.0,0.0,1.0,0.0,1.0,0.0,0.0,0.0,0.0,1.0,0.0,1.0,0.0,0.0,0.0,1
0.5295573841395328,-0.27807421455207076,-0.2780742464114099,-0.5831866525803752,1.5863478890265759,0.26006364227181084,0.5573194839224641,0.047761884631879505,0.6926643845978308,0.0687396751829641,0.035090343842532894,0.022827718722052668,0.0,1.0,1.0,0.0,0.0,1.0,0.0,0.0,0.0,1.0,0.0,0.0,0.0,0.0,1.0,0.0,0.0,0.0,0.0,1.0,0
-0.13325237958139508,-0.7238017080493651,-0.7238026091321182,-0.2956862144715973,0.05528443519172023,-0.8185978119270593,-1.2501604648803861,0.047761884631879505,0.9870061830393075,1.3579391942323134,0.45588890175469476,-0.8902810301600532,0.0,1.0,0.0,1.0,0.0,0.0,1.0,0.0,0.0,1.0,0.0,0.0,0.0,0.0,1.0,0.0,0.0,0.0,1.0,0.0,0
1.7078858529767378,-0.6886704770348,-0.6886696222699173,0.14402033793006302,-0.2760651182501515,-0.720537679727162,-0.8077702676209472,1.0233237834958013,0.004764451161570253,1.1969975122212417,-0.6193214239788327,-0.8902810301600532,0.0,1.0,0.0,1.0,0.0,1.0,0.0,0.0,0.0,1.0,0.0,0.0,0.0,0.0,1.0,0.0,0.0,0.0,0.0,1.0,0
-1.6061629656279013,0.8571036876060628,0.8571027543987417,0.5329915189007626,-0.6188405183624327,-0.8185978119270593,0.0011718073677409672,-0.9278000142320425,0.12713126624398197,-0.6360049572257652,0.0011906351490837768,0.9359364676041585,0.0,1.0,0.0,1.0,0.0,0.0,0.0,1.0,0.0,0.0,1.0,0.0,0.0,0.0,1.0,0.0,0.0,0.0,1.0,0.0,1
-1.2379353191162747,2.1964818700363558,2.1964826661739023,-0.5493630716264013,0.512318302008095,-0.8185978119270593,1.4926587581281348,0.047761884631879505,-0.9377907460948444,-0.28013390880376854,0.41609359154934145,1.8490452164862643,1.0,0.0,0.0,1.0,0.0,1.0,0.0,0.0,1.0,0.0,0.0,0.0,0.0,0.0,1.0,1.0,0.0,0.0,0.0,0.0,1
0.8977850306511593,-0.7523458332486991,-0.7523458554706679,0.7133839506552898,0.4894666086672763,-0.23023701872767557,0.16548816634981825,-0.9278000142320425,-0.8914897890366345,-0.1258564786358057,-0.35033460499820385,0.9359364676041585,0.0,1.0,0.0,1.0,0.0,1.0,0.0,0.0,0.0,0.0,1.0,0.0,0.0,0.0,1.0,0.0,0.0,0.0,0.0,1.0,0
-0.2068979088837204,-0.5569283607301809,-0.5569275086423457,-0.5831866525803752,-0.15038080487564845,0.26006364227181084,-0.0620267922407503,0.047761884631879505,0.2792629822923857,-0.2771349954743698,-0.6517472322943058,-0.8902810301600532,1.0,0.0,0.0,0.0,1.0,0.0,1.0,0.0,0.0,1.0,0.0,0.0,0.0,1.0,0.0,0.0,0.0,1.0,0.0,0.0,1
0.6768484427441834,0.2774383758657393,0.27743745443742646,0.5837268903317233,-0.9616159184747138,-0.720537679727162,0.08964984681962873,0.047761884631879505,-0.7724301851726663,-0.7123106408293581,-1.085073943419264,0.9359364676041585,0.0,1.0,0.0,1.0,0.0,1.0,0.0,0.0,0.0,1.0,0.0,0.0,1.0,0.0,0.0,0.0,0.0,1.0,0.0,0.0,1
-0.05960685027906976,-0.7435630254950578,-0.743563926176254,0.15529486491472097,-0.5617112850103858,1.7309656252702699,-0.02410763247565554,-0.9278000142320425,-0.43840185210986676,-1.1551501758039215,-0.8905190935264257,-0.8902810301600532,1.0,0.0,0.0,1.0,0.0,1.0,0.0,0.0,0.0,0.0,0.0,1.0,0.0,1.0,0.0,0.0,0.0,0.0,0.0,1.0,1
0.6768484427441834,-0.34174957076596996,-0.3417504796121604,-0.5831866525803752,1.7234580490714884,0.7503643032712972,-1.7810287015917128,-0.9278000142320425,1.2482758692963487,-0.3887612138464381,0.8169944943588267,0.022827718722052668,1.0,0.0,0.0,0.0,1.0,1.0,0.0,0.0,0.0,1.0,0.0,0.0,0.0,0.0,1.0,0.0,1.0,0.0,0.0,0.0,1
-1.3852263777209255,-0.5042315142083333,-0.504230663191317,0.2793146617459585,1.6891805090602603,-0.720537679727162,0.7216358429045414,0.047761884631879505,-0.9444051685317314,1.3579391942323134,0.9577519804555393,0.022827718722052668,0.0,1.0,0.0,1.0,0.0,0.0,1.0,0.0,0.0,0.0,1.0,0.0,0.0,0.0,1.0,0.0,0.0,0.0,1.0,0.0,0
-0.13325237958139508,-0.13974499243222085,-0.13974502710245965,-0.1942154716096757,-1.8756836521074636,-0.720537679727162,0.4435620046271798,1.0233237834958013,-0.7029787495853516,-0.9562222582871311,-1.207407674791276,-0.8902810301600532,0.0,1.0,0.0,1.0,0.0,1.0,0.0,0.0,0.0,0.0,1.0,0.0,0.0,0.0,1.0,1.0,0.0,0.0,0.0,0.0,1
-0.2805434381860457,1.2084159977517135,1.2084168139671145,-0.5831866525803752,-1.681444258710504,-0.9166579441269566,1.9224092354658755,0.047761884631879505,1.486395077024285,-1.0735130907258417,-1.0939173456871203,0.9359364676041585,1.0,0.0,0.0,0.0,1.0,0.0,0.0,1.0,0.0,1.0,0.0,0.0,0.0,1.0,0.0,1.0,0.0,0.0,0.0,0.0,1
0.30862079623255684,-0.07387393427991136,-0.0738739702886738,-0.5831866525803752,-0.3788977382838359,-0.23023701872767557,-0.7824908277775507,1.0233237834958013,-0.14075284244994637,-0.3161208687565549,-0.1683079083181618,-0.8902810301600532,0.0,1.0,0.0,0.0,1.0,1.0,0.0,0.0,0.0,0.0,1.0,0.0,1.0,0.0,0.0,0.0,1.0,0.0,0.0,0.0,1
-1.3115808484186,-0.8643266321076253,-0.8643266520541039,-0.1942154716096757,-0.813079911759392,1.7309656252702699,-0.6308141887171717,0.047761884631879505,-0.5508470335369477,-0.7632921674291386,-0.9583185109133239,-0.8902810301600532,0.0,1.0,0.0,1.0,0.0,0.0,1.0,0.0,0.0,1.0,0.0,0.0,0.0,0.0,1.0,0.0,0.0,0.0,0.0,1.0,0
-1.6061629656279013,-0.10241805947924548,-0.10241721662722347,-0.5831866525803752,0.4666149153264576,-0.8185978119270593,0.7342755628262396,1.0233237834958013,-0.4880100203865202,1.3579391942323134,-0.3952885665264733,0.022827718722052668,0.0,1.0,0.0,0.0,1.0,1.0,0.0,0.0,0.0,1.0,0.0,0.0,0.0,0.0,1.0,0.0,0.0,0.0,0.0,1.0,0
0.8977850306511593,0.28622118361938054,0.28622201857411295,-0.5831866525803752,0.009581048510082747,-0.720537679727162,-0.15050483169263806,-0.9278000142320425,1.2482758692963487,0.04474836854777335,0.6047528399302757,-0.8902810301600532,1.0,0.0,0.0,0.0,1.0,1.0,0.0,0.0,0.0,1.0,0.0,0.0,0.0,1.0,0.0,0.0,0.0,0.0,1.0,0.0,1
0.2349752669302315,2.1525678312681493,2.1525677500172873,-0.5831866525803752,-0.39032358495424524,1.7309656252702699,0.039090967132835726,1.0233237834958013,-0.36564320530410843,-1.2297897964467372,0.054251048756221526,0.9359364676041585,0.0,1.0,1.0,0.0,0.0,1.0,0.0,0.0,0.0,1.0,0.0,0.0,0.0,1.0,0.0,0.0,0.0,0.0,1.0,0.0,1
1.4133037357674365,-0.5108186200235644,-0.5108177688726956,-0.374607903364203,1.677754662389851,-0.720537679727162,0.21604704603661126,-0.9278000142320425,1.8568027334899637,1.3579391942323134,1.856094260831941,0.022827718722052668,1.0,0.0,0.0,1.0,0.0,0.0,0.0,1.0,0.0,1.0,0.0,0.0,0.0,1.0,0.0,1.0,0.0,0.0,0.0,0.0,1
-1.6798084949302268,-0.7699114487559816,-0.7699123489017683,1.8633857030904013,-1.430075631961498,0.7503643032712972,0.14020872650642174,1.0233237834958013,-0.7062859608037951,-1.0305286663377915,-0.808717622548755,1.8490452164862643,0.0,1.0,0.0,1.0,0.0,0.0,1.0,0.0,0.0,0.0,1.0,0.0,0.0,1.0,0.0,0.0,0.0,0.0,1.0,0.0,1
1.4133037357674365,-0.6206037169440801,-0.6206037418430962,-0.5831866525803752,1.037907248846926,-0.720537679727162,-0.8077702676209472,-0.9278000142320425,1.5062383443349465,1.3579391942323134,-0.5596284586708027,-0.8902810301600532,1.0,0.0,0.0,0.0,1.0,1.0,0.0,0.0,0.0,1.0,0.0,0.0,0.0,0.0,1.0,0.0,0.0,0.0,0.0,1.0,0
0.4559118548372074,0.2027845099597885,0.2027844683292267,0.8994136459021461,0.11241366854376708,0.7503643032712972,0.3930031249403868,1.0233237834958013,-0.48139559794963305,-0.9282324005460753,-0.78071351536721,-0.8902810301600532,1.0,0.0,0.0,1.0,0.0,0.0,1.0,0.0,0.0,1.0,0.0,0.0,0.0,1.0,0.0,0.0,0.0,0.0,0.0,1.0,1
0.8241395013488341,-0.9214148825062934,-0.9214157795734758,1.203825874487911,-0.9730417651451232,-1.112778208526751,0.48148116439227456,-0.9278000142320425,0.37517210762724895,1.3579391942323134,-1.1668754143969349,0.9359364676041585,0.0,1.0,0.0,1.0,0.0,0.0,1.0,0.0,0.0,0.0,1.0,0.0,0.0,1.0,0.0,0.0,0.0,0.0,0.0,1.0,0
-1.0906442605116242,-0.43836045605602386,-0.43835960637753124,-0.5831866525803752,0.6494284620530075,1.7309656252702699,1.100827440555489,0.047761884631879505,1.1424451103061548,-0.6486670357276715,1.586370491662324,-0.8902810301600532,0.0,1.0,0.0,0.0,1.0,0.0,1.0,0.0,0.0,1.0,0.0,0.0,0.0,1.0,0.0,0.0,0.0,0.0,1.0,0.0,1
-1.532517436325576,-0.8753051417996769,-0.8753060398038256,-0.06455841128610919,-1.5329082519951824,-0.9166579441269566,0.15284844642812,1.0233237834958013,-0.8683393105075295,0.6288700425962377,-1.0290657290561742,0.022827718722052668,0.0,1.0,0.0,1.0,0.0,1.0,0.0,0.0,0.0,1.0,0.0,0.0,0.0,0.0,1.0,1.0,0.0,0.0,0.0,0.0,1
-0.13325237958139508,-0.7874770642632642,-0.7874762074905961,-0.5831866525803752,-0.7788023717481638,0.26006364227181084,0.22868676595830953,-0.9278000142320425,-0.7195148056775693,-0.6586634134923344,0.17658478012823356,-0.8902810301600532,1.0,0.0,1.0,0.0,0.0,1.0,0.0,0.0,0.0,1.0,0.0,0.0,1.0,0.0,0.0,1.0,0.0,0.0,0.0,0.0,1
0.6768484427441834,0.12373924017701711,0.12373920015268369,-0.5831866525803752,-1.9442387321299197,0.26006364227181084,-1.2754399047237825,-0.9278000142320425,0.008071662380013814,-1.3077615430111071,-1.210355475547228,0.9359364676041585,0.0,1.0,0.0,0.0,1.0,0.0,1.0,0.0,1.0,0.0,0.0,0.0,0.0,0.0,1.0,0.0,0.0,0.0,1.0,0.0,1
1.4133037357674365,-0.27807421455207076,-0.2780742464114099,1.2320121919495557,-1.1672811585420824,-0.8185978119270593,0.6331578034526536,0.047761884631879505,-0.7691229739542228,-0.5783591787828762,-0.777765714611258,-0.8902810301600532,1.0,0.0,0.0,1.0,0.0,1.0,0.0,0.0,0.0,1.0,0.0,0.0,0.0,0.0,1.0,0.0,0.0,0.0,1.0,0.0,1
-0.13325237958139508,-0.682083371219569,-0.6820825165885388,1.0910806046413313,0.5808733820305513,-0.23023701872767557,-0.8836085871511368,1.9988856823597234,-0.015078816149091106,0.2633358290017337,-0.9782161660160006,-0.8902810301600532,1.0,0.0,0.0,1.0,0.0,1.0,0.0,0.0,1.0,0.0,0.0,0.0,0.0,0.0,1.0,0.0,0.0,0.0,0.0,1.0,0
-0.9433532019069736,-0.20561605058453036,-0.20561608391624547,0.38078540460788013,1.5063669623337104,-0.720537679727162,0.43092228470548155,1.9988856823597234,-0.034922083459752465,1.3579391942323134,-0.568471860938659,-0.8902810301600532,0.0,1.0,0.0,1.0,0.0,1.0,0.0,0.0,1.0,0.0,0.0,0.0,0.0,0.0,1.0,0.0,0.0,0.0,0.0,1.0,0
0.08768420832558087,1.7990598191840885,1.7990588668358791,1.4913263125966887,1.403534342300026,-1.0147180763268537,0.7342755628262396,-0.9278000142320425,-0.9377907460948444,1.2529772277033533,1.6954391196325518,0.9359364676041585,1.0,0.0,0.0,1.0,0.0,0.0,0.0,1.0,0.0,0.0,1.0,0.0,0.0,0.0,1.0,0.0,0.0,0.0,1.0,0.0,1
1.1923671478604605,-0.508622918085154,-0.5086229452596603,-0.5831866525803752,0.5808733820305513,-0.720537679727162,0.9365110815734117,1.0233237834958013,-0.1969754331634869,1.3579391942323134,-0.39086686539254517,-0.8902810301600532,1.0,0.0,1.0,0.0,0.0,1.0,0.0,0.0,0.0,1.0,0.0,0.0,0.0,1.0,0.0,0.0,0.0,0.0,0.0,1.0,0
-0.2805434381860457,-0.7040403906036722,-0.7040412920879825,-0.5831866525803752,1.7691614357531258,1.7309656252702699,-0.5296964293435856,2.9744475812236453,0.19327549061285318,1.0093988228377362,0.014455738550868215,-0.8902810301600532,1.0,0.0,0.0,0.0,1.0,0.0,1.0,0.0,0.0,0.0,0.0,1.0,0.0,0.0,1.0,0.0,0.0,0.0,0.0,1.0,0
-1.1642897898139495,1.9703245703800931,1.9703236145517224,-0.5831866525803752,-1.0073193051563514,1.7309656252702699,1.100827440555489,0.047761884631879505,0.4710812329621122,-1.3077615430111071,-0.0916650886634073,-0.8902810301600532,0.0,1.0,0.0,0.0,1.0,1.0,0.0,0.0,0.0,1.0,0.0,0.0,0.0,0.0,1.0,0.0,0.0,0.0,1.0,0.0,1
-0.5751255553953469,-0.6601263518354659,-0.6601263759313677,1.7788267507054667,-1.5671857920064105,-0.8185978119270593,-0.22634315122282758,-0.9278000142320425,-0.4450162745467539,-1.016200524875108,-0.7836613161231621,0.022827718722052668,1.0,0.0,0.0,1.0,0.0,1.0,0.0,0.0,0.0,0.0,1.0,0.0,0.0,0.0,1.0,0.0,1.0,0.0,0.0,0.0,1
-0.7224166139999976,0.029324056825373503,0.0293248970003482,-0.5831866525803752,-0.1275291115348297,-1.112778208526751,1.3915409987545488,1.0233237834958013,-0.24989081265858384,1.3579391942323134,0.05867274989014967,-0.8902810301600532,1.0,0.0,0.0,0.0,1.0,1.0,0.0,0.0,0.0,1.0,0.0,0.0,0.0,0.0,1.0,0.0,1.0,0.0,0.0,0.0,1
-0.5751255553953469,-0.717214602234134,-0.7172155034507397,0.3864226681002091,0.21524628857745143,-0.720537679727162,-1.8315875812785056,0.047761884631879505,1.0233855064421866,1.3579391942323134,0.10436366160740718,1.8490452164862643,1.0,0.0,0.0,1.0,0.0,0.0,1.0,0.0,0.0,1.0,0.0,0.0,0.0,1.0,0.0,0.0,1.0,0.0,0.0,0.0,0
1.5605947943720873,0.8087982449610358,0.8087981910160563,-0.5831866525803752,0.6380026153825982,0.26006364227181084,0.10228956674132698,0.047761884631879505,-0.7790446076095534,-0.8502606539817051,0.6003311387963476,-0.8902810301600532,0.0,1.0,0.0,0.0,1.0,1.0,0.0,0.0,0.0,1.0,0.0,0.0,0.0,0.0,1.0,0.0,1.0,0.0,0.0,0.0,1
0.9714305599534846,0.650707705395493,0.6507076546629703,-0.5831866525803752,1.3349792622775698,-0.720537679727162,-1.2880796246454809,-0.9278000142320425,-0.8021950861386583,0.5875516811689648,-0.4048689189833176,0.9359364676041585,0.0,1.0,0.0,0.0,1.0,0.0,0.0,1.0,0.0,1.0,0.0,0.0,0.0,0.0,1.0,0.0,0.0,0.0,0.0,1.0,0
0.8977850306511593,1.2150031035669444,1.2150039196484932,-0.5831866525803752,-0.5845629783512045,0.26006364227181084,1.2145849198507732,1.9988856823597234,-0.42186579601764895,-0.9432269671930695,0.021088290251760435,0.022827718722052668,1.0,0.0,0.0,0.0,1.0,1.0,0.0,0.0,0.0,0.0,1.0,0.0,1.0,0.0,0.0,0.0,1.0,0.0,0.0,0.0,1
-0.6487710846976723,2.2030689758515867,2.2030697718552807,1.434953677673399,1.4263860356408447,-0.720537679727162,-0.3021814707530171,0.047761884631879505,-0.31603503702745506,-0.4114196701130071,2.706534778924121,0.9359364676041585,1.0,0.0,0.0,1.0,0.0,1.0,0.0,0.0,0.0,0.0,1.0,0.0,0.0,0.0,1.0,0.0,0.0,0.0,1.0,0.0,1
0.3822663255348821,1.5860767311582877,1.5860766614187292,-0.5831866525803752,1.9176974424684476,-0.8185978119270593,0.9870699612602047,0.047761884631879505,0.27264855985549863,0.7038428758312091,2.4309154082426,-0.8902810301600532,0.0,1.0,0.0,0.0,1.0,0.0,1.0,0.0,1.0,0.0,0.0,0.0,0.0,1.0,0.0,1.0,0.0,0.0,0.0,0.0,1
1.6342403236744125,0.5892280511200042,0.5892288799175278,0.09328496649910221,0.02100689518049212,-1.112778208526751,0.8985919218083169,-0.9278000142320425,-0.005157182493760426,1.3579391942323134,-1.0113789245204616,-0.8902810301600532,1.0,0.0,0.0,1.0,0.0,1.0,0.0,0.0,0.0,1.0,0.0,0.0,0.0,0.0,1.0,0.0,0.0,0.0,0.0,1.0,0
-0.05960685027906976,-0.8950664592453696,-0.8950673568479613,-0.5831866525803752,-1.2929654719165855,-0.8185978119270593,0.16548816634981825,0.047761884631879505,-0.8088095085755455,1.1743390559546725,-0.5758413628285393,-0.8902810301600532,1.0,0.0,0.0,0.0,1.0,0.0,1.0,0.0,0.0,1.0,0.0,0.0,1.0,0.0,0.0,0.0,0.0,0.0,1.0,0.0,1
-1.1642897898139495,2.1964818700363558,2.1964826661739023,0.34696182365390627,0.05528443519172023,-0.720537679727162,0.19076760619321476,1.0233237834958013,-0.7525869178620049,-0.6689930038491525,-1.0607545871826594,-0.8902810301600532,1.0,0.0,0.0,1.0,0.0,1.0,0.0,0.0,0.0,0.0,1.0,0.0,0.0,0.0,1.0,0.0,0.0,1.0,0.0,0.0,1
0.7504939720465087,0.5958151569352351,0.5958159855989064,-0.5831866525803752,0.8322420087795575,-0.8185978119270593,-1.5914329027662388,-0.9278000142320425,2.6339973698242005,0.7798153468426466,-0.7969264195249466,0.9359364676041585,0.0,1.0,0.0,0.0,1.0,1.0,0.0,0.0,0.0,1.0,0.0,0.0,0.0,1.0,0.0,0.0,0.0,0.0,0.0,1.0,0
1.4133037357674365,1.1447406415378143,1.1447405807663642,-0.4591668557491377,0.39805983530400135,0.26006364227181084,-0.4032992301266031,0.047761884631879505,2.035392139285916,-0.9792139271458556,0.09183550839461077,-0.8902810301600532,0.0,1.0,0.0,1.0,0.0,0.0,1.0,0.0,0.0,1.0,0.0,0.0,0.0,0.0,1.0,1.0,0.0,0.0,0.0,0.0,1
-1.3852263777209255,-0.5174057258387953,-0.5174048745540742,-0.385882430348861,-0.6188405183624327,1.7309656252702699,-0.26426231098792236,-0.9278000142320425,0.6265201602289595,-1.1721440180038483,0.15079152351365271,0.022827718722052668,0.0,1.0,0.0,1.0,0.0,1.0,0.0,0.0,0.0,0.0,0.0,1.0,0.0,0.0,1.0,1.0,0.0,0.0,0.0,0.0,1
-1.2379353191162747,0.0007799316260393913,0.0007790158195259332,0.31877550619226136,0.37520814196318264,-0.23023701872767557,2.0740858745262543,0.047761884631879505,-0.9543268021870621,-0.46739938559511895,0.25764930091691624,0.022827718722052668,0.0,1.0,0.0,1.0,0.0,1.0,0.0,0.0,0.0,1.0,0.0,0.0,0.0,0.0,1.0,0.0,0.0,0.0,1.0,0.0,1
1.4869492650697618,-0.8643266321076253,-0.8643266520541039,-0.4084314843181769,0.10098782187335771,-1.0147180763268537,-0.45385810981339614,1.0233237834958013,-0.8617248880706424,1.3579391942323134,0.10288976122943114,-0.8902810301600532,1.0,0.0,0.0,1.0,0.0,1.0,0.0,0.0,0.0,0.0,1.0,0.0,0.0,0.0,1.0,0.0,0.0,0.0,1.0,0.0,0
-1.532517436325576,-0.8489567185387531,-0.8489576170783113,-0.4591668557491377,0.9122229354724231,-0.23023701872767557,1.8339311960139877,0.047761884631879505,-0.5210821325709558,1.3579391942323134,0.37187658021006004,2.76215396536837,1.0,0.0,0.0,1.0,0.0,0.0,1.0,0.0,0.0,0.0,1.0,0.0,1.0,0.0,0.0,0.0,1.0,0.0,0.0,0.0,1
-0.2805434381860457,4.66005944493273,4.660060191009491,2.1226998237375345,-1.0644485385083982,1.7309656252702699,-0.542336149265284,-0.9278000142320425,-0.9146402675657394,-1.3077615430111071,-0.5294135009222938,0.022827718722052668,1.0,0.0,0.0,1.0,0.0,0.0,1.0,0.0,1.0,0.0,0.0,0.0,1.0,0.0,0.0,0.0,0.0,0.0,1.0,0.0,1
1.7078858529767378,0.11056502854655521,0.11056498878992653,-0.5831866525803752,0.47804076199686696,0.7503643032712972,0.6837166831394467,0.047761884631879505,3.2392170227993717,-0.7882831118407957,0.6275982957889045,0.022827718722052668,1.0,0.0,0.0,0.0,1.0,1.0,0.0,0.0,0.0,0.0,1.0,0.0,0.0,1.0,0.0,0.0,0.0,0.0,1.0,0.0,1
0.6032029134418581,0.6792518305948272,0.67925090100152,-0.5831866525803752,-1.2358362385645387,-0.23023701872767557,-1.1237632656634036,-0.9278000142320425,2.614154102513539,-1.2277905208938047,-1.0828630928523,0.022827718722052668,0.0,1.0,0.0,0.0,1.0,0.0,0.0,1.0,0.0,1.0,0.0,0.0,1.0,0.0,0.0,0.0,0.0,0.0,0.0,1.0,1
0.6032029134418581,2.1108494944383533,2.1108502923159804,-0.5831866525803752,-0.6188405183624327,0.26006364227181084,-0.6181744687954734,2.9744475812236453,0.818338410898686,-1.0068705722947562,-0.5095158458196171,-0.8902810301600532,0.0,1.0,0.0,0.0,1.0,0.0,0.0,1.0,0.0,1.0,0.0,0.0,0.0,0.0,1.0,0.0,0.0,0.0,1.0,0.0,1
-0.9433532019069736,0.5233569929676947,0.5233578231037419,-0.5831866525803752,0.7408352354162825,-0.720537679727162,-1.3007193445671792,-0.9278000142320425,0.17673943452063537,0.3356429614994615,1.5067798712516174,-0.8902810301600532,0.0,1.0,0.0,0.0,1.0,1.0,0.0,0.0,0.0,0.0,1.0,0.0,0.0,1.0,0.0,1.0,0.0,0.0,0.0,0.0,1
0.9714305599534846,1.2215902093821753,1.2215910253298718,-0.09838199224008307,-1.4415014786319074,-0.720537679727162,-1.0605646660549122,0.047761884631879505,-0.5607686671922785,-1.1068343499413844,-1.2199358280040726,0.9359364676041585,0.0,1.0,0.0,1.0,0.0,1.0,0.0,0.0,0.0,0.0,1.0,0.0,0.0,0.0,1.0,0.0,0.0,0.0,0.0,1.0,1
-0.5014800260930217,-0.9982644503506546,-0.9982635892947108,0.2567656077766426,0.0667102818621296,-0.720537679727162,-0.6181744687954734,0.047761884631879505,-0.1969754331634869,1.3579391942323134,0.9061654672263777,0.022827718722052668,1.0,0.0,0.0,1.0,0.0,1.0,0.0,0.0,0.0,1.0,0.0,0.0,0.0,1.0,0.0,0.0,1.0,0.0,0.0,0.0,1
0.014038679023255554,-0.5569283607301809,-0.5569275086423457,-0.5831866525803752,-0.013270644830735995,-0.720537679727162,1.2398643596941699,0.047761884631879505,-0.5442326111000607,1.3579391942323134,0.41314579079338937,-0.8902810301600532,0.0,1.0,0.0,0.0,1.0,0.0,0.0,1.0,0.0,0.0,1.0,0.0,1.0,0.0,0.0,0.0,0.0,0.0,1.0,0.0,1
-1.3852263777209255,1.7924727133688576,1.7924717611545007,-0.5831866525803752,-0.20751003822769531,-0.720537679727162,-1.351278224253972,-0.9278000142320425,1.0233855064421866,-0.7449654748605901,-0.8300891780294076,0.022827718722052668,1.0,0.0,0.0,0.0,1.0,0.0,1.0,0.0,0.0,0.0,1.0,0.0,1.0,0.0,0.0,0.0,0.0,1.0,0.0,0.0,1
0.16132973762790617,0.914191938004731,0.9141918819181137,-0.23367631605597855,0.8436678554499668,0.26006364227181084,0.039090967132835726,-0.9278000142320425,-0.32264945946434215,-0.980213564922322,0.36450707832017976,-0.8902810301600532,1.0,0.0,0.0,1.0,0.0,1.0,0.0,0.0,0.0,1.0,0.0,0.0,1.0,0.0,0.0,1.0,0.0,0.0,0.0,0.0,1
1.4869492650697618,0.4113761941087686,0.41137702652030605,-0.5831866525803752,-0.4817303583175202,-0.23023701872767557,-0.946807186759628,-0.9278000142320425,-0.865032099289086,-0.9338970146127176,-0.04597417694614978,-0.8902810301600532,0.0,1.0,0.0,0.0,1.0,1.0,0.0,0.0,1.0,0.0,0.0,0.0,0.0,1.0,0.0,0.0,0.0,0.0,1.0,0.0,1
0.7504939720465087,0.2950039913730218,0.29500394786852685,0.020000541098825486,-1.155855311871673,-0.8185978119270593,-1.641991782453032,-0.9278000142320425,-0.3061134033721244,-0.7472979630056781,-1.1565581117511023,-0.8902810301600532,0.0,1.0,0.0,1.0,0.0,1.0,0.0,0.0,0.0,1.0,0.0,0.0,0.0,1.0,0.0,0.0,0.0,0.0,0.0,1.0,1
-0.5751255553953469,0.442116021246513,0.442115096471891,0.18911844586869483,0.11241366854376708,1.7309656252702699,1.9729681151526683,0.047761884631879505,0.031222140909118734,-1.1441541602627923,-0.7276531017600723,-0.8902810301600532,0.0,1.0,0.0,1.0,0.0,1.0,0.0,0.0,0.0,1.0,0.0,0.0,0.0,0.0,1.0,0.0,0.0,0.0,0.0,1.0,1
-1.4588719070232508,-0.7347802177414166,-0.7347793620395675,-0.5831866525803752,-1.3729463986094512,-0.9166579441269566,-1.743109541826618,1.0233237834958013,-0.3457999379934471,1.2803006602600986,-0.6163736232228806,0.9359364676041585,1.0,0.0,0.0,0.0,1.0,1.0,0.0,0.0,0.0,1.0,0.0,0.0,0.0,1.0,0.0,0.0,0.0,0.0,1.0,0.0,1
-1.016998731209299,1.1074137085848388,1.1074127702911278,-0.5831866525803752,0.10098782187335771,1.7309656252702699,0.3171648054101973,0.047761884631879505,-0.18043937707126909,-1.1918035609410185,0.1227874163321078,0.9359364676041585,0.0,1.0,1.0,0.0,0.0,1.0,0.0,0.0,0.0,1.0,0.0,0.0,0.0,1.0,0.0,0.0,0.0,0.0,1.0,0.0,1
1.266012677162786,0.44650742512333363,0.44650737854023426,-0.3520588493948871,-0.1732324982164672,-0.23023701872767557,-0.3527403504398101,-0.9278000142320425,-0.6864426934931338,-0.8689205591424091,0.6850804105299704,-0.8902810301600532,1.0,0.0,0.0,1.0,0.0,1.0,0.0,0.0,0.0,1.0,0.0,0.0,0.0,0.0,1.0,0.0,0.0,0.0,1.0,0.0,1
0.2349752669302315,-0.7589329390639301,-0.7589329611520464,-0.5831866525803752,-0.49315620498792956,-0.720537679727162,1.6822545569536087,-0.9278000142320425,-0.6368345252164803,1.3579391942323134,-0.19925981625565883,0.022827718722052668,0.0,1.0,0.0,0.0,1.0,1.0,0.0,0.0,0.0,0.0,0.0,1.0,0.0,0.0,1.0,0.0,0.0,0.0,1.0,0.0,1
-0.42783449679069635,-0.6074295053136183,-0.6074295304803391,1.7337286427668348,-1.9442387321299197,-0.720537679727162,0.25396620580170604,0.047761884631879505,-0.504546076478738,-1.2404525993957107,-1.294367797091863,0.9359364676041585,1.0,0.0,0.0,1.0,0.0,0.0,0.0,1.0,0.0,1.0,0.0,0.0,0.0,0.0,1.0,0.0,0.0,0.0,0.0,1.0,1
0.30862079623255684,-0.41859913861033105,-0.4185982893333955,-0.5831866525803752,-0.04754818484196411,-0.9166579441269566,-0.13786511177093982,1.9988856823597234,2.14122289827611,1.3579391942323134,0.2863903582874492,-0.8902810301600532,0.0,1.0,1.0,0.0,0.0,0.0,1.0,0.0,0.0,0.0,1.0,0.0,0.0,0.0,1.0,0.0,0.0,0.0,1.0,0.0,1
-1.3852263777209255,-1.0026558542274753,-1.002655871363054,1.147453239564621,-0.321768504931789,-0.720537679727162,-0.7572113879341542,2.9744475812236453,-0.12752399757617214,1.3579391942323134,-0.11598444490001208,0.022827718722052668,0.0,1.0,0.0,1.0,0.0,0.0,1.0,0.0,1.0,0.0,0.0,0.0,0.0,1.0,0.0,0.0,0.0,0.0,1.0,0.0,1
1.3396582064651112,-0.7259974099877753,-0.7259974327451536,1.158727766549279,0.9007970888020137,-0.9166579441269566,0.7974741624347309,-0.9278000142320425,-0.1639033209790513,1.3579391942323134,0.5870660353945631,-0.8902810301600532,0.0,1.0,0.0,1.0,0.0,1.0,0.0,0.0,0.0,1.0,0.0,0.0,1.0,0.0,0.0,0.0,1.0,0.0,0.0,0.0,0
0.30862079623255684,0.7143830616093922,0.7143838878637209,2.742798807893722,-0.31034265826137963,-0.9166579441269566,-0.8709688672294384,0.047761884631879505,-0.2300475453479225,-0.32211869541535254,0.5141079666847487,0.022827718722052668,1.0,0.0,0.0,1.0,0.0,0.0,1.0,0.0,0.0,1.0,0.0,0.0,0.0,1.0,0.0,0.0,1.0,0.0,0.0,0.0,1
0.4559118548372074,-0.6886704770348,-0.6886696222699173,0.673923106208987,-0.6188405183624327,-0.23023701872767557,0.4435620046271798,-0.9278000142320425,-0.5574614559738349,-0.7416333489390359,-0.40781671973926975,-0.8902810301600532,0.0,1.0,0.0,1.0,0.0,0.0,0.0,1.0,1.0,0.0,0.0,0.0,1.0,0.0,0.0,0.0,1.0,0.0,0.0,0.0,1
-0.2068979088837204,0.26206846229686703,0.26206841946163395,-0.5831866525803752,2.2490469959103194,-0.720537679727162,-0.21370343130112934,-0.9278000142320425,1.7906585091210925,1.3579391942323134,2.582727147174133,0.022827718722052668,0.0,1.0,0.0,0.0,1.0,1.0,0.0,0.0,0.0,1.0,0.0,0.0,0.0,1.0,0.0,1.0,0.0,0.0,0.0,0.0,1
0.16132973762790617,-1.0004601522890648,-1.0004610477500187,0.8937763824098172,-0.8816349917818482,-0.8185978119270593,1.0123494011036012,0.047761884631879505,-0.6963643271484644,0.6065447989218242,-0.9767422656380245,-0.8902810301600532,0.0,1.0,0.0,1.0,0.0,0.0,1.0,0.0,0.0,1.0,0.0,0.0,0.0,0.0,1.0,0.0,0.0,0.0,0.0,1.0,1
-1.4588719070232508,0.4970085697067709,0.4970094003782276,-0.5831866525803752,-0.36747189161342647,0.7503643032712972,-0.45385810981339614,0.047761884631879505,2.1610661655867713,-1.0625170751847126,-0.8661997372898208,0.022827718722052668,1.0,0.0,1.0,0.0,0.0,1.0,0.0,0.0,0.0,0.0,0.0,1.0,0.0,0.0,1.0,0.0,0.0,0.0,0.0,1.0,1
0.16132973762790617,-0.03435129938852567,-0.03435133620040231,1.2658357729035297,0.44376322198563883,-0.9166579441269566,1.1640260401639801,-0.9278000142320425,1.9791695485723755,1.0180623502337771,0.18174343145114974,2.76215396536837,0.0,1.0,0.0,1.0,0.0,0.0,0.0,1.0,1.0,0.0,0.0,0.0,0.0,0.0,1.0,1.0,0.0,0.0,0.0,0.0,1
-0.05960685027906976,-0.5261885335924366,-0.5261894386907607,2.427112052323299,-1.9442387321299197,1.7309656252702699,0.2918853655668008,0.047761884631879505,-0.6566777925271418,-1.3077615430111071,-1.264889789532342,-0.8902810301600532,0.0,1.0,0.0,1.0,0.0,0.0,1.0,0.0,0.0,1.0,0.0,0.0,0.0,1.0,0.0,0.0,0.0,0.0,0.0,1.0,1
-0.2068979088837204,-0.675496265404338,-0.6754954109071603,-0.5831866525803752,0.6265767687121888,-0.9166579441269566,-0.4285786699699996,0.047761884631879505,-0.7592013402988921,1.3579391942323134,1.668908912828983,-0.8902810301600532,0.0,1.0,1.0,0.0,0.0,1.0,0.0,0.0,0.0,0.0,1.0,0.0,1.0,0.0,0.0,1.0,0.0,0.0,0.0,0.0,1
1.04507608925581,-0.9806988348433721,-0.980699730705883,-0.5831866525803752,-0.3788977382838359,0.7503643032712972,2.1878433538215387,1.0233237834958013,-0.005157182493760426,0.7598225913133206,0.5553771772680781,1.8490452164862643,0.0,1.0,1.0,0.0,0.0,0.0,0.0,1.0,0.0,1.0,0.0,0.0,0.0,0.0,1.0,1.0,0.0,0.0,0.0,0.0,1
0.6768484427441834,-0.6930618809116206,-0.6930619043382606,0.1778439188840369,-0.36747189161342647,0.7503643032712972,1.1893054800073768,-0.9278000142320425,1.1060657869032757,-0.963886147906706,-0.9339991546767191,0.022827718722052668,0.0,1.0,0.0,1.0,0.0,0.0,1.0,0.0,0.0,0.0,1.0,0.0,1.0,0.0,0.0,0.0,0.0,1.0,0.0,0.0,1
0.014038679023255554,-0.43177335024079294,-0.43177250069615264,0.4822561474698017,0.5694475353601419,0.7503643032712972,0.48148116439227456,0.047761884631879505,0.3652504739719183,-0.7073124519470267,-0.7740809636663178,-0.8902810301600532,1.0,0.0,0.0,1.0,0.0,0.0,1.0,0.0,0.0,0.0,1.0,0.0,0.0,0.0,1.0,0.0,0.0,0.0,0.0,1.0,0
-1.016998731209299,-0.9806988348433721,-0.980699730705883,1.8070130681671115,-0.7788023717481638,-0.720537679727162,-0.26426231098792236,0.047761884631879505,-0.6103768354689318,-0.12285756530640675,-0.8868343425814855,0.9359364676041585,0.0,1.0,0.0,1.0,0.0,1.0,0.0,0.0,0.0,0.0,1.0,0.0,0.0,0.0,1.0,0.0,0.0,0.0,0.0,1.0,1
-1.6798084949302268,-0.9806988348433721,-0.980699730705883,-0.5831866525803752,-0.49315620498792956,-0.720537679727162,1.404180718676247,1.0233237834958013,-0.5574614559738349,1.3579391942323134,-1.2015120732793718,0.9359364676041585,1.0,0.0,0.0,0.0,1.0,1.0,0.0,0.0,0.0,0.0,1.0,0.0,0.0,0.0,1.0,0.0,0.0,0.0,0.0,1.0,0
0.9714305599534846,-0.5744939762374635,-0.5744940020734461,0.22857929031499769,0.6494284620530075,-0.8185978119270593,0.6205180835309554,0.047761884631879505,-0.6765210598378031,1.3579391942323134,1.5340470282441743,0.022827718722052668,0.0,1.0,0.0,1.0,0.0,0.0,1.0,0.0,0.0,1.0,0.0,0.0,0.0,1.0,0.0,0.0,1.0,0.0,0.0,0.0,1
0.30862079623255684,0.442116021246513,0.442115096471891,-0.21112726208666263,0.20382044190704204,1.7309656252702699,0.5825989237658606,0.047761884631879505,0.10067357649643349,-1.1091668380864723,-0.5308874013002698,0.022827718722052668,1.0,0.0,0.0,1.0,0.0,1.0,0.0,0.0,0.0,0.0,1.0,0.0,1.0,0.0,0.0,0.0,0.0,1.0,0.0,0.0,1
-1.532517436325576,-0.807238381708957,-0.8072375245347319,0.22294202682266873,2.60324824269301,1.7309656252702699,0.7974741624347309,-0.9278000142320425,1.096144153247945,-0.44207522859130643,-0.9354730550546951,-0.8902810301600532,1.0,0.0,0.0,1.0,0.0,0.0,1.0,0.0,0.0,0.0,1.0,0.0,0.0,0.0,1.0,0.0,0.0,1.0,0.0,0.0,0
-1.1642897898139495,-0.9675246232129101,-0.9675255193431258,-0.5831866525803752,0.37520814196318264,0.7503643032712972,1.6316956772668156,0.047761884631879505,-0.0977590966101801,0.654860624784361,1.2296866001921203,1.8490452164862643,1.0,0.0,0.0,0.0,1.0,1.0,0.0,0.0,0.0,0.0,1.0,0.0,0.0,1.0,0.0,0.0,1.0,0.0,0.0,0.0,1
1.7078858529767378,-0.5020358122699231,-0.5020358395782817,-0.5550003351187304,-0.5731371316807952,1.7309656252702699,-0.8709688672294384,-0.9278000142320425,0.12382405502553841,-1.1461534358157248,-0.29358944044612595,-0.8902810301600532,0.0,1.0,0.0,1.0,0.0,0.0,1.0,0.0,1.0,0.0,0.0,0.0,0.0,0.0,1.0,0.0,0.0,0.0,1.0,0.0,1
1.266012677162786,-0.2758785126136605,-0.2758794227983746,-0.5831866525803752,-1.9442387321299197,0.26006364227181084,-1.3133590644888773,-0.9278000142320425,-0.1969754331634869,-1.3077615430111071,-1.20224902346836,0.022827718722052668,1.0,0.0,1.0,0.0,0.0,0.0,0.0,1.0,0.0,1.0,0.0,0.0,0.0,1.0,0.0,0.0,0.0,0.0,1.0,0.0,1
0.6768484427441834,-0.7216060061109547,-0.7216051506768103,-0.5493630716264013,1.2092949489030667,-0.23023701872767557,-1.6672712222964283,0.047761884631879505,4.347132780977964,1.3579391942323134,-0.8013481206588747,0.9359364676041585,1.0,0.0,0.0,1.0,0.0,1.0,0.0,0.0,1.0,0.0,0.0,0.0,1.0,0.0,0.0,0.0,0.0,0.0,0.0,1.0,0
1.1187216185581352,-0.9850902387201926,-0.9850893779319536,-0.11529378271707,-0.49315620498792956,-0.720537679727162,0.8480330421215239,-0.9278000142320425,-0.9014114226919652,1.3579391942323134,0.35713757643029953,0.022827718722052668,0.0,1.0,0.0,1.0,0.0,1.0,0.0,0.0,0.0,0.0,0.0,1.0,0.0,1.0,0.0,0.0,0.0,0.0,1.0,0.0,1
-0.8697076726046482,-0.7545415351871094,-0.7545406790837033,-0.23367631605597855,1.4149601889704353,0.7503643032712972,-0.2516225910662241,-0.9278000142320425,-0.8584176768521988,-0.14851493490237477,0.5303208708424852,0.022827718722052668,0.0,1.0,0.0,1.0,0.0,1.0,0.0,0.0,0.0,1.0,0.0,0.0,0.0,1.0,0.0,0.0,1.0,0.0,0.0,0.0,0
0.5295573841395328,-0.8665223340460356,-0.8665214756671391,-0.5831866525803752,2.031955909172541,-0.9166579441269566,0.24132648588000777,-0.9278000142320425,-0.8617248880706424,1.3579391942323134,1.82661625327242,0.9359364676041585,0.0,1.0,0.0,0.0,1.0,0.0,1.0,0.0,0.0,1.0,0.0,0.0,0.0,0.0,1.0,0.0,0.0,0.0,1.0,0.0,1
0.2349752669302315,-0.4976444083931024,-0.49764355750993844,0.39769719508486706,-0.7902282184185733,-0.23023701872767557,-0.64345390863887,0.047761884631879505,-0.8253455646677633,-0.6726583423628624,-1.2147771766811564,-0.8902810301600532,0.0,1.0,0.0,1.0,0.0,1.0,0.0,0.0,0.0,0.0,1.0,0.0,0.0,1.0,0.0,0.0,0.0,0.0,0.0,1.0,1
-1.6061629656279013,0.15228336537635123,0.15228244649123335,-0.4366178017798218,0.9350746288132418,-0.720537679727162,1.6190559573451173,1.0233237834958013,0.3288711505690391,1.142017434515596,0.6688675063722338,0.022827718722052668,0.0,1.0,0.0,1.0,0.0,1.0,0.0,0.0,0.0,1.0,0.0,0.0,1.0,0.0,0.0,1.0,0.0,0.0,0.0,0.0,1
0.014038679023255554,0.45309453093856455,0.45309448422161286,-0.5831866525803752,-0.39032358495424524,-1.112778208526751,0.7848344425130327,0.047761884631879505,-0.6070696242504883,1.3579391942323134,-1.140345207593366,0.9359364676041585,0.0,1.0,1.0,0.0,0.0,0.0,1.0,0.0,0.0,1.0,0.0,0.0,1.0,0.0,0.0,0.0,0.0,0.0,0.0,1.0,0
0.6768484427441834,0.40698479023194795,0.40698474445196275,1.1361787125799632,0.1466912085549952,-0.720537679727162,0.9365110815734117,0.047761884631879505,-0.8484960431968682,-0.2558093895764224,-0.747550756862749,-0.8902810301600532,0.0,1.0,0.0,1.0,0.0,1.0,0.0,0.0,0.0,1.0,0.0,0.0,0.0,1.0,0.0,0.0,0.0,0.0,0.0,1.0,1
0.014038679023255554,-0.1990289447692994,-0.1990289782348669,-0.5831866525803752,-0.6988214450552983,-0.9166579441269566,1.0123494011036012,-0.9278000142320425,1.6120691033251404,0.8324629364032041,0.26354490242882045,-0.8902810301600532,0.0,1.0,0.0,0.0,1.0,1.0,0.0,0.0,1.0,0.0,0.0,0.0,0.0,1.0,0.0,0.0,0.0,0.0,1.0,0.0,1
1.04507608925581,-0.39225071534940725,-0.39224986660788114,1.3729437792577803,-0.2989168115909703,-0.9166579441269566,1.0376288409469978,-0.9278000142320425,2.650533425916418,0.5815538545101672,0.021825240440748458,-0.8902810301600532,0.0,1.0,0.0,1.0,0.0,1.0,0.0,0.0,0.0,1.0,0.0,0.0,0.0,0.0,1.0,0.0,0.0,0.0,1.0,0.0,1
-1.3852263777209255,-0.6711048615275175,-0.6711057636810895,0.4653443569928148,-0.18465834488687655,-0.8185978119270593,0.2666059257234043,0.047761884631879505,-0.6202984691242626,1.2576422039935293,-0.6465885809713896,0.022827718722052668,0.0,1.0,0.0,1.0,0.0,1.0,0.0,0.0,0.0,1.0,0.0,0.0,0.0,0.0,1.0,0.0,0.0,0.0,0.0,1.0,0
0.8241395013488341,-0.15072350212427243,-0.1507244148521815,-0.5831866525803752,1.460663575652073,1.7309656252702699,-2.1728600191643586,2.9744475812236453,-0.6236056803427061,-0.09286843201241832,1.3041185692799109,-0.8902810301600532,1.0,0.0,0.0,0.0,1.0,0.0,1.0,0.0,0.0,1.0,0.0,0.0,1.0,0.0,0.0,1.0,0.0,0.0,0.0,0.0,0
-0.9433532019069736,-0.6667134576506968,-0.6667134816127464,1.0234334427333835,-0.6645439050440701,-0.9166579441269566,0.9112316417300151,-0.9278000142320425,3.0970069404062985,0.6265375544511497,-0.8772539901246412,0.022827718722052668,0.0,1.0,0.0,1.0,0.0,0.0,1.0,0.0,0.0,1.0,0.0,0.0,0.0,1.0,0.0,0.0,0.0,0.0,0.0,1.0,1
-1.6798084949302268,-0.16828911763155496,-0.1682882734410093,0.5611778363624075,1.1178881755397918,-0.9166579441269566,-0.23898287114452585,2.9744475812236453,0.03452935212756229,1.3579391942323134,-0.46972053561426375,0.9359364676041585,0.0,1.0,0.0,1.0,0.0,1.0,0.0,0.0,0.0,0.0,1.0,0.0,1.0,0.0,0.0,0.0,0.0,1.0,0.0,0.0,0
-1.6061629656279013,-0.03435129938852567,-0.03435133620040231,0.5837268903317233,-0.5617112850103858,-0.9166579441269566,1.7075339967970051,1.0233237834958013,0.27264855985549863,0.5079138716438176,0.3180792164139342,0.022827718722052668,0.0,1.0,0.0,1.0,0.0,0.0,1.0,0.0,0.0,1.0,0.0,0.0,1.0,0.0,0.0,0.0,0.0,0.0,1.0,0.0,1
-1.3852263777209255,-0.765520044879161,-0.7655200668334251,-0.5831866525803752,-1.2815396252461762,-0.23023701872767557,-0.5044169895001891,-0.9278000142320425,-0.2465836014401403,-0.754961852625253,-0.6392190790815093,-0.8902810301600532,0.0,1.0,0.0,0.0,1.0,0.0,1.0,0.0,0.0,0.0,1.0,0.0,1.0,0.0,0.0,0.0,1.0,0.0,0.0,0.0,1
-1.0906442605116242,-0.22976877190704384,-0.22976968302872447,-0.5831866525803752,-1.9442387321299197,1.7309656252702699,-0.34010063051811185,2.9744475812236453,0.5868336256076367,-0.596019446167114,-1.1801405177987192,-0.8902810301600532,0.0,1.0,0.0,0.0,1.0,1.0,0.0,0.0,0.0,0.0,1.0,0.0,0.0,0.0,1.0,0.0,0.0,0.0,1.0,0.0,1
1.1923671478604605,0.6002065608120558,0.600205632824977,-0.5831866525803752,-0.19608419155728593,-0.8185978119270593,1.303062959302661,-0.9278000142320425,1.3111128824467764,-0.025226275804866482,0.4765235070463595,2.76215396536837,0.0,1.0,0.0,0.0,1.0,1.0,0.0,0.0,1.0,0.0,0.0,0.0,0.0,0.0,1.0,0.0,1.0,0.0,0.0,0.0,1
-0.2068979088837204,1.4192033838391038,1.4192041957712294,-0.0871074652554251,-1.21298454522372,0.7503643032712972,0.07701012689793048,0.047761884631879505,-0.05807256198885739,-1.3004308659836878,-1.231727031027881,1.8490452164862643,0.0,1.0,0.0,1.0,0.0,1.0,0.0,0.0,0.0,0.0,1.0,0.0,0.0,0.0,1.0,0.0,0.0,0.0,0.0,1.0,1
0.3822663255348821,-0.945567603828807,-0.9455667438436821,-0.5831866525803752,0.6951318487346451,-0.8185978119270593,-0.28954175083131883,-0.9278000142320425,0.8613321567384523,1.3579391942323134,-0.4719313861812278,-0.8902810301600532,0.0,1.0,0.0,0.0,1.0,1.0,0.0,0.0,1.0,0.0,0.0,0.0,0.0,1.0,0.0,0.0,0.0,0.0,0.0,1.0,0
0.7504939720465087,-0.24074728159909542,-0.2407464359361737,-0.4027942208258479,0.5008924553376857,0.26006364227181084,0.17812788627151652,1.0233237834958013,3.3285117256973478,-0.21582387851777102,-0.8735692391797011,-0.8902810301600532,1.0,0.0,0.0,1.0,0.0,1.0,0.0,0.0,0.0,0.0,1.0,0.0,0.0,1.0,0.0,0.0,0.0,0.0,0.0,1.0,0
-1.1642897898139495,-0.9982644503506546,-0.9982635892947108,-0.5831866525803752,0.2838013685999077,0.7503643032712972,0.6710769632177483,-0.9278000142320425,0.6761283285056129,0.15970671284139573,0.4603106028886229,1.8490452164862643,1.0,0.0,0.0,0.0,1.0,1.0,0.0,0.0,0.0,1.0,0.0,0.0,0.0,0.0,1.0,1.0,0.0,0.0,0.0,0.0,1
0.8241395013488341,0.3015910971882527,0.30159105354990545,-0.5831866525803752,0.21524628857745143,0.26006364227181084,0.8859522018866187,1.0233237834958013,-0.9146402675657394,-0.6230096661317036,0.7322452226252039,-0.8902810301600532,1.0,0.0,1.0,0.0,0.0,0.0,1.0,0.0,0.0,1.0,0.0,0.0,0.0,0.0,1.0,0.0,1.0,0.0,0.0,0.0,1
-0.2068979088837204,-1.0026558542274753,-1.002655871363054,-0.4027942208258479,0.4323373753152295,-1.0147180763268537,-0.6560936285605682,-0.9278000142320425,-0.4317874296729797,1.3579391942323134,1.3984481934703779,0.022827718722052668,0.0,1.0,0.0,1.0,0.0,0.0,0.0,1.0,0.0,1.0,0.0,0.0,0.0,1.0,0.0,1.0,0.0,0.0,0.0,0.0,1
0.7504939720465087,-0.4515346676864858,-0.4515338177402884,-0.5831866525803752,-1.430075631961498,-0.8185978119270593,-0.22634315122282758,-0.9278000142320425,-0.08122304051796231,-0.4740636374382275,-1.170560165341875,0.9359364676041585,1.0,0.0,1.0,0.0,0.0,1.0,0.0,0.0,0.0,1.0,0.0,0.0,0.0,1.0,0.0,0.0,0.0,1.0,0.0,0.0,1
-0.2805434381860457,-0.675496265404338,-0.6754954109071603,1.2320121919495557,0.4209115286448201,-0.23023701872767557,-1.2122413051152914,1.0233237834958013,1.7311287071891086,-0.05388255873023323,0.24069944657019168,0.9359364676041585,0.0,1.0,0.0,1.0,0.0,0.0,1.0,0.0,0.0,1.0,0.0,0.0,0.0,0.0,1.0,1.0,0.0,0.0,0.0,0.0,0
-0.7224166139999976,-0.5876681878679254,-0.5876682134362033,-0.2956862144715973,1.095036482198973,0.7503643032712972,0.24132648588000777,0.047761884631879505,0.4479307544330073,-0.17717121782774153,-0.30022199214701817,-0.8902810301600532,1.0,0.0,0.0,1.0,0.0,0.0,0.0,1.0,0.0,1.0,0.0,0.0,0.0,1.0,0.0,0.0,0.0,1.0,0.0,0.0,0
-0.05960685027906976,-0.025568491634884404,-0.025569406905988402,-0.5437258081340723,1.1635915622214292,0.7503643032712972,0.30452508548849905,-0.9278000142320425,-0.44170906332831034,-0.7612928918762061,2.400700450494091,-0.8902810301600532,0.0,1.0,0.0,1.0,0.0,0.0,0.0,1.0,0.0,0.0,1.0,0.0,1.0,0.0,0.0,1.0,0.0,0.0,0.0,0.0,1
0.08768420832558087,0.5826409453047733,0.5826417742361492,-0.41970601130283486,-1.3158171652574042,-0.720537679727162,0.9238713616517135,0.047761884631879505,-0.451630696983641,-0.8969104168834651,-0.90009944598327,-0.8902810301600532,1.0,0.0,0.0,1.0,0.0,0.0,1.0,0.0,0.0,1.0,0.0,0.0,0.0,1.0,0.0,0.0,0.0,0.0,1.0,0.0,1
0.08768420832558087,0.8285595624067287,0.8285595080601921,-0.5831866525803752,0.877945395461195,0.26006364227181084,0.8985919218083169,-0.9278000142320425,-0.7988878749202148,-0.9258999124009872,0.6194918437100362,0.022827718722052668,1.0,0.0,0.0,0.0,1.0,0.0,0.0,1.0,0.0,1.0,0.0,0.0,1.0,0.0,0.0,1.0,0.0,0.0,0.0,0.0,1
-0.35418896748837103,-0.6996489867268515,-0.6996490100196392,1.147453239564621,-0.10467741819401097,-0.720537679727162,0.07701012689793048,1.0233237834958013,-0.5177749213525122,0.641532121098144,0.7425625252710363,-0.8902810301600532,1.0,0.0,0.0,1.0,0.0,0.0,1.0,0.0,0.0,0.0,1.0,0.0,0.0,1.0,0.0,0.0,0.0,0.0,1.0,0.0,1
1.1187216185581352,-0.8182168914010086,-0.8182169122844537,1.3785810427501093,0.0667102818621296,1.7309656252702699,0.17812788627151652,1.9988856823597234,-0.025000449804421787,-0.5880223439553837,-0.7733440134773298,0.9359364676041585,1.0,0.0,0.0,1.0,0.0,1.0,0.0,0.0,0.0,1.0,0.0,0.0,1.0,0.0,0.0,0.0,0.0,1.0,0.0,0.0,1
0.4559118548372074,-0.8994578631221903,-0.8994570040740321,-0.5831866525803752,-0.84735745177062,-0.720537679727162,0.8606727620432222,-0.9278000142320425,-0.15067447610527707,1.3066244550403772,-0.059239280347934214,-0.8902810301600532,0.0,1.0,1.0,0.0,0.0,1.0,0.0,0.0,0.0,1.0,0.0,0.0,1.0,0.0,0.0,0.0,0.0,0.0,1.0,0.0,1
1.4133037357674365,1.1337621318457627,1.1337611930166422,-0.5099022271800985,-1.0758743851788075,-0.9166579441269566,-0.5928950289520769,-0.9278000142320425,-0.13744563123150283,-0.6736579801393285,-0.7328117530829884,-0.8902810301600532,1.0,0.0,0.0,1.0,0.0,1.0,0.0,0.0,0.0,0.0,1.0,0.0,1.0,0.0,0.0,1.0,0.0,0.0,0.0,0.0,1
1.1187216185581352,1.2237859113205856,1.2237858489429072,0.09328496649910221,-1.9442387321299197,0.26006364227181084,1.5305779178932295,-0.9278000142320425,-0.0018499712753168663,-1.3077615430111071,-1.1956164717674678,0.9359364676041585,0.0,1.0,0.0,1.0,0.0,1.0,0.0,0.0,0.0,0.0,1.0,0.0,0.0,0.0,1.0,0.0,0.0,0.0,1.0,0.0,1
1.7078858529767378,-0.717214602234134,-0.7172155034507397,-0.5831866525803752,0.1809687485662233,1.7309656252702699,-0.5296964293435856,-0.9278000142320425,-0.6401417364349239,-0.8282686228994469,0.38882643455678456,1.8490452164862643,1.0,0.0,0.0,0.0,1.0,0.0,1.0,0.0,0.0,1.0,0.0,0.0,0.0,0.0,1.0,0.0,1.0,0.0,0.0,0.0,1
-0.9433532019069736,-0.5547326587917707,-0.5547326850293104,-0.36333337637954505,-0.21893588489810467,-0.720537679727162,0.5320400440790676,1.9988856823597234,-0.4450162745467539,1.3579391942323134,-0.598686818687168,1.8490452164862643,1.0,0.0,0.0,1.0,0.0,1.0,0.0,0.0,0.0,1.0,0.0,0.0,0.0,1.0,0.0,0.0,0.0,0.0,0.0,1.0,0
1.1187216185581352,-0.466904581255358,-0.4669054875583535,0.6231877347780262,-1.9442387321299197,-0.720537679727162,1.1261068803988854,0.047761884631879505,-0.8716465217259731,-1.193802836493951,-1.1889839200665755,2.76215396536837,1.0,0.0,0.0,1.0,0.0,1.0,0.0,0.0,1.0,0.0,0.0,0.0,0.0,0.0,1.0,0.0,0.0,0.0,1.0,0.0,1
-0.9433532019069736,-0.05630831877262883,-0.05630747685757338,-0.5831866525803752,-1.21298454522372,-0.8185978119270593,-1.3007193445671792,-0.9278000142320425,-0.7228220168960129,-0.5080513218380811,-1.1123411004118209,-0.8902810301600532,1.0,0.0,0.0,0.0,1.0,0.0,1.0,0.0,0.0,1.0,0.0,0.0,0.0,1.0,0.0,0.0,0.0,0.0,0.0,1.0,1
1.6342403236744125,-0.3702936959653041,-0.3702937259507101,-0.5831866525803752,2.146214375876635,-0.720537679727162,-0.9594469066813263,1.0233237834958013,-0.9675556470608363,1.3579391942323134,3.3049383323823966,-0.8902810301600532,0.0,1.0,0.0,0.0,1.0,1.0,0.0,0.0,0.0,1.0,0.0,0.0,1.0,0.0,0.0,0.0,0.0,0.0,1.0,0.0,0
-1.6798084949302268,0.29939539524984243,0.2993962299368701,-0.5831866525803752,-0.2989168115909703,-1.0147180763268537,2.0361667147611597,-0.9278000142320425,-0.20358985560037401,1.3579391942323134,0.04245984573241314,-0.8902810301600532,1.0,0.0,0.0,0.0,1.0,0.0,1.0,0.0,0.0,0.0,1.0,0.0,0.0,0.0,1.0,0.0,0.0,0.0,1.0,0.0,1
-1.0906442605116242,-0.8182168914010086,-0.8182169122844537,-0.0871074652554251,-1.0415968451675794,1.7309656252702699,-1.1490427055068,1.9988856823597234,-0.8617248880706424,-0.2641397043803081,-0.35180850537617986,-0.8902810301600532,0.0,1.0,0.0,1.0,0.0,0.0,1.0,0.0,0.0,0.0,1.0,0.0,0.0,0.0,1.0,0.0,0.0,0.0,1.0,0.0,1
1.6342403236744125,0.43772461736969237,0.43772544924582035,0.09328496649910221,-1.0187451518267607,-0.720537679727162,-1.047924946133214,-0.9278000142320425,-0.5508470335369477,-0.8575913310091245,-0.41813402238510206,-0.8902810301600532,0.0,1.0,0.0,1.0,0.0,1.0,0.0,0.0,0.0,1.0,0.0,0.0,1.0,0.0,0.0,0.0,1.0,0.0,0.0,0.0,1
-0.2068979088837204,-1.0114386619811164,-1.011437800657468,-0.5831866525803752,-1.738573492062551,-0.720537679727162,-0.37801979028320665,-0.9278000142320425,-0.977477280716167,-0.5550342973319964,-1.1263431540025934,0.9359364676041585,0.0,1.0,0.0,0.0,1.0,1.0,0.0,0.0,0.0,0.0,1.0,0.0,0.0,0.0,1.0,1.0,0.0,0.0,0.0,0.0,1
1.04507608925581,-0.7523458332486991,-0.7523458554706679,-0.41406874781050584,0.9807780154948793,-0.8185978119270593,1.353621838989454,0.047761884631879505,0.41816585346701524,1.3579391942323134,2.0521230111027555,0.9359364676041585,0.0,1.0,0.0,1.0,0.0,1.0,0.0,0.0,0.0,1.0,0.0,0.0,1.0,0.0,0.0,0.0,0.0,0.0,1.0,0.0,1
1.4133037357674365,-0.3878593114725866,-0.3878602193818105,0.668285842716658,-1.464353171972726,-0.23023701872767557,0.8353933221998256,0.047761884631879505,-0.9014114226919652,-1.0608510122239354,-0.6738557379639465,-0.8902810301600532,0.0,1.0,0.0,1.0,0.0,1.0,0.0,0.0,0.0,0.0,1.0,0.0,0.0,1.0,0.0,0.0,0.0,0.0,1.0,0.0,1
-0.05960685027906976,-1.0136343639195269,-1.013635259112776,-0.5831866525803752,-1.2244103918941294,0.26006364227181084,-0.7319319480907577,-0.9278000142320425,-0.5210821325709558,-0.671658704586396,-0.8743061893686891,0.022827718722052668,1.0,0.0,0.0,0.0,1.0,0.0,1.0,0.0,0.0,1.0,0.0,0.0,0.0,1.0,0.0,0.0,0.0,0.0,1.0,0.0,0
-0.9433532019069736,1.1008266027696079,1.1008256646097494,0.6570113157320001,0.8322420087795575,-0.9166579441269566,-0.9594469066813263,1.0233237834958013,0.6992788070347178,0.7278341824663999,0.9621736815894675,0.9359364676041585,1.0,0.0,0.0,1.0,0.0,1.0,0.0,0.0,0.0,0.0,1.0,0.0,0.0,0.0,1.0,0.0,0.0,0.0,1.0,0.0,1
0.16132973762790617,-0.6206037169440801,-0.6206037418430962,-0.5831866525803752,0.04385858852131086,-0.23023701872767557,1.0123494011036012,-0.9278000142320425,2.213981545081868,0.13471576842973865,0.2871273084764372,0.9359364676041585,1.0,0.0,0.0,0.0,1.0,1.0,0.0,0.0,0.0,1.0,0.0,0.0,0.0,0.0,1.0,1.0,0.0,0.0,0.0,0.0,1
0.3822663255348821,0.24011144291276387,0.24011227880446287,-0.5831866525803752,0.7408352354162825,-0.720537679727162,1.404180718676247,-0.9278000142320425,-0.04484371711508314,0.6378667825844343,1.0999833669302281,-0.8902810301600532,0.0,1.0,0.0,0.0,1.0,1.0,0.0,0.0,0.0,0.0,1.0,0.0,0.0,1.0,0.0,1.0,0.0,0.0,0.0,0.0,1
-1.532517436325576,0.11934783630019648,0.11934691808434043,-0.1885782081173467,0.2609496752590889,1.7309656252702699,-0.32746091059641363,1.0233237834958013,-0.6004552018136012,-0.8839151257894035,1.312225021358779,-0.8902810301600532,0.0,1.0,0.0,1.0,0.0,1.0,0.0,0.0,0.0,1.0,0.0,0.0,1.0,0.0,0.0,0.0,1.0,0.0,0.0,0.0,1
0.7504939720465087,1.0854566892007358,1.085456629633957,-0.5831866525803752,-0.1732324982164672,-0.9166579441269566,0.9491508014951099,0.047761884631879505,-0.4946244428234073,0.21168787721764248,0.7860425864213297,-0.8902810301600532,1.0,0.0,0.0,0.0,1.0,1.0,0.0,0.0,0.0,1.0,0.0,0.0,0.0,0.0,1.0,1.0,0.0,0.0,0.0,0.0,1
1.266012677162786,-1.0070472581042957,-1.0070481534313973,-0.5831866525803752,-1.5900374853472292,-0.9166579441269566,0.999709681181903,0.047761884631879505,-0.5673830896291656,1.3322818246363455,-0.90009944598327,-0.8902810301600532,0.0,1.0,0.0,0.0,1.0,0.0,1.0,0.0,0.0,1.0,0.0,0.0,0.0,0.0,1.0,0.0,0.0,0.0,1.0,0.0,1
-0.5014800260930217,0.9010177263742691,0.9010176705553565,-0.41970601130283486,-0.4588786649767015,0.26006364227181084,-0.7824908277775507,-0.9278000142320425,-0.3259566706827857,-1.1924699861253292,0.4050393387145211,0.9359364676041585,0.0,1.0,0.0,1.0,0.0,1.0,0.0,0.0,0.0,1.0,0.0,0.0,0.0,0.0,1.0,0.0,0.0,0.0,1.0,0.0,1
1.4869492650697618,0.8636907934212937,0.8636898600801204,1.2151004014725688,0.11241366854376708,1.7309656252702699,0.43092228470548155,2.9744475812236453,-0.9410979573132878,-0.9722164627105917,1.2112628454674197,-0.8902810301600532,0.0,1.0,0.0,1.0,0.0,1.0,0.0,0.0,0.0,1.0,0.0,0.0,0.0,1.0,0.0,0.0,0.0,0.0,1.0,0.0,1
-0.7960621433023229,1.5575326059589538,1.5575334150801796,-0.5831866525803752,1.6091995823673948,-0.720537679727162,0.5194003241573694,0.047761884631879505,1.1755172224905905,0.17103594097468036,2.710219529869061,0.022827718722052668,1.0,0.0,0.0,0.0,1.0,1.0,0.0,0.0,0.0,0.0,1.0,0.0,0.0,0.0,1.0,0.0,0.0,0.0,1.0,0.0,1
0.4559118548372074,-1.0136343639195269,-1.013635259112776,0.21166749983801075,0.386633988633592,-0.8185978119270593,-2.337176378146436,-0.9278000142320425,1.1655955888352598,1.3579391942323134,1.3623376342099647,0.022827718722052668,0.0,1.0,0.0,1.0,0.0,1.0,0.0,0.0,0.0,1.0,0.0,0.0,0.0,0.0,1.0,0.0,0.0,0.0,1.0,0.0,0
0.9714305599534846,0.7143830616093922,0.7143838878637209,-0.5831866525803752,0.6494284620530075,0.26006364227181084,-2.5646913367370043,0.047761884631879505,-0.8848753665997473,-0.820604733279872,1.6600655105611266,-0.8902810301600532,1.0,0.0,0.0,0.0,1.0,1.0,0.0,0.0,0.0,0.0,1.0,0.0,0.0,0.0,1.0,0.0,0.0,0.0,1.0,0.0,1
-0.42783449679069635,-0.6776919673427484,-0.6776928693624682,0.14965760142239198,-0.10467741819401097,0.7503643032712972,0.49412088431397283,0.047761884631879505,-0.947712379750175,-0.639670295739475,0.7735144332085333,0.022827718722052668,1.0,0.0,0.0,1.0,0.0,0.0,0.0,1.0,0.0,1.0,0.0,0.0,0.0,0.0,1.0,1.0,0.0,0.0,0.0,0.0,1
-1.532517436325576,-0.9345890941367554,-0.9345899909362329,-0.34078432241022916,-0.21893588489810467,0.26006364227181084,1.9729681151526683,1.0233237834958013,-0.0646869844257445,0.6521949240471177,-0.07250438374971865,0.022827718722052668,0.0,1.0,0.0,1.0,0.0,1.0,0.0,0.0,0.0,0.0,1.0,0.0,0.0,0.0,1.0,0.0,0.0,0.0,1.0,0.0,0
0.30862079623255684,-0.3856636095341763,-0.38566276092650253,0.5837268903317233,0.1809687485662233,-0.720537679727162,-0.22634315122282758,-0.9278000142320425,0.21311875792351453,0.4049511806677904,-0.9177862505189825,0.022827718722052668,0.0,1.0,0.0,1.0,0.0,0.0,1.0,0.0,0.0,1.0,0.0,0.0,0.0,0.0,1.0,0.0,0.0,0.0,0.0,1.0,0
1.4133037357674365,-0.13754929049381054,-0.13755020348942432,-0.5831866525803752,-0.10467741819401097,-0.720537679727162,-0.845689427386042,1.0233237834958013,0.41816585346701524,0.8211337082699195,0.23996249638120365,0.022827718722052668,0.0,1.0,0.0,0.0,1.0,1.0,0.0,0.0,0.0,1.0,0.0,0.0,0.0,0.0,1.0,0.0,1.0,0.0,0.0,0.0,0
0.014038679023255554,0.6287506860113898,0.6287515140057993,-0.5831866525803752,-1.3272430119278136,1.7309656252702699,-1.338638504332274,0.047761884631879505,0.1833538569575225,-1.2731074334269428,-1.147714709483246,0.9359364676041585,1.0,0.0,1.0,0.0,0.0,1.0,0.0,0.0,0.0,1.0,0.0,0.0,0.0,0.0,1.0,0.0,0.0,1.0,0.0,0.0,1
-1.2379353191162747,-0.20342034864612005,-0.20342126030321014,-0.5831866525803752,1.0150555555061074,0.7503643032712972,-0.34010063051811185,1.0233237834958013,-0.4450162745467539,-0.26947110585479506,-0.9281035531648149,-0.8902810301600532,0.0,1.0,0.0,0.0,1.0,0.0,1.0,0.0,0.0,0.0,1.0,0.0,0.0,0.0,1.0,0.0,0.0,0.0,0.0,1.0,0
1.4869492650697618,1.4038334702702315,1.403832525953164,0.6175504712856972,0.5580216886897326,-0.8185978119270593,1.1387466003205837,-0.9278000142320425,-0.36564320530410843,-0.2161570911099266,1.5281514267322702,0.022827718722052668,0.0,1.0,0.0,1.0,0.0,1.0,0.0,0.0,0.0,1.0,0.0,0.0,0.0,0.0,1.0,0.0,0.0,0.0,1.0,0.0,1
1.7078858529767378,-0.8182168914010086,-0.8182169122844537,1.953581918967665,0.32950475528154516,-0.23023701872767557,-0.5170567094218874,0.047761884631879505,-0.504546076478738,-0.3727670094229774,1.1228288227888568,-0.8902810301600532,1.0,0.0,0.0,1.0,0.0,1.0,0.0,0.0,0.0,1.0,0.0,0.0,0.0,0.0,1.0,0.0,1.0,0.0,0.0,0.0,1
-1.2379353191162747,-0.15731060793950338,-0.15731152053356007,-0.5606375986110593,0.6265767687121888,-0.720537679727162,1.3915409987545488,0.047761884631879505,-0.36564320530410843,1.3546070683107592,-0.6694340368300183,0.022827718722052668,0.0,1.0,0.0,1.0,0.0,0.0,0.0,1.0,0.0,1.0,0.0,0.0,0.0,1.0,0.0,0.0,0.0,0.0,0.0,1.0,0
0.8977850306511593,0.7802541197617017,0.7802549446775067,1.1249041855953053,-1.7271476453921417,1.7309656252702699,-0.997366066446421,-0.9278000142320425,3.7386059167843495,-1.3077615430111071,-1.0025355222526053,-0.8902810301600532,0.0,1.0,0.0,1.0,0.0,1.0,0.0,0.0,0.0,1.0,0.0,0.0,1.0,0.0,0.0,0.0,0.0,0.0,1.0,0.0,1
-1.3115808484186,-0.32637965719709777,-0.3263788097940953,-0.5099022271800985,1.254998335584704,-0.720537679727162,-0.8330497074643437,-0.9278000142320425,0.25941971498172434,1.3579391942323134,-0.4711944359922398,-0.8902810301600532,1.0,0.0,0.0,1.0,0.0,1.0,0.0,0.0,0.0,0.0,1.0,0.0,0.0,0.0,1.0,0.0,0.0,1.0,0.0,0.0,0
-1.2379353191162747,0.15887047119158218,0.15886955217261192,-0.5831866525803752,0.5237441486785045,-1.112778208526751,-0.6181744687954734,0.047761884631879505,-0.4020225287069876,1.3579391942323134,0.12057656576514372,0.9359364676041585,1.0,0.0,1.0,0.0,0.0,1.0,0.0,0.0,0.0,0.0,1.0,0.0,0.0,0.0,1.0,0.0,0.0,0.0,1.0,0.0,0
-1.3115808484186,-0.48666589870105087,-0.48666680460248923,-0.5831866525803752,-1.5557599453360011,-0.8185978119270593,-0.16314455161433633,0.047761884631879505,-0.947712379750175,-0.37376664719944375,-0.9148384497630304,-0.8902810301600532,1.0,0.0,0.0,0.0,1.0,1.0,0.0,0.0,0.0,1.0,0.0,0.0,0.0,0.0,1.0,0.0,0.0,0.0,1.0,0.0,1
-0.8697076726046482,-0.20561605058453036,-0.20561608391624547,-0.5606375986110593,0.7065576954050544,1.7309656252702699,0.6710769632177483,0.047761884631879505,-0.9675556470608363,-0.7969466392368368,0.6784478588290781,0.022827718722052668,1.0,0.0,0.0,1.0,0.0,0.0,1.0,0.0,1.0,0.0,0.0,0.0,1.0,0.0,0.0,0.0,0.0,0.0,1.0,0.0,1
-0.8697076726046482,-1.0158300658579371,-1.0158300827258113,0.036912331575812425,0.6837060020642356,1.7309656252702699,0.24132648588000777,-0.9278000142320425,0.5306110348940962,-0.6173450520650614,-0.4652988344803356,-0.8902810301600532,0.0,1.0,0.0,1.0,0.0,1.0,0.0,0.0,0.0,0.0,1.0,0.0,0.0,1.0,0.0,0.0,0.0,0.0,0.0,1.0,0
-0.05960685027906976,-0.8094340836473674,-0.8094349829900398,-0.5831866525803752,0.512318302008095,1.7309656252702699,0.5573194839224641,1.0233237834958013,0.05437261943822365,0.18603050762167447,-0.7527094081856651,2.76215396536837,0.0,1.0,0.0,0.0,1.0,1.0,0.0,0.0,0.0,1.0,0.0,0.0,0.0,1.0,0.0,0.0,0.0,0.0,0.0,1.0,0
-0.13325237958139508,3.643449447448754,3.643448457621883,-0.5831866525803752,-1.9442387321299197,-0.720537679727162,0.21604704603661126,1.0233237834958013,-0.8021950861386583,-1.3077615430111071,-1.233937881594845,0.022827718722052668,0.0,1.0,0.0,0.0,1.0,0.0,1.0,0.0,0.0,1.0,0.0,0.0,1.0,0.0,0.0,0.0,0.0,0.0,1.0,0.0,1
-0.2068979088837204,1.0393469484941191,1.0393468898643068,-0.10965651922474103,1.8834199024572196,0.26006364227181084,-1.743109541826618,0.047761884631879505,0.08744473162265926,-0.7482976007821444,-0.6959642436335872,0.022827718722052668,1.0,0.0,0.0,1.0,0.0,1.0,0.0,0.0,0.0,1.0,0.0,0.0,0.0,0.0,1.0,0.0,0.0,1.0,0.0,0.0,0
-0.2805434381860457,-0.5261885335924366,-0.5261894386907607,-0.5831866525803752,-0.2417875782389234,1.7309656252702699,1.7328134366404015,-0.9278000142320425,3.566630933425284,-1.0578520988945366,0.31218361490203006,-0.8902810301600532,0.0,1.0,0.0,0.0,1.0,0.0,1.0,0.0,0.0,1.0,0.0,0.0,1.0,0.0,0.0,0.0,0.0,0.0,1.0,0.0,1
0.8977850306511593,-0.8775008437380871,-0.877500863416861,0.042549595068141405,0.13526536188458582,1.7309656252702699,1.1387466003205837,0.047761884631879505,-0.9311763236579572,-0.5856898558102956,0.2348038450582875,0.022827718722052668,1.0,0.0,0.0,1.0,0.0,0.0,1.0,0.0,0.0,0.0,1.0,0.0,0.0,0.0,1.0,0.0,1.0,0.0,0.0,0.0,1
-1.532517436325576,-0.6535392460202349,-0.6535392702499891,0.22857929031499769,1.4492377289816636,-0.23023701872767557,1.5305779178932295,0.047761884631879505,-0.008464393712203986,0.7664868431564293,2.0779162677173364,-0.8902810301600532,1.0,0.0,0.0,1.0,0.0,1.0,0.0,0.0,0.0,0.0,1.0,0.0,0.0,0.0,1.0,1.0,0.0,0.0,0.0,0.0,1
1.1923671478604605,0.31256960688030433,0.3125704412996273,0.3075009792076034,0.386633988633592,-0.23023701872767557,1.3283423991460575,1.9988856823597234,0.33548557300592624,-0.361437781289693,0.5001059130939762,-0.8902810301600532,0.0,1.0,0.0,1.0,0.0,1.0,0.0,0.0,0.0,0.0,0.0,1.0,0.0,0.0,1.0,0.0,0.0,0.0,1.0,0.0,1
0.014038679023255554,-0.9916773445354237,-0.9916764836133323,-0.5831866525803752,-0.39032358495424524,-0.8185978119270593,0.46884144447057635,-0.9278000142320425,-0.45824511942052815,1.3579391942323134,0.43009564514011395,0.022827718722052668,0.0,1.0,0.0,0.0,1.0,0.0,0.0,1.0,0.0,0.0,1.0,0.0,1.0,0.0,0.0,1.0,0.0,0.0,0.0,0.0,1
-0.5751255553953469,-0.9082406708758316,-0.9082415682107186,-0.3295097954255712,-0.6302663650328421,-0.720537679727162,-0.795130547699249,-0.9278000142320425,2.3991853733147077,1.3496088794284276,-1.141082157782354,0.9359364676041585,0.0,1.0,0.0,1.0,0.0,0.0,1.0,0.0,0.0,0.0,1.0,0.0,0.0,0.0,1.0,0.0,0.0,0.0,0.0,1.0,0
1.04507608925581,-0.3746850998421247,-0.37468600801905333,-0.5831866525803752,0.1923945952366327,0.7503643032712972,-0.6308141887171717,1.0233237834958013,-0.9179474787841829,-0.32211869541535254,-1.0445416830249228,-0.8902810301600532,1.0,0.0,0.0,0.0,1.0,1.0,0.0,0.0,0.0,1.0,0.0,0.0,0.0,0.0,1.0,0.0,0.0,0.0,0.0,1.0,1
-0.5751255553953469,-0.717214602234134,-0.7172155034507397,7.635943519235275,2.3747313092848223,1.7309656252702699,0.7089961229828431,-0.9278000142320425,-0.2961917697167937,-1.2341215601447577,0.31439446546899413,-0.8902810301600532,0.0,1.0,0.0,1.0,0.0,0.0,1.0,0.0,1.0,0.0,0.0,0.0,0.0,1.0,0.0,0.0,0.0,1.0,0.0,0.0,1
-1.0906442605116242,-0.8357825069082911,-0.8357834057155541,-0.5831866525803752,0.6608543087234169,-1.0147180763268537,-0.07466651216244855,1.0233237834958013,-0.35902878286722134,1.3579391942323134,-0.3319108502735032,-0.8902810301600532,1.0,0.0,1.0,0.0,0.0,1.0,0.0,0.0,0.0,1.0,0.0,0.0,1.0,0.0,0.0,0.0,0.0,0.0,0.0,1.0,0
0.7504939720465087,-0.7677157468175714,-0.7677148904464604,-0.5831866525803752,0.6608543087234169,-0.9166579441269566,2.1878433538215387,1.9988856823597234,-0.5111604989156251,1.3579391942323134,1.1390417269465933,0.022827718722052668,0.0,1.0,0.0,0.0,1.0,1.0,0.0,0.0,0.0,0.0,1.0,0.0,1.0,0.0,0.0,0.0,1.0,0.0,0.0,0.0,1
-1.3115808484186,-0.6689091595891071,-0.6689083052257816,-0.5831866525803752,-1.0073193051563514,-0.720537679727162,0.999709681181903,-0.9278000142320425,0.7786518762773632,0.23334669570774524,-0.33559560121844334,-0.8902810301600532,0.0,1.0,1.0,0.0,0.0,0.0,1.0,0.0,1.0,0.0,0.0,0.0,1.0,0.0,0.0,0.0,0.0,0.0,1.0,0.0,1
-1.6061629656279013,-0.21439885833817163,-0.21439801321065938,-0.5831866525803752,0.20382044190704204,-0.8185978119270593,-1.351278224253972,0.047761884631879505,2.2569752909216345,1.3579391942323134,-0.8197718753835753,-0.8902810301600532,0.0,1.0,0.0,0.0,1.0,0.0,1.0,0.0,0.0,1.0,0.0,0.0,1.0,0.0,0.0,0.0,0.0,0.0,0.0,1.0,0
-0.5014800260930217,-0.9389804980135761,-0.9389796381623036,4.986429677840656,-0.9844676118155326,-0.8185978119270593,1.7201737167187034,0.047761884631879505,-0.4483234857651974,-0.7366351600567044,-0.9597924112913,0.9359364676041585,0.0,1.0,0.0,1.0,0.0,1.0,0.0,0.0,0.0,0.0,1.0,0.0,0.0,0.0,1.0,0.0,0.0,0.0,0.0,1.0,1
-1.1642897898139495,-1.0092429600427062,-1.0092429770444327,-0.5831866525803752,0.07813612853253897,-0.9166579441269566,0.7089961229828431,-0.9278000142320425,0.7521941865298147,1.3579391942323134,0.521477468574629,-0.8902810301600532,1.0,0.0,0.0,0.0,1.0,1.0,0.0,0.0,1.0,0.0,0.0,0.0,0.0,0.0,1.0,0.0,1.0,0.0,0.0,0.0,1
-0.05960685027906976,-0.35492378239643185,-0.3549246909749176,-0.5831866525803752,0.6722801553938262,0.26006364227181084,0.30452508548849905,-0.9278000142320425,-0.8584176768521988,-0.41675107158749397,1.0351317502992818,0.022827718722052668,1.0,0.0,0.0,0.0,1.0,0.0,1.0,0.0,0.0,1.0,0.0,0.0,0.0,0.0,1.0,0.0,0.0,0.0,1.0,0.0,1
0.08768420832558087,0.027128354886963187,0.027127438545040267,-0.21676452557899162,0.4323373753152295,-0.720537679727162,0.06437040697623223,1.0233237834958013,-0.12090957513928502,0.8101376927287904,1.430874001785851,-0.8902810301600532,1.0,0.0,0.0,1.0,0.0,0.0,0.0,1.0,0.0,0.0,1.0,0.0,0.0,1.0,0.0,0.0,0.0,0.0,1.0,0.0,1
1.4869492650697618,0.03371546070219414,0.03371454422641885,3.210691677757027,0.35235644862236387,-0.720537679727162,1.303062959302661,0.047761884631879505,2.0486209841596903,-0.34544357686623234,1.3240162243825875,1.8490452164862643,0.0,1.0,0.0,1.0,0.0,1.0,0.0,0.0,0.0,1.0,0.0,0.0,0.0,0.0,1.0,0.0,0.0,0.0,1.0,0.0,1
1.7078858529767378,0.2445028467895845,0.24450192603053353,-0.5831866525803752,0.6151509220417795,-0.720537679727162,0.20340732611491302,-0.9278000142320425,-0.6037624130320448,0.5379030049378061,1.0542924552129704,-0.8902810301600532,0.0,1.0,0.0,0.0,1.0,1.0,0.0,0.0,1.0,0.0,0.0,0.0,0.0,0.0,1.0,0.0,0.0,0.0,1.0,0.0,1
0.08768420832558087,-0.6096252072520286,-0.6096243540933743,-0.5831866525803752,0.9122229354724231,1.7309656252702699,-0.9720866266030245,0.047761884631879505,-0.9377907460948444,-0.4154182212188722,1.7249171271920727,0.9359364676041585,0.0,1.0,0.0,0.0,1.0,1.0,0.0,0.0,0.0,0.0,1.0,0.0,1.0,0.0,0.0,0.0,0.0,0.0,1.0,0.0,1
0.9714305599534846,-0.8621309301692149,-0.8621318284410685,2.8329950237709856,-0.8702091451114389,-0.720537679727162,-0.34010063051811185,-0.9278000142320425,-0.09445188539173655,-0.6839875704961469,-0.9907443192287969,-0.8902810301600532,1.0,0.0,0.0,1.0,0.0,1.0,0.0,0.0,1.0,0.0,0.0,0.0,0.0,1.0,0.0,0.0,0.0,0.0,0.0,1.0,1
0.8977850306511593,-0.9806988348433721,-0.980699730705883,-0.5831866525803752,-1.4072239386206793,-0.720537679727162,-1.3891973840190668,-0.9278000142320425,-0.7525869178620049,0.27599790750364,-0.6259539756797249,0.022827718722052668,1.0,0.0,0.0,0.0,1.0,1.0,0.0,0.0,0.0,1.0,0.0,0.0,0.0,0.0,1.0,0.0,0.0,0.0,1.0,0.0,1
0.4559118548372074,-0.8665223340460356,-0.8665214756671391,-0.5831866525803752,-0.3788977382838359,-0.23023701872767557,0.21604704603661126,0.047761884631879505,-0.9311763236579572,0.7924774253445527,-0.3717061604788565,-0.8902810301600532,1.0,0.0,0.0,0.0,1.0,0.0,1.0,0.0,0.0,0.0,1.0,0.0,0.0,0.0,1.0,0.0,1.0,0.0,0.0,0.0,0
1.7078858529767378,-0.0014157703123709251,-0.0014158077935093915,4.557997652423653,0.2838013685999077,0.26006364227181084,1.6316956772668156,-0.9278000142320425,-0.6533705813086982,-1.1851393090979099,-0.6458516307824016,-0.8902810301600532,0.0,1.0,0.0,1.0,0.0,0.0,1.0,0.0,0.0,0.0,0.0,1.0,1.0,0.0,0.0,0.0,0.0,1.0,0.0,0.0,1
-0.42783449679069635,1.6453606834953665,1.6453606125511364,-0.4478923287644797,-0.0018447981603266239,0.7503643032712972,-0.7698511078558524,0.047761884631879505,1.4004075853447526,-1.1821403957685108,-0.8426173312422041,0.022827718722052668,1.0,0.0,0.0,1.0,0.0,1.0,0.0,0.0,0.0,0.0,1.0,0.0,0.0,1.0,0.0,0.0,0.0,1.0,0.0,0.0,1
0.16132973762790617,-0.508622918085154,-0.5086229452596603,1.8464739126134144,0.1923945952366327,-1.112778208526751,0.2918853655668008,1.0233237834958013,-0.8021950861386583,1.3579391942323134,0.27312525488566475,1.8490452164862643,0.0,1.0,0.0,1.0,0.0,1.0,0.0,0.0,0.0,1.0,0.0,0.0,0.0,1.0,0.0,0.0,0.0,0.0,1.0,0.0,1
1.3396582064651112,0.5145741852140534,0.5145732589670554,-0.5831866525803752,0.3066530619407264,-0.720537679727162,-1.6293520625313336,-0.9278000142320425,0.818338410898686,0.061742210747700095,0.3011293620672097,-0.8902810301600532,1.0,0.0,0.0,0.0,1.0,1.0,0.0,0.0,0.0,1.0,0.0,0.0,0.0,1.0,0.0,0.0,0.0,0.0,1.0,0.0,1
1.6342403236744125,0.8592993895444732,0.8593002128540497,0.1271085474530761,-0.0018447981603266239,0.26006364227181084,1.45473959836304,0.047761884631879505,-0.4681667530758588,-1.0341940048515013,-1.0482264339698628,0.022827718722052668,0.0,1.0,0.0,1.0,0.0,1.0,0.0,0.0,1.0,0.0,0.0,0.0,0.0,0.0,1.0,0.0,0.0,0.0,0.0,1.0,1
-1.6061629656279013,-0.7501501313102888,-0.7501510318576325,-0.5831866525803752,-0.1275291115348297,0.7503643032712972,-0.896248307072835,1.0233237834958013,-0.6533705813086982,0.14504535878655697,0.8199422951147788,0.9359364676041585,0.0,1.0,0.0,0.0,1.0,0.0,1.0,0.0,0.0,1.0,0.0,0.0,0.0,0.0,1.0,0.0,0.0,0.0,1.0,0.0,1
1.7078858529767378,-0.26050859904478824,-0.2605077529803095,-0.1660291541480308,0.39805983530400135,1.7309656252702699,-1.692550662139825,-0.9278000142320425,-0.53431097744473,-1.0885076573728358,0.39840678701362886,0.9359364676041585,0.0,1.0,0.0,1.0,0.0,1.0,0.0,0.0,0.0,1.0,0.0,0.0,0.0,0.0,1.0,1.0,0.0,0.0,0.0,0.0,1
-0.2068979088837204,-0.515210023900385,-0.5152100509410389,-0.5831866525803752,0.1809687485662233,1.7309656252702699,-0.3527403504398101,1.9988856823597234,-0.504546076478738,-0.1281889667808937,0.26501880280679646,0.022827718722052668,1.0,0.0,0.0,0.0,1.0,1.0,0.0,0.0,0.0,0.0,1.0,0.0,0.0,1.0,0.0,1.0,0.0,0.0,0.0,0.0,0
-0.5751255553953469,-0.6689091595891071,-0.6689083052257816,-0.07019567477843817,0.7522610820866918,-0.9166579441269566,-0.09994595200584505,0.047761884631879505,-0.8154239310124326,1.3579391942323134,-0.961266311669276,-0.8902810301600532,1.0,0.0,0.0,1.0,0.0,1.0,0.0,0.0,0.0,0.0,1.0,0.0,0.0,0.0,1.0,0.0,0.0,1.0,0.0,0.0,0
-1.4588719070232508,-0.8753051417996769,-0.8753060398038256,2.3030922554920616,-0.3560460449430171,-0.8185978119270593,2.1878433538215387,-0.9278000142320425,-0.4119441623623183,0.12305332770429864,0.3173422662249462,0.022827718722052668,1.0,0.0,0.0,1.0,0.0,1.0,0.0,0.0,0.0,1.0,0.0,0.0,0.0,1.0,0.0,0.0,0.0,0.0,1.0,0.0,1
-0.13325237958139508,-0.7084317944804928,-0.7084309393140531,-0.5831866525803752,-1.6928701053809134,-0.9166579441269566,0.9112316417300151,-0.9278000142320425,0.6662066948502823,-0.43207885082664355,-1.055595935859743,0.022827718722052668,0.0,1.0,0.0,0.0,1.0,1.0,0.0,0.0,1.0,0.0,0.0,0.0,0.0,0.0,1.0,0.0,1.0,0.0,0.0,0.0,1
-1.6061629656279013,-0.9258062863831141,-0.9258054267995464,-0.5831866525803752,-0.5617112850103858,-0.720537679727162,0.5825989237658606,0.047761884631879505,0.18666106817596603,1.3579391942323134,-1.054858985670755,0.022827718722052668,1.0,0.0,0.0,0.0,1.0,0.0,1.0,0.0,0.0,0.0,1.0,0.0,0.0,1.0,0.0,0.0,0.0,1.0,0.0,0.0,0
0.5295573841395328,-1.0026558542274753,-1.002655871363054,0.19475570936102382,-0.321768504931789,-0.720537679727162,0.9870699612602047,0.047761884631879505,-0.2697340799692452,1.3579391942323134,-0.9045211471171981,0.022827718722052668,0.0,1.0,0.0,1.0,0.0,1.0,0.0,0.0,0.0,1.0,0.0,0.0,1.0,0.0,0.0,0.0,0.0,0.0,0.0,1.0,0
-0.5751255553953469,1.6255993660496735,1.6255992955070007,2.6413280650318005,0.07813612853253897,0.7503643032712972,-0.4285786699699996,-0.9278000142320425,-0.5442326111000607,-1.3077615430111071,0.6290721961668805,0.9359364676041585,0.0,1.0,0.0,1.0,0.0,1.0,0.0,0.0,0.0,1.0,0.0,0.0,1.0,0.0,0.0,0.0,1.0,0.0,0.0,0.0,1
0.014038679023255554,-0.4427518599328445,-0.4427518884458745,1.8464739126134144,0.39805983530400135,-0.8185978119270593,-1.743109541826618,0.047761884631879505,-0.16059610976060773,0.6655234277333347,-1.0371721811350425,-0.8902810301600532,0.0,1.0,0.0,1.0,0.0,1.0,0.0,0.0,0.0,0.0,1.0,0.0,0.0,0.0,1.0,0.0,0.0,0.0,0.0,1.0,0
-1.3852263777209255,-0.466904581255358,-0.4669054875583535,-0.5831866525803752,1.5177928090041197,-1.0147180763268537,-1.844227301200204,0.047761884631879505,0.735658130437597,1.3579391942323134,1.8988373717932465,0.022827718722052668,1.0,0.0,0.0,0.0,1.0,1.0,0.0,0.0,0.0,1.0,0.0,0.0,0.0,0.0,1.0,1.0,0.0,0.0,0.0,0.0,0
0.8241395013488341,-0.9609375173976792,-0.9609384136617473,-0.5831866525803752,1.6434771223786229,-0.720537679727162,-0.16314455161433633,-0.9278000142320425,-0.4284802184545361,1.3579391942323134,0.735193023381156,-0.8902810301600532,0.0,1.0,0.0,0.0,1.0,1.0,0.0,0.0,0.0,1.0,0.0,0.0,0.0,1.0,0.0,0.0,0.0,0.0,1.0,0.0,0
1.5605947943720873,-0.2912484261825327,-0.2912484577741671,-0.5831866525803752,0.15811705522540456,0.7503643032712972,0.6963564030611449,0.047761884631879505,-0.5243893437893993,-0.639670295739475,1.1360939261906413,0.022827718722052668,0.0,1.0,0.0,0.0,1.0,0.0,1.0,0.0,0.0,1.0,0.0,0.0,0.0,0.0,1.0,0.0,1.0,0.0,0.0,0.0,1
-0.7960621433023229,-0.5942552936831563,-0.5942553191175819,-0.5831866525803752,-0.024696491501145366,-1.112778208526751,0.1275690065847235,0.047761884631879505,-0.6599850037455853,1.3579391942323134,0.7381408241371081,-0.8902810301600532,1.0,0.0,0.0,0.0,1.0,1.0,0.0,0.0,1.0,0.0,0.0,0.0,0.0,1.0,0.0,1.0,0.0,0.0,0.0,0.0,1
-0.13325237958139508,0.095195114977683,0.09519595381413404,1.5251498935506627,-0.42460112496547336,-0.720537679727162,1.9856078350743667,-0.9278000142320425,5.289687978234379,-0.5926873202455597,-0.7350226036499525,-0.8902810301600532,1.0,0.0,0.0,1.0,0.0,1.0,0.0,0.0,0.0,1.0,0.0,0.0,0.0,1.0,0.0,0.0,0.0,0.0,0.0,1.0,1
0.6768484427441834,-0.27807421455207076,-0.2780742464114099,-0.15475462716337285,-1.5786116386768199,1.7309656252702699,1.3662615589111522,-0.9278000142320425,-0.5541542447553913,-1.3077615430111071,-1.1543472611841383,-0.8902810301600532,1.0,0.0,0.0,1.0,0.0,1.0,0.0,0.0,0.0,1.0,0.0,0.0,0.0,0.0,1.0,0.0,0.0,1.0,0.0,0.0,1
1.6342403236744125,1.283069863657664,1.2830698000753145,-0.5831866525803752,0.24952382858867955,-0.9166579441269566,-0.997366066446421,-0.9278000142320425,2.1114579973101177,0.32331409558971075,-0.7070184964684076,-0.8902810301600532,0.0,1.0,0.0,0.0,1.0,1.0,0.0,0.0,0.0,1.0,0.0,0.0,0.0,0.0,1.0,0.0,0.0,0.0,0.0,1.0,0
1.6342403236744125,0.9581059767729373,0.9581067980747284,-0.07583293827076715,-0.20751003822769531,-0.8185978119270593,1.1766657600856785,-0.9278000142320425,0.09736636527798993,-0.340445387983901,-0.6664862360740662,-0.8902810301600532,0.0,1.0,0.0,1.0,0.0,1.0,0.0,0.0,0.0,1.0,0.0,0.0,1.0,0.0,0.0,0.0,0.0,0.0,0.0,1.0,1
-1.532517436325576,0.7670799081312398,0.7670807333147496,-0.5831866525803752,-1.7157217987217324,-1.0147180763268537,0.6963564030611449,2.9744475812236453,-0.3292638819012293,-0.5073848966537703,-1.264152839343354,-0.8902810301600532,0.0,1.0,0.0,0.0,1.0,1.0,0.0,0.0,0.0,1.0,0.0,0.0,0.0,1.0,0.0,0.0,0.0,0.0,0.0,1.0,1
-1.532517436325576,-0.06289542458785978,-0.06289458253895197,-0.5831866525803752,-0.7330989850665264,0.26006364227181084,-1.2248810250369895,-0.9278000142320425,-0.4913172316049637,-1.0685149018435103,-0.13882990075864085,0.9359364676041585,0.0,1.0,0.0,0.0,1.0,1.0,0.0,0.0,0.0,1.0,0.0,0.0,0.0,1.0,0.0,0.0,0.0,0.0,1.0,0.0,1
1.4133037357674365,5.239724756673054,5.239725490970807,1.192551347503253,-1.121577771860445,0.7503643032712972,0.5952386436875589,0.047761884631879505,-0.8418816207599811,-1.3077615430111071,-1.1513994604281863,0.9359364676041585,1.0,0.0,0.0,1.0,0.0,1.0,0.0,0.0,1.0,0.0,0.0,0.0,0.0,0.0,1.0,0.0,0.0,0.0,0.0,1.0,1
1.5605947943720873,-0.5327756394076675,-0.5327765443721393,-0.5831866525803752,0.37520814196318264,1.7309656252702699,-0.6181744687954734,-0.9278000142320425,1.2681191366070101,-0.9125714087147702,1.371917986666809,-0.8902810301600532,1.0,0.0,0.0,0.0,1.0,1.0,0.0,0.0,0.0,1.0,0.0,0.0,0.0,0.0,1.0,1.0,0.0,0.0,0.0,0.0,1
0.3822663255348821,-0.5591240626685913,-0.5591249670976537,-0.5831866525803752,-0.19608419155728593,-1.0147180763268537,-0.15050483169263806,1.0233237834958013,-0.5276965550078428,1.3579391942323134,-0.6753296383419225,0.022827718722052668,1.0,0.0,0.0,0.0,1.0,0.0,1.0,0.0,0.0,1.0,0.0,0.0,0.0,0.0,1.0,0.0,0.0,0.0,0.0,1.0,1
1.3396582064651112,0.3674621553405622,0.36746211036369125,0.6626485792243291,-0.413175278295064,-0.23023701872767557,0.35508396517529206,0.047761884631879505,-0.7294364393329,-0.9042410939108845,-0.026813472032461146,0.9359364676041585,1.0,0.0,0.0,1.0,0.0,0.0,0.0,1.0,0.0,1.0,0.0,0.0,0.0,0.0,1.0,0.0,1.0,0.0,0.0,0.0,1
-1.532517436325576,0.05347677814788698,0.0534758612705546,-0.5831866525803752,1.460663575652073,-0.720537679727162,1.0249891210252995,0.047761884631879505,1.1093729981217193,1.3579391942323134,-0.6532211326722818,0.9359364676041585,0.0,1.0,0.0,0.0,1.0,1.0,0.0,0.0,0.0,0.0,1.0,0.0,0.0,1.0,0.0,0.0,0.0,0.0,0.0,1.0,0
-1.4588719070232508,-0.932393392198345,-0.932392532480925,-0.5831866525803752,-0.18465834488687655,-0.8185978119270593,-1.743109541826618,-0.9278000142320425,-0.14406005366838995,1.3579391942323134,0.7506689773499046,0.9359364676041585,1.0,0.0,0.0,0.0,1.0,0.0,1.0,0.0,0.0,1.0,0.0,0.0,0.0,1.0,0.0,0.0,0.0,0.0,1.0,0.0,0
1.266012677162786,0.7012088499789303,0.7012096765009637,-0.5831866525803752,-1.921387038789101,-0.9166579441269566,-0.896248307072835,0.047761884631879505,-0.23996917900325318,-1.2167945053526756,-1.1956164717674678,1.8490452164862643,1.0,0.0,0.0,0.0,1.0,1.0,0.0,0.0,0.0,1.0,0.0,0.0,0.0,1.0,0.0,0.0,0.0,0.0,1.0,0.0,1
0.2349752669302315,0.3498965398332797,0.34989561693259086,0.7528447951015927,-1.9442387321299197,-0.9166579441269566,-1.1616824254284983,-0.9278000142320425,-0.07791582929951875,-1.3077615430111071,-1.2125663261141923,0.022827718722052668,1.0,0.0,0.0,1.0,0.0,1.0,0.0,0.0,1.0,0.0,0.0,0.0,1.0,0.0,0.0,0.0,0.0,0.0,1.0,0.0,1
-0.7224166139999976,-0.4800787928858199,-0.48007969892111063,-0.5831866525803752,1.0264814021765167,-0.9166579441269566,-0.9088880269945332,1.0233237834958013,-0.8352671983230939,1.3579391942323134,-0.33559560121844334,0.9359364676041585,1.0,0.0,0.0,1.0,0.0,0.0,1.0,0.0,0.0,1.0,0.0,0.0,1.0,0.0,0.0,0.0,0.0,0.0,0.0,1.0,0
-1.1642897898139495,-0.9236105844447038,-0.923610603186511,-0.5831866525803752,-0.3331943516021984,-0.720537679727162,0.6457975233743518,-0.9278000142320425,-0.8451888319784246,1.3579391942323134,-1.0364352309460545,-0.8902810301600532,0.0,1.0,0.0,0.0,1.0,0.0,1.0,0.0,1.0,0.0,0.0,0.0,0.0,0.0,1.0,0.0,0.0,1.0,0.0,0.0,0
-0.6487710846976723,-0.6118209091904389,-0.6118218125486823,-0.5831866525803752,0.7522610820866918,0.26006364227181084,-0.5549758691869822,-0.9278000142320425,-0.699671538366908,-0.05488219650669955,-0.9045211471171981,0.9359364676041585,0.0,1.0,1.0,0.0,0.0,0.0,1.0,0.0,1.0,0.0,0.0,0.0,0.0,0.0,1.0,0.0,0.0,0.0,0.0,1.0,0
0.6032029134418581,0.08641230722404174,0.08641138967744752,0.33005003317691933,1.460663575652073,0.7503643032712972,0.07701012689793048,-0.9278000142320425,-0.8484960431968682,-0.88124942505216,1.795664345334923,0.022827718722052668,0.0,1.0,0.0,1.0,0.0,0.0,0.0,1.0,0.0,1.0,0.0,0.0,0.0,1.0,0.0,1.0,0.0,0.0,0.0,0.0,1
-0.6487710846976723,-0.6249951208209008,-0.6249960239114395,-0.23931357954830754,-0.024696491501145366,1.7309656252702699,-1.4776754234709546,1.0233237834958013,-0.7459724954251178,-0.4797282515048697,0.9260631223290543,-0.8902810301600532,1.0,0.0,0.0,1.0,0.0,1.0,0.0,0.0,0.0,0.0,1.0,0.0,0.0,0.0,1.0,0.0,0.0,0.0,1.0,0.0,1
-1.6798084949302268,5.246311862488285,5.246312596652186,-0.5831866525803752,0.9579263221540606,-0.23023701872767557,1.3283423991460575,1.9988856823597234,1.1953604898012518,-1.0685149018435103,1.9990625974956178,-0.8902810301600532,0.0,1.0,0.0,0.0,1.0,1.0,0.0,0.0,1.0,0.0,0.0,0.0,0.0,0.0,1.0,0.0,0.0,0.0,1.0,0.0,1
1.266012677162786,-0.15511490600109307,-0.15511406207825212,-0.5831866525803752,-0.904486685122667,-0.720537679727162,0.5194003241573694,0.047761884631879505,-0.22343312291103537,-0.13718570676909012,-0.031235173166389293,-0.8902810301600532,1.0,0.0,1.0,0.0,0.0,0.0,1.0,0.0,1.0,0.0,0.0,0.0,0.0,0.0,1.0,0.0,1.0,0.0,0.0,0.0,1
0.5295573841395328,0.15008766343794092,0.15008762287819802,-0.5831866525803752,-0.49315620498792956,-1.0147180763268537,0.2666059257234043,1.0233237834958013,1.6021474696698097,1.3579391942323134,-1.0710718898284917,0.022827718722052668,0.0,1.0,0.0,0.0,1.0,1.0,0.0,0.0,0.0,0.0,0.0,1.0,0.0,0.0,1.0,0.0,0.0,0.0,0.0,1.0,0
-1.016998731209299,4.512947415059239,4.512946407563856,-0.5831866525803752,-0.3331943516021984,1.7309656252702699,1.1640260401639801,0.047761884631879505,-0.9576340134055057,-1.3077615430111071,-0.810928473115719,-0.8902810301600532,1.0,0.0,0.0,0.0,1.0,1.0,0.0,0.0,1.0,0.0,0.0,0.0,0.0,1.0,0.0,0.0,0.0,1.0,0.0,0.0,1
-0.2805434381860457,0.9163876399431413,0.916386705531149,-0.5831866525803752,-0.34462019827260776,-1.0147180763268537,-0.8204099875426455,0.047761884631879505,-0.18705379950815623,0.9484209184732926,0.24217334694816772,0.022827718722052668,0.0,1.0,0.0,0.0,1.0,0.0,0.0,1.0,0.0,0.0,1.0,0.0,0.0,1.0,0.0,0.0,1.0,0.0,0.0,0.0,1
-1.1642897898139495,-0.6293865246977214,-0.6293856711375101,0.7190212141476189,-1.0873002318492169,-1.0147180763268537,-2.842765175014366,1.9988856823597234,-0.9444051685317314,1.3579391942323134,-0.3702322601008805,-0.8902810301600532,1.0,0.0,0.0,1.0,0.0,0.0,1.0,0.0,0.0,0.0,1.0,0.0,0.0,1.0,0.0,0.0,0.0,0.0,1.0,0.0,0
-0.7224166139999976,-0.42518624442556197,-0.42518539501477404,-0.5831866525803752,-0.2532134249093328,-0.9166579441269566,0.25396620580170604,-0.9278000142320425,-0.5673830896291656,1.3579391942323134,0.3431355228395271,-0.8902810301600532,0.0,1.0,1.0,0.0,0.0,1.0,0.0,0.0,0.0,1.0,0.0,0.0,1.0,0.0,0.0,1.0,0.0,0.0,0.0,0.0,1
-1.3852263777209255,0.7077959557941613,0.7077967821823423,-0.5437258081340723,1.277850028925523,-0.9166579441269566,-2.185499739086057,-0.9278000142320425,-0.7162075944591259,1.3579391942323134,1.4050807451712701,-0.8902810301600532,1.0,0.0,0.0,1.0,0.0,1.0,0.0,0.0,1.0,0.0,0.0,0.0,0.0,1.0,0.0,0.0,1.0,0.0,0.0,0.0,0
-0.05960685027906976,0.095195114977683,0.09519595381413404,-0.5831866525803752,-1.7957027254145979,1.7309656252702699,-1.338638504332274,1.9988856823597234,-0.11760236392084146,-0.9292320383225415,-1.2398334831067492,1.8490452164862643,1.0,0.0,0.0,0.0,1.0,0.0,1.0,0.0,0.0,1.0,0.0,0.0,0.0,0.0,1.0,0.0,0.0,0.0,0.0,1.0,1
0.3822663255348821,-0.4164034366719207,-0.41640346572036013,3.6898590746049904,-1.0758743851788075,-0.23023701872767557,-1.047924946133214,0.047761884631879505,-0.5541542447553913,-1.1444873728549478,-0.7210205500591801,-0.8902810301600532,1.0,0.0,0.0,1.0,0.0,0.0,1.0,0.0,0.0,1.0,0.0,0.0,0.0,0.0,1.0,0.0,0.0,0.0,1.0,0.0,1
0.08768420832558087,-0.2363558777222748,-0.23635678871010307,0.7641193220862507,-0.5045820516583389,-0.720537679727162,0.9365110815734117,-0.9278000142320425,-0.3524143604303342,-0.3344475613251033,-0.2434768275949403,-0.8902810301600532,0.0,1.0,0.0,1.0,0.0,0.0,1.0,0.0,0.0,1.0,0.0,0.0,0.0,0.0,1.0,0.0,0.0,0.0,1.0,0.0,1
0.8241395013488341,2.984738865925659,2.9847378894840246,-0.5831866525803752,0.35235644862236387,-0.720537679727162,-1.7683889816700145,0.047761884631879505,-0.9444051685317314,-0.719974530448933,-0.779976565178222,0.9359364676041585,0.0,1.0,1.0,0.0,0.0,1.0,0.0,0.0,0.0,1.0,0.0,0.0,0.0,0.0,1.0,0.0,0.0,0.0,0.0,1.0,1
-0.42783449679069635,0.8109939468994461,0.8109930146290917,-0.5831866525803752,0.22667213524786078,0.26006364227181084,-1.8695067410436004,-0.9278000142320425,0.11720963258865129,-1.044190382616164,0.4772604572353475,1.8490452164862643,1.0,0.0,0.0,0.0,1.0,0.0,1.0,0.0,0.0,0.0,0.0,1.0,0.0,0.0,1.0,0.0,0.0,0.0,1.0,0.0,1
0.8241395013488341,-0.9214148825062934,-0.9214157795734758,0.0707359125297863,0.5465958420193232,0.7503643032712972,0.7089961229828431,0.047761884631879505,-0.5739975120660528,-0.0858709675771543,1.7175476253021924,-0.8902810301600532,0.0,1.0,0.0,1.0,0.0,1.0,0.0,0.0,0.0,1.0,0.0,0.0,0.0,0.0,1.0,0.0,1.0,0.0,0.0,0.0,1
1.266012677162786,-0.43177335024079294,-0.43177250069615264,-0.3576961128872161,0.512318302008095,-0.720537679727162,-0.2769020309096206,1.0233237834958013,-0.9311763236579572,1.3579391942323134,1.1375678265686173,-0.8902810301600532,1.0,0.0,0.0,1.0,0.0,1.0,0.0,0.0,0.0,0.0,1.0,0.0,0.0,0.0,1.0,0.0,1.0,0.0,0.0,0.0,0
1.6342403236744125,-0.6271908227593112,-0.6271908475244748,-0.5831866525803752,0.08956197520294834,1.7309656252702699,-0.1125856719275433,0.047761884631879505,-0.6335273139980369,-0.604682973563155,-0.0769260848836468,-0.8902810301600532,1.0,0.0,0.0,0.0,1.0,1.0,0.0,0.0,0.0,1.0,0.0,0.0,0.0,0.0,1.0,0.0,0.0,0.0,1.0,0.0,1
-0.6487710846976723,0.2510899526048155,0.2510890317119121,-0.5831866525803752,1.2321466422438854,-0.23023701872767557,-0.4159389500483014,0.047761884631879505,-0.8286527758862068,-0.08653739276146527,0.6806587093960422,0.9359364676041585,0.0,1.0,0.0,0.0,1.0,0.0,1.0,0.0,0.0,0.0,1.0,0.0,0.0,1.0,0.0,0.0,0.0,0.0,1.0,0.0,0
0.8977850306511593,0.8571036876060628,0.8571027543987417,-0.5831866525803752,-1.2015586985533107,-0.23023701872767557,0.41828256478378334,0.047761884631879505,1.8865676344559559,-1.1234949795491558,-0.5323613016782458,0.022827718722052668,0.0,1.0,0.0,0.0,1.0,0.0,0.0,1.0,0.0,0.0,0.0,1.0,0.0,0.0,1.0,1.0,0.0,0.0,0.0,0.0,1
1.5605947943720873,2.7278417391316525,2.7278407679102594,0.6964721601783029,-1.4872048653135448,-0.720537679727162,0.20340732611491302,1.0233237834958013,-0.6599850037455853,-1.2057984898115464,-0.7866091168791143,1.8490452164862643,0.0,1.0,0.0,1.0,0.0,0.0,0.0,1.0,0.0,1.0,0.0,0.0,1.0,0.0,0.0,0.0,0.0,0.0,1.0,0.0,1
-0.42783449679069635,0.6375334937650311,0.6375334433002132,2.3763766808923386,-0.31034265826137963,1.7309656252702699,0.4562017245488781,-0.9278000142320425,-0.5144677101340687,-1.3077615430111071,0.6850804105299704,1.8490452164862643,1.0,0.0,0.0,1.0,0.0,1.0,0.0,0.0,0.0,1.0,0.0,0.0,0.0,1.0,0.0,0.0,0.0,0.0,1.0,0.0,1
0.8241395013488341,-0.910436372814242,-0.9104363918237539,-0.5831866525803752,-0.5274337449991577,0.7503643032712972,-0.6813730684039647,0.047761884631879505,-0.4747811755127459,-0.09586734534181728,-0.3724431106678446,0.022827718722052668,0.0,1.0,0.0,0.0,1.0,1.0,0.0,0.0,1.0,0.0,0.0,0.0,0.0,0.0,1.0,0.0,1.0,0.0,0.0,0.0,1
-1.6798084949302268,-0.3856636095341763,-0.38566276092650253,-0.5831866525803752,-1.4986307119839541,-0.720537679727162,-1.1490427055068,-0.9278000142320425,1.2052821234565825,-0.8052769540407225,-1.2214097283820486,-0.8902810301600532,1.0,0.0,0.0,0.0,1.0,1.0,0.0,0.0,0.0,1.0,0.0,0.0,0.0,0.0,1.0,0.0,0.0,0.0,0.0,1.0,1
-0.5751255553953469,-0.6425607363281833,-0.6425598825002673,-0.5831866525803752,1.220720795573476,1.7309656252702699,2.1878433538215387,0.047761884631879505,-0.1142951527023979,-0.2917963495292085,2.074231516772396,-0.8902810301600532,0.0,1.0,0.0,0.0,1.0,0.0,1.0,0.0,0.0,1.0,0.0,0.0,1.0,0.0,0.0,0.0,0.0,0.0,1.0,0.0,1
-0.5751255553953469,1.6717091067562901,1.6717090352766508,-0.5831866525803752,1.0150555555061074,0.7503643032712972,0.46884144447057635,0.047761884631879505,-0.3028061921536808,-1.0758455788709296,2.1449787349152465,0.022827718722052668,1.0,0.0,0.0,0.0,1.0,1.0,0.0,0.0,0.0,0.0,1.0,0.0,0.0,1.0,0.0,0.0,0.0,0.0,1.0,0.0,1
1.266012677162786,-0.45592607156330645,-0.45592609980863164,-0.13220557319405693,0.78653862209792,1.7309656252702699,1.3283423991460575,0.047761884631879505,-0.9146402675657394,-0.7346358845037718,-0.4343469265428386,-0.8902810301600532,0.0,1.0,0.0,1.0,0.0,0.0,1.0,0.0,1.0,0.0,0.0,0.0,0.0,1.0,0.0,0.0,0.0,1.0,0.0,0.0,1
1.04507608925581,3.469988994314339,3.469988886293004,-0.5831866525803752,0.5808733820305513,-0.23023701872767557,1.1134671604771873,0.047761884631879505,-0.8981042114735216,-1.0778448544238624,0.8818461109897728,2.76215396536837,0.0,1.0,0.0,0.0,1.0,1.0,0.0,0.0,1.0,0.0,0.0,0.0,0.0,1.0,0.0,0.0,0.0,0.0,1.0,0.0,1
0.9714305599534846,-0.6052338033752079,-0.6052347068673037,-0.5831866525803752,0.11241366854376708,-0.23023701872767557,-1.0732043859766105,0.047761884631879505,-0.3061134033721244,0.46659551021654455,-1.0312765796231382,-0.8902810301600532,0.0,1.0,0.0,0.0,1.0,0.0,1.0,0.0,1.0,0.0,0.0,0.0,0.0,1.0,0.0,0.0,0.0,0.0,0.0,1.0,0
-1.016998731209299,-0.14194069437063117,-0.14193985071549498,-0.5831866525803752,0.9122229354724231,-0.9166579441269566,-0.5044169895001891,-0.9278000142320425,-0.7988878749202148,1.3579391942323134,1.2503212054837851,-0.8902810301600532,1.0,0.0,0.0,0.0,1.0,1.0,0.0,0.0,1.0,0.0,0.0,0.0,0.0,0.0,1.0,0.0,0.0,0.0,1.0,0.0,1
0.6768484427441834,-0.8775008437380871,-0.877500863416861,-0.4478923287644797,2.0548076025133604,-0.8185978119270593,-0.542336149265284,0.047761884631879505,-0.008464393712203986,1.3579391942323134,-1.0312765796231382,1.8490452164862643,1.0,0.0,0.0,1.0,0.0,0.0,1.0,0.0,0.0,0.0,1.0,0.0,0.0,1.0,0.0,0.0,0.0,0.0,0.0,1.0,0
-1.2379353191162747,-0.9367847960751657,-0.9367848145492682,-0.5831866525803752,-0.6074146716920232,-0.8185978119270593,0.21604704603661126,-0.9278000142320425,-0.3259566706827857,1.3579391942323134,-0.03639382448930546,-0.8902810301600532,1.0,0.0,0.0,0.0,1.0,1.0,0.0,0.0,0.0,1.0,0.0,0.0,0.0,1.0,0.0,0.0,1.0,0.0,0.0,0.0,1
0.5295573841395328,0.8944306205590382,0.894430564873978,0.1722066553917079,-0.8702091451114389,-0.9166579441269566,-0.9088880269945332,0.047761884631879505,-0.6037624130320448,-0.41608464640318304,0.07046395291395806,-0.8902810301600532,1.0,0.0,0.0,1.0,0.0,1.0,0.0,0.0,0.0,1.0,0.0,0.0,0.0,1.0,0.0,0.0,0.0,0.0,1.0,0.0,1
-1.2379353191162747,-0.23416017578386447,-0.23415933025479513,-0.5831866525803752,-0.8359316051002107,0.26006364227181084,-0.049387072319052046,-0.9278000142320425,0.4677740217436686,-1.0475225085377182,-0.6193214239788327,0.9359364676041585,1.0,0.0,0.0,0.0,1.0,0.0,1.0,0.0,0.0,1.0,0.0,0.0,1.0,0.0,0.0,1.0,0.0,0.0,0.0,0.0,1
-1.4588719070232508,-0.49984011033151277,-0.4998410159652464,-0.5831866525803752,-0.9616159184747138,1.7309656252702699,-0.5802553090303787,0.047761884631879505,0.22965481401573232,-0.9545561953263539,-0.4807747884490841,0.022827718722052668,1.0,0.0,0.0,0.0,1.0,1.0,0.0,0.0,0.0,1.0,0.0,0.0,1.0,0.0,0.0,0.0,1.0,0.0,0.0,0.0,1
-1.1642897898139495,1.4104205760854625,1.4104196316345428,0.3244127696845903,0.03243274185090149,-0.8185978119270593,-1.6167123426096355,1.0233237834958013,-0.21020427803726113,-0.27180359399988285,0.9024807162814376,-0.8902810301600532,0.0,1.0,0.0,1.0,0.0,1.0,0.0,0.0,0.0,0.0,0.0,1.0,0.0,1.0,0.0,0.0,0.0,0.0,1.0,0.0,1
1.4869492650697618,0.615576474380928,0.6155773026430421,-0.5831866525803752,-0.49315620498792956,-1.0147180763268537,-1.692550662139825,-0.9278000142320425,0.11720963258865129,0.9434227295909614,-1.0364352309460545,-0.8902810301600532,1.0,0.0,0.0,0.0,1.0,1.0,0.0,0.0,0.0,1.0,0.0,0.0,1.0,0.0,0.0,0.0,0.0,0.0,0.0,1.0,0
0.5295573841395328,-0.025568491634884404,-0.025569406905988402,0.8486782744711854,-0.3788977382838359,0.7503643032712972,1.796012036248893,0.047761884631879505,-0.5607686671922785,-1.0715138151729091,0.5752748323707547,-0.8902810301600532,1.0,0.0,0.0,1.0,0.0,0.0,1.0,0.0,0.0,0.0,1.0,0.0,0.0,0.0,1.0,1.0,0.0,0.0,0.0,0.0,1
-0.6487710846976723,-0.21879026221499226,-0.21879029527900265,-0.5831866525803752,-0.5274337449991577,-0.9166579441269566,2.0235269948394614,0.047761884631879505,1.6087618921066968,1.3579391942323134,-0.09903459055328753,-0.8902810301600532,0.0,1.0,0.0,0.0,1.0,1.0,0.0,0.0,0.0,0.0,1.0,0.0,0.0,0.0,1.0,0.0,0.0,0.0,1.0,0.0,1
0.5295573841395328,1.3687022392556665,1.368702173933236,-0.5831866525803752,0.6151509220417795,1.7309656252702699,1.0881877206337907,0.047761884631879505,-0.9047186339104087,-1.1791414824391122,-0.36728445934492837,-0.8902810301600532,0.0,1.0,1.0,0.0,0.0,1.0,0.0,0.0,0.0,0.0,1.0,0.0,0.0,0.0,1.0,0.0,0.0,1.0,0.0,0.0,1
1.266012677162786,0.3872234727862551,0.387223427407827,-0.4309805382874928,1.3692568022887979,0.26006364227181084,1.5432176378149278,-0.9278000142320425,-0.6864426934931338,-0.7056463889862497,-0.7630267108314974,-0.8902810301600532,1.0,0.0,0.0,1.0,0.0,1.0,0.0,0.0,0.0,1.0,0.0,0.0,0.0,1.0,0.0,0.0,0.0,0.0,0.0,1.0,1
0.7504939720465087,0.39381057860148605,0.3938105330892056,-0.5042649636877695,-0.721673138396117,0.26006364227181084,1.2398643596941699,1.0233237834958013,-0.31603503702745506,-0.8912458028168228,0.09920501028449101,0.9359364676041585,1.0,0.0,0.0,1.0,0.0,1.0,0.0,0.0,0.0,0.0,1.0,0.0,0.0,0.0,1.0,0.0,0.0,0.0,1.0,0.0,1
-0.2068979088837204,-0.9894816425970133,-0.9894816600002969,-0.5831866525803752,0.6380026153825982,1.7309656252702699,-1.0352852262115158,0.047761884631879505,2.1974454889896506,0.31931554448384547,1.008601543495713,1.8490452164862643,1.0,0.0,0.0,0.0,1.0,0.0,0.0,1.0,1.0,0.0,0.0,0.0,0.0,0.0,1.0,1.0,0.0,0.0,0.0,0.0,0
0.30862079623255684,-0.4515346676864858,-0.4515338177402884,-0.5831866525803752,0.386633988633592,0.7503643032712972,-0.8836085871511368,-0.9278000142320425,2.223903178737199,-0.6959832238137422,-0.446875079755635,0.9359364676041585,0.0,1.0,1.0,0.0,0.0,1.0,0.0,0.0,1.0,0.0,0.0,0.0,0.0,1.0,0.0,0.0,0.0,0.0,0.0,1.0,1
-0.2805434381860457,-0.7325845158030063,-0.7325845384265322,0.6288249982703552,-0.6302663650328421,-0.9166579441269566,0.5194003241573694,0.047761884631879505,1.7542791857182134,1.2932959513541604,-0.4616140835353955,0.9359364676041585,0.0,1.0,0.0,1.0,0.0,1.0,0.0,0.0,0.0,0.0,1.0,0.0,0.0,0.0,1.0,0.0,0.0,0.0,1.0,0.0,1
-1.3852263777209255,1.5026400574986958,1.5026391111738429,-0.5831866525803752,-0.42460112496547336,-0.8185978119270593,-0.3021814707530171,0.047761884631879505,2.551317089363111,-0.5017202825871279,-0.7733440134773298,0.022827718722052668,0.0,1.0,1.0,0.0,0.0,1.0,0.0,0.0,0.0,0.0,1.0,0.0,0.0,0.0,1.0,0.0,0.0,1.0,0.0,0.0,1
-1.2379353191162747,0.8109939468994461,0.8109930146290917,-0.5831866525803752,1.6320512757082135,1.7309656252702699,-0.9088880269945332,-0.9278000142320425,-0.2300475453479225,-1.1271603180628653,2.788336249901792,-0.8902810301600532,0.0,1.0,0.0,0.0,1.0,0.0,1.0,0.0,0.0,1.0,0.0,0.0,0.0,1.0,0.0,0.0,0.0,0.0,1.0,0.0,1
1.266012677162786,0.19180600026773692,0.19180508057950485,-0.5831866525803752,0.5922992287009606,-0.720537679727162,0.4562017245488781,-0.9278000142320425,-0.1539816873237206,0.5842195552474105,0.5605358285909943,-0.8902810301600532,1.0,0.0,0.0,0.0,1.0,0.0,0.0,1.0,0.0,1.0,0.0,0.0,0.0,0.0,1.0,0.0,0.0,0.0,1.0,0.0,1
-0.5751255553953469,0.24669854872799482,0.24669938448584144,0.8092174300248824,0.29522721527031703,0.26006364227181084,-0.0620267922407503,0.047761884631879505,0.31233509447682134,-0.9099057079775267,1.066083658236779,-0.8902810301600532,0.0,1.0,0.0,1.0,0.0,0.0,0.0,1.0,1.0,0.0,0.0,0.0,1.0,0.0,0.0,0.0,1.0,0.0,0.0,0.0,1
-1.532517436325576,-0.7194103041725444,-0.719410327063775,2.472210160261931,-1.7614251854033698,-0.720537679727162,-1.6167123426096355,0.047761884631879505,-0.6566777925271418,-1.1404888217490825,-1.0887586943642042,0.9359364676041585,0.0,1.0,0.0,1.0,0.0,1.0,0.0,0.0,0.0,0.0,1.0,0.0,0.0,0.0,1.0,0.0,0.0,0.0,1.0,0.0,1
-1.3852263777209255,-0.1463320982474518,-0.14633213278383822,-0.4535295922568087,1.277850028925523,1.7309656252702699,1.3157026792243594,0.047761884631879505,-0.947712379750175,-0.7576275533624963,0.5030537138499284,0.9359364676041585,1.0,0.0,0.0,1.0,0.0,1.0,0.0,0.0,0.0,0.0,1.0,0.0,0.0,0.0,1.0,0.0,0.0,0.0,1.0,0.0,1
-1.0906442605116242,-0.46251317737853737,-0.46251320549001024,-0.5831866525803752,-0.31034265826137963,1.7309656252702699,0.6584372432960501,0.047761884631879505,0.10398078771487705,-0.8342664495582446,0.6718153071281859,-0.8902810301600532,1.0,0.0,0.0,0.0,1.0,1.0,0.0,0.0,1.0,0.0,0.0,0.0,0.0,1.0,0.0,0.0,0.0,0.0,1.0,0.0,1
0.6768484427441834,-0.49544870645469213,-0.49544873389690314,-0.5831866525803752,-0.2532134249093328,0.7503643032712972,2.010887274917763,-0.9278000142320425,0.600062470481411,-0.8732523228404298,-0.21252491965744327,0.022827718722052668,1.0,0.0,0.0,0.0,1.0,1.0,0.0,0.0,0.0,1.0,0.0,0.0,0.0,0.0,1.0,0.0,0.0,0.0,1.0,0.0,1
-0.8697076726046482,0.6814475325332374,0.6814483594568279,0.3582363506385642,-0.6873955983848888,-1.112778208526751,-0.5296964293435856,-0.9278000142320425,-0.3061134033721244,1.3579391942323134,-1.054122035481767,-0.8902810301600532,0.0,1.0,0.0,1.0,0.0,1.0,0.0,0.0,0.0,1.0,0.0,0.0,0.0,0.0,1.0,0.0,0.0,0.0,0.0,1.0,0
0.6032029134418581,-0.6996489867268515,-0.6996490100196392,-0.2449508430406365,1.0493330955173354,-0.9166579441269566,-0.6055347488737751,1.9988856823597234,-0.7988878749202148,1.3579391942323134,-0.9796900663939766,2.76215396536837,0.0,1.0,0.0,1.0,0.0,0.0,0.0,1.0,0.0,1.0,0.0,0.0,0.0,1.0,0.0,0.0,0.0,1.0,0.0,0.0,0
-1.4588719070232508,1.6036423466655703,1.6036431548498296,0.21730476333033974,0.16954290189581395,0.7503643032712972,-0.15050483169263806,-0.9278000142320425,-0.9444051685317314,-1.2627778430701244,0.521477468574629,0.9359364676041585,0.0,1.0,0.0,1.0,0.0,0.0,1.0,0.0,0.0,1.0,0.0,0.0,1.0,0.0,0.0,0.0,0.0,0.0,1.0,0.0,1
-0.8697076726046482,0.31256960688030433,0.3125704412996273,-0.5831866525803752,0.20382044190704204,-0.720537679727162,-0.20106371137943108,1.0233237834958013,-0.20028264438193047,0.4602644709655915,0.7388777743260961,2.76215396536837,0.0,1.0,1.0,0.0,0.0,0.0,1.0,0.0,0.0,1.0,0.0,0.0,1.0,0.0,0.0,0.0,1.0,0.0,0.0,0.0,1
0.3822663255348821,-1.0026558542274753,-1.002655871363054,-0.5831866525803752,-0.6302663650328421,0.26006364227181084,1.4673793182847383,1.0233237834958013,-0.48139559794963305,1.0260594524455076,-0.5353091024341979,-0.8902810301600532,1.0,0.0,0.0,0.0,1.0,0.0,1.0,0.0,1.0,0.0,0.0,0.0,0.0,0.0,1.0,0.0,0.0,0.0,1.0,0.0,0
0.8241395013488341,0.7363400809934953,0.736340028520892,0.042549595068141405,0.32950475528154516,-0.8185978119270593,-0.2769020309096206,1.0233237834958013,-0.021693238585978224,0.3103188044956491,0.5413751236773056,2.76215396536837,1.0,0.0,0.0,1.0,0.0,1.0,0.0,0.0,1.0,0.0,0.0,0.0,0.0,1.0,0.0,0.0,1.0,0.0,0.0,0.0,1
1.4869492650697618,-0.20781175252294068,-0.2078109075292808,-0.11529378271707,-0.11610326486442034,-0.720537679727162,-0.6181744687954734,-0.9278000142320425,-0.21020427803726113,0.2633358290017337,-0.9804270165829646,1.8490452164862643,0.0,1.0,0.0,1.0,0.0,1.0,0.0,0.0,0.0,1.0,0.0,0.0,0.0,0.0,1.0,0.0,0.0,1.0,0.0,0.0,0
-1.3852263777209255,-0.3439452727043803,-0.34394530322519573,-0.5831866525803752,0.9236487821428324,-0.23023701872767557,-1.1490427055068,1.0233237834958013,0.4843100778358864,0.7141724661880274,0.340924672272563,-0.8902810301600532,0.0,1.0,0.0,0.0,1.0,0.0,0.0,1.0,0.0,1.0,0.0,0.0,0.0,0.0,1.0,0.0,0.0,0.0,1.0,0.0,0
-0.13325237958139508,-0.7216060061109547,-0.7216051506768103,0.2849519252382875,-0.5160078983287483,1.7309656252702699,0.8480330421215239,-0.9278000142320425,-0.6434489476533675,-1.1678122543058278,0.15447627445859283,2.76215396536837,0.0,1.0,0.0,1.0,0.0,0.0,1.0,0.0,0.0,0.0,0.0,1.0,0.0,1.0,0.0,0.0,0.0,0.0,1.0,0.0,1
-0.2068979088837204,-0.15511490600109307,-0.15511406207825212,-0.18294094462501775,0.512318302008095,-0.9166579441269566,0.24132648588000777,-0.9278000142320425,-0.6930571159300208,1.3579391942323134,0.462521453455587,0.022827718722052668,1.0,0.0,0.0,1.0,0.0,1.0,0.0,0.0,0.0,1.0,0.0,0.0,0.0,0.0,1.0,0.0,0.0,0.0,1.0,0.0,1
0.7504939720465087,0.6089893685656971,0.6089901969616636,1.181276820518595,-0.39032358495424524,1.7309656252702699,1.8212914760922894,1.0233237834958013,-0.7327436505513436,-1.1538173254352997,0.09920501028449101,0.9359364676041585,0.0,1.0,0.0,1.0,0.0,0.0,0.0,1.0,0.0,0.0,1.0,0.0,0.0,0.0,1.0,0.0,1.0,0.0,0.0,0.0,1
-1.3115808484186,-0.18146332926201686,-0.18146248480376648,-0.08147020176309612,1.529218655674529,-1.0147180763268537,0.8101138823564291,-0.9278000142320425,-0.21020427803726113,1.3579391942323134,1.7691341385313542,-0.8902810301600532,0.0,1.0,0.0,1.0,0.0,1.0,0.0,0.0,0.0,1.0,0.0,0.0,0.0,0.0,1.0,0.0,0.0,0.0,1.0,0.0,1
0.6032029134418581,1.1074137085848388,1.1074127702911278,-0.5831866525803752,-1.9442387321299197,0.7503643032712972,-0.9847263465247228,-0.9278000142320425,0.04445098578289297,-1.3077615430111071,-1.264152839343354,-0.8902810301600532,1.0,0.0,0.0,0.0,1.0,1.0,0.0,0.0,0.0,1.0,0.0,0.0,0.0,0.0,1.0,0.0,0.0,0.0,0.0,1.0,1
-1.4588719070232508,-0.813825487524188,-0.8138246302161105,0.34696182365390627,-0.904486685122667,1.7309656252702699,-0.3021814707530171,2.9744475812236453,-0.3623359940856649,-0.18183619411791752,-1.0408569320799825,-0.8902810301600532,0.0,1.0,0.0,1.0,0.0,1.0,0.0,0.0,1.0,0.0,0.0,0.0,0.0,0.0,1.0,0.0,0.0,0.0,0.0,1.0,1
-0.7224166139999976,3.0506099240779685,3.0506089462978103,-0.5831866525803752,-1.0187451518267607,0.26006364227181084,-0.744571668012456,-0.9278000142320425,-0.8154239310124326,-1.3077615430111071,-0.3282260993285631,-0.8902810301600532,0.0,1.0,0.0,0.0,1.0,0.0,1.0,0.0,1.0,0.0,0.0,0.0,0.0,0.0,1.0,0.0,0.0,0.0,1.0,0.0,1
-0.2068979088837204,1.1535234492914554,1.153522510060778,-0.08147020176309612,-0.7673765250777544,-0.720537679727162,-0.18842399145773284,-0.9278000142320425,0.6860499621609436,-0.8852479761580251,0.1382633703008563,0.9359364676041585,0.0,1.0,0.0,1.0,0.0,0.0,1.0,0.0,0.0,1.0,0.0,0.0,0.0,0.0,1.0,0.0,0.0,0.0,1.0,0.0,1
-1.4588719070232508,-0.945567603828807,-0.9455667438436821,-0.5831866525803752,1.2092949489030667,-0.8185978119270593,-2.349816098068134,0.047761884631879505,1.7840440866842056,1.3579391942323134,0.5494815757561738,-0.8902810301600532,0.0,1.0,0.0,0.0,1.0,0.0,0.0,1.0,0.0,1.0,0.0,0.0,0.0,0.0,1.0,0.0,1.0,0.0,0.0,0.0,0
0.5295573841395328,-0.9433719018903967,-0.9433719202306468,-0.5831866525803752,0.47804076199686696,-1.0147180763268537,-0.44121838989169787,-0.9278000142320425,1.0002350279130818,1.3579391942323134,-0.9096797984401143,-0.8902810301600532,1.0,0.0,0.0,0.0,1.0,0.0,1.0,0.0,0.0,0.0,0.0,1.0,0.0,0.0,1.0,0.0,0.0,0.0,0.0,1.0,0
-1.532517436325576,-0.7457587274334682,-0.7457587497892894,-0.3013234779639263,-0.6074146716920232,-0.9166579441269566,-0.5802553090303787,-0.9278000142320425,-0.894797000255078,1.3579391942323134,-0.2471615785398804,-0.8902810301600532,1.0,0.0,0.0,1.0,0.0,1.0,0.0,0.0,0.0,1.0,0.0,0.0,0.0,0.0,1.0,1.0,0.0,0.0,0.0,0.0,1
0.5295573841395328,0.13910915374588934,0.13910823512847617,-0.5831866525803752,-0.6188405183624327,-0.720537679727162,0.6837166831394467,1.0233237834958013,-0.6533705813086982,0.010760684147919638,0.34903112435143124,0.022827718722052668,0.0,1.0,1.0,0.0,0.0,0.0,1.0,0.0,0.0,1.0,0.0,0.0,1.0,0.0,0.0,0.0,0.0,0.0,1.0,0.0,1
1.4133037357674365,0.01395414325650129,0.0139532271822831,-0.5831866525803752,0.4094856819744107,1.7309656252702699,1.4294601585196436,0.047761884631879505,-0.7592013402988921,-0.9372291405342718,1.343913879485264,-0.8902810301600532,0.0,1.0,0.0,0.0,1.0,0.0,1.0,0.0,0.0,1.0,0.0,0.0,0.0,0.0,1.0,1.0,0.0,0.0,0.0,0.0,1
0.6768484427441834,-0.9806988348433721,-0.980699730705883,0.13838307443773404,0.512318302008095,1.7309656252702699,-0.34010063051811185,-0.9278000142320425,-0.6864426934931338,-0.7499636637429216,1.4227675497069827,0.022827718722052668,1.0,0.0,0.0,1.0,0.0,1.0,0.0,0.0,0.0,1.0,0.0,0.0,1.0,0.0,0.0,1.0,0.0,0.0,0.0,0.0,1
0.6032029134418581,-0.2868570223057121,-0.2868561757058238,-0.5831866525803752,1.0836106355285635,-0.8185978119270593,1.252504079615868,0.047761884631879505,-0.7757373963911098,1.3579391942323134,1.8995743219822345,-0.8902810301600532,0.0,1.0,0.0,0.0,1.0,1.0,0.0,0.0,0.0,0.0,1.0,0.0,0.0,0.0,1.0,0.0,0.0,0.0,1.0,0.0,1
-1.2379353191162747,0.035911162640604455,0.035912002681726785,-0.5831866525803752,1.2664241822551137,-0.720537679727162,-0.8709688672294384,-0.9278000142320425,-0.6665994261824724,1.3579391942323134,2.4183872550298036,0.9359364676041585,1.0,0.0,0.0,0.0,1.0,1.0,0.0,0.0,0.0,1.0,0.0,0.0,0.0,0.0,1.0,0.0,0.0,0.0,1.0,0.0,0
-0.2068979088837204,0.4948128677683606,0.49481194192291966,2.021229080875613,-0.1275291115348297,-0.8185978119270593,0.43092228470548155,-0.9278000142320425,-0.7195148056775693,-0.43241206341879906,0.3593484269972636,-0.8902810301600532,1.0,0.0,0.0,1.0,0.0,1.0,0.0,0.0,0.0,1.0,0.0,0.0,0.0,0.0,1.0,1.0,0.0,0.0,0.0,0.0,1
-0.7960621433023229,-0.44933896574807547,-0.44933899412725303,-0.058921147793780215,1.095036482198973,-0.8185978119270593,1.3409821190677558,1.0233237834958013,1.0696864635003964,1.3579391942323134,1.6630133113170786,-0.8902810301600532,1.0,0.0,0.0,1.0,0.0,0.0,1.0,0.0,1.0,0.0,0.0,0.0,1.0,0.0,0.0,1.0,0.0,0.0,0.0,0.0,1
-0.7224166139999976,0.8044068410842152,0.8044059089477131,1.451865468150386,1.1750174088918386,-0.720537679727162,-0.16314455161433633,0.047761884631879505,0.41155143103012815,-0.032223740240130486,-0.567734910749671,0.022827718722052668,0.0,1.0,0.0,1.0,0.0,1.0,0.0,0.0,1.0,0.0,0.0,0.0,1.0,0.0,0.0,0.0,0.0,1.0,0.0,0.0,0
0.16132973762790617,-0.36809799402689375,-0.3680989023376747,-0.5831866525803752,0.8436678554499668,-1.0147180763268537,-1.0352852262115158,-0.9278000142320425,0.9142475362335493,1.3579391942323134,1.2945382168230664,0.022827718722052668,0.0,1.0,1.0,0.0,0.0,1.0,0.0,0.0,0.0,0.0,1.0,0.0,1.0,0.0,0.0,0.0,0.0,0.0,1.0,0.0,0
-0.42783449679069635,0.07762949947040046,0.0776294603830336,0.651374052239671,0.1809687485662233,-0.23023701872767557,-0.8077702676209472,0.047761884631879505,-0.9344835348764008,-0.6323396187120556,0.8376290996504914,-0.8902810301600532,0.0,1.0,0.0,1.0,0.0,1.0,0.0,0.0,0.0,1.0,0.0,0.0,0.0,1.0,0.0,0.0,1.0,0.0,0.0,0.0,1
1.04507608925581,-0.07387393427991136,-0.0738739702886738,0.11019675697608915,-1.0187451518267607,1.7309656252702699,-1.1743221453501966,0.047761884631879505,-0.19036101072659978,-1.1808075453998892,-0.4652988344803356,0.9359364676041585,0.0,1.0,0.0,1.0,0.0,1.0,0.0,0.0,0.0,0.0,1.0,0.0,0.0,1.0,0.0,0.0,0.0,0.0,1.0,0.0,1
1.7078858529767378,0.28622118361938054,0.28622201857411295,-0.5831866525803752,0.2838013685999077,-0.8185978119270593,2.099365314369651,-0.9278000142320425,1.562460935048487,0.6765194432744638,0.5944355372844433,0.022827718722052668,1.0,0.0,1.0,0.0,0.0,1.0,0.0,0.0,0.0,1.0,0.0,0.0,0.0,1.0,0.0,1.0,0.0,0.0,0.0,0.0,1
-0.7224166139999976,0.33233092432599715,0.33233175834376305,-0.5831866525803752,0.08956197520294834,1.7309656252702699,-0.5549758691869822,0.047761884631879505,-0.36564320530410843,-1.0708473899885982,-0.7696592625323897,-0.8902810301600532,1.0,0.0,0.0,0.0,1.0,1.0,0.0,0.0,0.0,1.0,0.0,0.0,0.0,0.0,1.0,0.0,0.0,0.0,0.0,1.0,1
0.30862079623255684,0.4860300600147193,0.48603001262850576,2.9175539761559204,-0.42460112496547336,-0.9166579441269566,1.1766657600856785,-0.9278000142320425,4.0031828142598345,-0.4197499849168928,0.07930735518181435,-0.8902810301600532,0.0,1.0,0.0,1.0,0.0,0.0,1.0,0.0,0.0,0.0,1.0,0.0,0.0,1.0,0.0,0.0,1.0,0.0,0.0,0.0,1
-0.2068979088837204,-0.7413673235566476,-0.741366467720946,-0.5831866525803752,1.5634961956857572,0.7503643032712972,-0.6560936285605682,1.9988856823597234,-0.6302201027795933,1.2496451017817993,2.3513247878318935,-0.8902810301600532,0.0,1.0,0.0,0.0,1.0,0.0,0.0,1.0,0.0,1.0,0.0,0.0,0.0,1.0,0.0,0.0,1.0,0.0,0.0,0.0,1
0.8241395013488341,-0.9982644503506546,-0.9982635892947108,-0.5831866525803752,0.03243274185090149,-0.23023701872767557,-2.0211833801039796,0.047761884631879505,-0.2664268687508017,1.3579391942323134,0.734456073192168,0.9359364676041585,0.0,1.0,0.0,0.0,1.0,1.0,0.0,0.0,0.0,1.0,0.0,0.0,0.0,1.0,0.0,0.0,0.0,0.0,1.0,0.0,0
-0.35418896748837103,-0.8862836514917284,-0.8862827927112749,-0.21112726208666263,-0.05897403151237348,-0.9166579441269566,0.039090967132835726,-0.9278000142320425,0.07090867553044145,1.3579391942323134,-1.0592806868046831,0.9359364676041585,1.0,0.0,0.0,1.0,0.0,1.0,0.0,0.0,1.0,0.0,0.0,0.0,1.0,0.0,0.0,0.0,0.0,0.0,0.0,1.0,0
-1.3115808484186,-0.4515346676864858,-0.4515338177402884,0.25112834428431363,-1.6700184120400947,1.7309656252702699,1.1134671604771873,0.047761884631879505,0.11059521015176417,-1.214128804615432,-0.9568446105353479,0.9359364676041585,0.0,1.0,0.0,1.0,0.0,1.0,0.0,0.0,0.0,1.0,0.0,0.0,0.0,0.0,1.0,0.0,0.0,0.0,1.0,0.0,1
-0.2068979088837204,-0.16828911763155496,-0.1682882734410093,-0.5831866525803752,0.6265767687121888,-0.23023701872767557,0.06437040697623223,0.047761884631879505,-0.2366619677848096,0.06407469889278809,1.6195332501667852,0.9359364676041585,0.0,1.0,0.0,0.0,1.0,1.0,0.0,0.0,0.0,1.0,0.0,0.0,0.0,1.0,0.0,1.0,0.0,0.0,0.0,0.0,1
-0.5014800260930217,4.139678085529486,4.139678842180584,-0.5831866525803752,0.78653862209792,-0.720537679727162,-0.4285786699699996,-0.9278000142320425,0.02791492969067517,-0.8232704340171155,0.6062267403082517,0.022827718722052668,0.0,1.0,0.0,0.0,1.0,1.0,0.0,0.0,0.0,1.0,0.0,0.0,0.0,1.0,0.0,0.0,0.0,0.0,1.0,0.0,1
-1.4588719070232508,2.3743337270475915,2.374334519571124,-0.5606375986110593,-0.2989168115909703,0.26006364227181084,-1.3891973840190668,1.0233237834958013,-0.7955806637017713,-1.1414884595255488,0.2348038450582875,-0.8902810301600532,0.0,1.0,0.0,1.0,0.0,1.0,0.0,0.0,1.0,0.0,0.0,0.0,0.0,0.0,1.0,0.0,0.0,0.0,1.0,0.0,1
-1.4588719070232508,1.7024489338940345,1.7024497400705083,-0.5831866525803752,-0.26463927157974215,-0.8185978119270593,0.2918853655668008,-0.9278000142320425,-0.6665994261824724,-0.5653638876888146,0.5155818670627248,-0.8902810301600532,1.0,0.0,0.0,0.0,1.0,1.0,0.0,0.0,0.0,1.0,0.0,0.0,0.0,1.0,0.0,0.0,1.0,0.0,0.0,0.0,1
-0.2068979088837204,-0.36809799402689375,-0.3680989023376747,-0.5831866525803752,-0.04754818484196411,-0.8185978119270593,0.01381152728943922,0.047761884631879505,-0.5574614559738349,1.3579391942323134,-1.1572950619400904,0.022827718722052668,1.0,0.0,0.0,0.0,1.0,1.0,0.0,0.0,0.0,1.0,0.0,0.0,0.0,0.0,1.0,0.0,0.0,0.0,0.0,1.0,0
-1.3852263777209255,2.600491026703854,2.600490936351031,-0.18294094462501775,0.8665195487907855,1.7309656252702699,-0.2769020309096206,1.0233237834958013,-0.4880100203865202,-1.2011335135213705,0.8759505094778687,-0.8902810301600532,0.0,1.0,0.0,1.0,0.0,1.0,0.0,0.0,0.0,0.0,1.0,0.0,0.0,1.0,0.0,1.0,0.0,0.0,0.0,0.0,1
1.7078858529767378,-0.4229905424871517,-0.42299057140173874,-0.5831866525803752,0.12383951521417645,-1.0147180763268537,-0.5296964293435856,-0.9278000142320425,-0.8253455646677633,1.3579391942323134,1.0948247156073119,0.9359364676041585,1.0,0.0,0.0,0.0,1.0,1.0,0.0,0.0,0.0,0.0,1.0,0.0,0.0,0.0,1.0,0.0,0.0,0.0,1.0,0.0,1
-1.3115808484186,0.027128354886963187,0.027127438545040267,-0.5831866525803752,-1.647166718699276,0.26006364227181084,1.4420998784413417,-0.9278000142320425,-0.5773047232844963,-1.3077615430111071,-0.8743061893686891,-0.8902810301600532,0.0,1.0,0.0,0.0,1.0,1.0,0.0,0.0,1.0,0.0,0.0,0.0,0.0,0.0,1.0,0.0,0.0,0.0,1.0,0.0,1
-0.05960685027906976,0.43992031930810266,0.4399202728588557,-0.3069607414562553,1.2435724889142947,1.7309656252702699,0.7848344425130327,-0.9278000142320425,0.4016297973747974,-1.1228285543648449,-0.749024657240725,-0.8902810301600532,0.0,1.0,0.0,1.0,0.0,0.0,1.0,0.0,0.0,1.0,0.0,0.0,0.0,0.0,1.0,0.0,0.0,0.0,0.0,1.0,1
-1.1642897898139495,-0.293444128120943,-0.2934432813872024,1.0910806046413313,1.1064623288693824,1.7309656252702699,0.2918853655668008,1.0233237834958013,1.297884037573002,-0.8122744184759864,1.3593898334540127,0.9359364676041585,1.0,0.0,0.0,1.0,0.0,1.0,0.0,0.0,0.0,1.0,0.0,0.0,0.0,1.0,0.0,0.0,0.0,0.0,1.0,0.0,1
-0.2068979088837204,-0.31540114750504616,-0.3154020568866461,-0.5831866525803752,-0.8702091451114389,-0.9166579441269566,0.24132648588000777,-0.9278000142320425,1.350799417068099,0.7471605128114146,-1.173507966097827,-0.8902810301600532,1.0,0.0,0.0,0.0,1.0,0.0,1.0,0.0,0.0,1.0,0.0,0.0,0.0,0.0,1.0,0.0,0.0,1.0,0.0,0.0,0
-1.4588719070232508,-1.0136343639195269,-1.013635259112776,-0.5268140176570855,-0.5617112850103858,-0.8185978119270593,-0.18842399145773284,1.9988856823597234,-0.8881825778181909,1.3579391942323134,0.4293586949511259,-0.8902810301600532,1.0,0.0,0.0,1.0,0.0,0.0,1.0,0.0,0.0,1.0,0.0,0.0,0.0,0.0,1.0,0.0,1.0,0.0,0.0,0.0,1
-0.42783449679069635,-0.6359736305129524,-0.6359727768188888,-0.5831866525803752,-1.9442387321299197,-0.9166579441269566,-0.37801979028320665,0.047761884631879505,3.4608001744350902,-0.8565916932326584,-1.264889789532342,1.8490452164862643,0.0,1.0,1.0,0.0,0.0,1.0,0.0,0.0,0.0,0.0,0.0,1.0,0.0,0.0,1.0,0.0,0.0,1.0,0.0,0.0,1
1.3396582064651112,-0.7084317944804928,-0.7084309393140531,0.5217169919161045,0.1466912085549952,1.7309656252702699,-0.1125856719275433,-0.9278000142320425,-0.451630696983641,-1.0751791536866189,0.7292974218692518,0.022827718722052668,1.0,0.0,0.0,1.0,0.0,1.0,0.0,0.0,0.0,1.0,0.0,0.0,1.0,0.0,0.0,0.0,0.0,0.0,1.0,0.0,1
1.4869492650697618,-0.9850902387201926,-0.9850893779319536,-0.5831866525803752,-1.3272430119278136,-0.23023701872767557,-0.4791375496567926,-0.9278000142320425,-0.4549379082020846,-0.4823939522421132,-0.5190961982764614,-0.8902810301600532,0.0,1.0,0.0,0.0,1.0,1.0,0.0,0.0,0.0,0.0,1.0,0.0,0.0,0.0,1.0,0.0,1.0,0.0,0.0,0.0,1
0.5295573841395328,-0.3461409746427906,-0.34614012683823103,0.8430410109788563,-0.84735745177062,1.7309656252702699,0.5446797640007658,-0.9278000142320425,0.5471470909863141,-1.3077615430111071,-1.1071824490889048,0.022827718722052668,0.0,1.0,0.0,1.0,0.0,1.0,0.0,0.0,0.0,1.0,0.0,0.0,0.0,1.0,0.0,0.0,0.0,1.0,0.0,0.0,1
0.6032029134418581,0.13910915374588934,0.13910823512847617,-0.0025485128704904264,0.37520814196318264,-1.0147180763268537,-0.3653800703615084,-0.9278000142320425,-0.8914897890366345,1.3579391942323134,-0.5389938533791381,0.9359364676041585,1.0,0.0,0.0,1.0,0.0,0.0,1.0,0.0,0.0,0.0,0.0,1.0,0.0,0.0,1.0,0.0,0.0,1.0,0.0,0.0,0
-1.3115808484186,0.4860300600147193,0.48603001262850576,-0.5831866525803752,0.7522610820866918,0.7503643032712972,2.1878433538215387,1.0233237834958013,-0.5673830896291656,-0.740300498570414,-0.33485865102945533,-0.8902810301600532,0.0,1.0,0.0,0.0,1.0,1.0,0.0,0.0,0.0,1.0,0.0,0.0,0.0,0.0,1.0,0.0,0.0,0.0,0.0,1.0,1
-0.13325237958139508,-0.36590229208848346,-0.3659014438823668,-0.5831866525803752,-1.0530226918379888,-0.720537679727162,-0.049387072319052046,1.0233237834958013,1.0696864635003964,0.18836299576676246,-0.25747888118571277,1.8490452164862643,1.0,0.0,0.0,0.0,1.0,0.0,1.0,0.0,0.0,1.0,0.0,0.0,0.0,0.0,1.0,0.0,0.0,0.0,1.0,0.0,1
1.1923671478604605,-0.7040403906036722,-0.7040412920879825,-0.5831866525803752,0.60372507537137,0.7503643032712972,-0.15050483169263806,-0.9278000142320425,-0.5574614559738349,-0.3424446635368336,0.553166326701114,-0.8902810301600532,0.0,1.0,0.0,0.0,1.0,1.0,0.0,0.0,0.0,1.0,0.0,0.0,0.0,0.0,1.0,0.0,0.0,0.0,1.0,0.0,1
-0.8697076726046482,0.6397291957034414,0.6397282669132485,-0.5831866525803752,0.31807890861113575,-0.9166579441269566,0.3298045253318955,1.0233237834958013,-0.6533705813086982,1.1959978744447755,1.4198197489510307,0.022827718722052668,1.0,0.0,0.0,0.0,1.0,1.0,0.0,0.0,0.0,1.0,0.0,0.0,0.0,0.0,1.0,1.0,0.0,0.0,0.0,0.0,1
0.8977850306511593,-0.09363525172560422,-0.09363528733280956,1.198188610995582,1.5634961956857572,-0.9166579441269566,1.3662615589111522,0.047761884631879505,-0.7856590300464406,1.3579391942323134,-0.18452081247589835,-0.8902810301600532,1.0,0.0,0.0,1.0,0.0,1.0,0.0,0.0,0.0,1.0,0.0,0.0,0.0,0.0,1.0,0.0,0.0,1.0,0.0,0.0,1
1.6342403236744125,-0.2758785126136605,-0.2758794227983746,-0.5606375986110593,-0.42460112496547336,0.26006364227181084,-0.4917772695784909,-0.9278000142320425,0.16681780086530468,-0.8882468894874239,0.18248038164013777,0.9359364676041585,1.0,0.0,0.0,1.0,0.0,1.0,0.0,0.0,1.0,0.0,0.0,0.0,0.0,1.0,0.0,0.0,0.0,0.0,1.0,0.0,1
0.4559118548372074,-0.9345890941367554,-0.9345899909362329,-0.5831866525803752,1.7348838957418977,1.7309656252702699,-0.4917772695784909,-0.9278000142320425,-0.8154239310124326,0.07507071443391715,1.1500959797814136,0.022827718722052668,0.0,1.0,0.0,0.0,1.0,1.0,0.0,0.0,0.0,1.0,0.0,0.0,0.0,1.0,0.0,0.0,1.0,0.0,0.0,0.0,1
-1.6798084949302268,0.046889672332656035,0.04688875558917602,-0.5831866525803752,0.6380026153825982,1.7309656252702699,-0.7066525082473611,-0.9278000142320425,0.7224292855638228,-1.0918397832943902,0.6696044565612218,0.9359364676041585,1.0,0.0,0.0,0.0,1.0,0.0,1.0,0.0,1.0,0.0,0.0,0.0,0.0,1.0,0.0,1.0,0.0,0.0,0.0,0.0,1
-0.2068979088837204,-0.44494756187125484,-0.4449467120589098,-0.5831866525803752,0.29522721527031703,0.7503643032712972,0.9238713616517135,0.047761884631879505,-0.4681667530758588,-0.469731873740207,0.947434677809707,-0.8902810301600532,0.0,1.0,0.0,0.0,1.0,0.0,1.0,0.0,0.0,1.0,0.0,0.0,1.0,0.0,0.0,1.0,0.0,0.0,0.0,0.0,1
-0.35418896748837103,-0.6557349479586452,-0.6557340938630245,0.06509864903745731,-0.1618066515460578,-0.9166579441269566,-0.5802553090303787,-0.9278000142320425,-0.7195148056775693,1.3579391942323134,-0.26705923364255707,0.9359364676041585,0.0,1.0,0.0,1.0,0.0,1.0,0.0,0.0,0.0,1.0,0.0,0.0,0.0,0.0,1.0,0.0,1.0,0.0,0.0,0.0,0
1.6342403236744125,0.9251704476967826,0.9251712696678356,-0.2505881065329655,-0.3331943516021984,0.7503643032712972,0.2666059257234043,1.9988856823597234,-0.8352671983230939,-0.9398948412715152,0.20385193712079047,-0.8902810301600532,1.0,0.0,0.0,1.0,0.0,1.0,0.0,0.0,0.0,1.0,0.0,0.0,0.0,0.0,1.0,0.0,0.0,0.0,1.0,0.0,1
0.8241395013488341,-0.515210023900385,-0.5152100509410389,1.3165711443344905,0.5808733820305513,-0.720537679727162,0.08964984681962873,2.9744475812236453,-0.4847028091680766,1.1616769774527664,-0.536783002812174,0.9359364676041585,0.0,1.0,0.0,1.0,0.0,1.0,0.0,0.0,0.0,0.0,1.0,0.0,0.0,1.0,0.0,0.0,0.0,1.0,0.0,0.0,0
1.4133037357674365,-0.5042315142083333,-0.504230663191317,-0.5831866525803752,-0.6873955983848888,-0.720537679727162,-0.28954175083131883,1.0233237834958013,0.7720374538404762,0.9210974859165477,-0.324541348383623,0.022827718722052668,0.0,1.0,0.0,0.0,1.0,0.0,1.0,0.0,0.0,1.0,0.0,0.0,0.0,1.0,0.0,1.0,0.0,0.0,0.0,0.0,1
0.7504939720465087,-0.41859913861033105,-0.4185982893333955,-0.5831866525803752,3.14026303620225,0.26006364227181084,0.3171648054101973,0.047761884631879505,2.177602221678989,0.9160992970342161,3.1435462409940196,0.022827718722052668,1.0,0.0,0.0,0.0,1.0,0.0,1.0,0.0,0.0,0.0,1.0,0.0,0.0,0.0,1.0,0.0,0.0,0.0,1.0,0.0,1
1.1187216185581352,-1.0004601522890648,-1.0004610477500187,-0.07019567477843817,0.11241366854376708,1.7309656252702699,0.05173068705453398,0.047761884631879505,-0.21020427803726113,-0.3674356079484907,0.28123170696453303,-0.8902810301600532,0.0,1.0,0.0,1.0,0.0,0.0,1.0,0.0,0.0,1.0,0.0,0.0,0.0,0.0,1.0,0.0,1.0,0.0,0.0,0.0,1
-0.05960685027906976,0.6221635801961589,0.6221644083244207,-0.36333337637954505,-1.5900374853472292,-0.8185978119270593,-0.0873062320841468,0.047761884631879505,1.1457523215245984,-1.0062041471104453,-0.8477759825651202,0.9359364676041585,0.0,1.0,0.0,1.0,0.0,0.0,0.0,1.0,1.0,0.0,0.0,0.0,0.0,1.0,0.0,1.0,0.0,0.0,0.0,0.0,1
-0.7224166139999976,2.0076515033330686,2.0076514250269586,1.203825874487911,-0.08182572485319223,-0.9166579441269566,0.24132648588000777,1.9988856823597234,1.9890911822277062,-0.27047074363126117,-1.0401199818909945,1.8490452164862643,0.0,1.0,0.0,1.0,0.0,1.0,0.0,0.0,0.0,1.0,0.0,0.0,1.0,0.0,0.0,0.0,0.0,0.0,0.0,1.0,1
0.16132973762790617,2.2096560816668176,2.209656877536659,-0.5831866525803752,-1.4757790186431354,1.7309656252702699,-1.2248810250369895,1.9988856823597234,-0.5310037662262864,-1.2247916075644056,-1.084336993230276,0.022827718722052668,0.0,1.0,0.0,0.0,1.0,1.0,0.0,0.0,0.0,1.0,0.0,0.0,0.0,1.0,0.0,0.0,0.0,0.0,0.0,1.0,1
0.4559118548372074,0.14130485568429965,0.14130569358378411,0.42024624905418295,1.0150555555061074,1.7309656252702699,-0.02410763247565554,1.0233237834958013,-0.9741700694977234,-0.8799165746835382,1.8995743219822345,0.022827718722052668,1.0,0.0,0.0,1.0,0.0,1.0,0.0,0.0,0.0,1.0,0.0,0.0,0.0,0.0,1.0,0.0,0.0,0.0,1.0,0.0,1
-1.6798084949302268,1.3972463644550006,1.3972454202717857,0.33005003317691933,-0.024696491501145366,-0.23023701872767557,0.14020872650642174,1.0233237834958013,-0.5475398223185043,-0.9045743065030398,0.25691235072792823,1.8490452164862643,1.0,0.0,0.0,1.0,0.0,0.0,0.0,1.0,0.0,1.0,0.0,0.0,0.0,1.0,0.0,0.0,0.0,0.0,1.0,0.0,1
-1.3852263777209255,-0.9082406708758316,-0.9082415682107186,-0.1885782081173467,-1.4186497852910886,0.26006364227181084,1.0376288409469978,1.0233237834958013,-0.9510195909686185,-0.33578041169372497,-0.7055445960904315,-0.8902810301600532,1.0,0.0,0.0,1.0,0.0,0.0,0.0,1.0,0.0,1.0,0.0,0.0,0.0,1.0,0.0,0.0,0.0,0.0,1.0,0.0,1
-1.0906442605116242,-0.7281931119261856,-0.7281922563581888,-0.5831866525803752,-1.9442387321299197,-0.23023701872767557,-1.3639179441756704,1.9988856823597234,-0.8551104656337554,-0.2901302865684315,-1.173507966097827,1.8490452164862643,1.0,0.0,0.0,0.0,1.0,0.0,1.0,0.0,0.0,1.0,0.0,0.0,0.0,1.0,0.0,0.0,0.0,0.0,1.0,0.0,1
-0.5751255553953469,0.07543379753199014,0.07543463676999829,-0.5831866525803752,-0.938764225133895,-1.112778208526751,-0.4664978297350944,-0.9278000142320425,0.09736636527798993,1.3579391942323134,-0.9023102965502341,0.022827718722052668,0.0,1.0,0.0,0.0,1.0,1.0,0.0,0.0,0.0,1.0,0.0,0.0,1.0,0.0,0.0,0.0,0.0,0.0,0.0,1.0,0
-0.13325237958139508,-0.21879026221499226,-0.21879029527900265,-0.5831866525803752,-0.1732324982164672,-0.23023701872767557,-0.9088880269945332,0.047761884631879505,-0.20358985560037401,-0.2867981606468772,-0.7055445960904315,0.022827718722052668,1.0,0.0,0.0,0.0,1.0,1.0,0.0,0.0,0.0,1.0,0.0,0.0,0.0,1.0,0.0,0.0,0.0,1.0,0.0,0.0,0
-0.7960621433023229,2.3809208328628224,2.3809216252525025,0.031275068083483445,-1.1101519251900356,-0.720537679727162,2.1246447542130475,0.047761884631879505,-0.3954081062701005,-1.1118325388237158,-0.6200583741678207,0.9359364676041585,0.0,1.0,0.0,1.0,0.0,0.0,1.0,0.0,1.0,0.0,0.0,0.0,0.0,1.0,0.0,0.0,0.0,0.0,1.0,0.0,1
1.7078858529767378,-0.9543504115824483,-0.9543513079803686,-0.385882430348861,-1.2701137785757668,0.26006364227181084,1.8212914760922894,-0.9278000142320425,-0.09114467417329299,-0.8939115035540661,-0.5235178994103895,0.022827718722052668,0.0,1.0,0.0,1.0,0.0,1.0,0.0,0.0,1.0,0.0,0.0,0.0,0.0,0.0,1.0,0.0,0.0,0.0,1.0,0.0,1
0.30862079623255684,-0.5942552936831563,-0.5942553191175819,-0.5831866525803752,-0.6302663650328421,-1.0147180763268537,0.2792456456451025,-0.9278000142320425,-0.9675556470608363,1.3579391942323134,-1.0754935909624197,0.022827718722052668,1.0,0.0,0.0,0.0,1.0,0.0,1.0,0.0,0.0,0.0,1.0,0.0,0.0,0.0,1.0,0.0,0.0,1.0,0.0,0.0,0
-1.2379353191162747,1.1732847667371484,1.1732838271049137,-0.5831866525803752,0.9579263221540606,-0.8185978119270593,0.7469152827479378,0.047761884631879505,0.30902788325837777,0.46159732133421316,1.8096663989256954,-0.8902810301600532,1.0,0.0,0.0,0.0,1.0,1.0,0.0,0.0,0.0,1.0,0.0,0.0,0.0,0.0,1.0,0.0,1.0,0.0,0.0,0.0,1
-1.3852263777209255,2.189894764221125,2.1898955604925234,-0.3238725319332422,1.9748266758204946,-1.112778208526751,1.7328134366404015,-0.9278000142320425,0.6033696816998546,1.3579391942323134,2.2665755160982703,0.022827718722052668,0.0,1.0,0.0,1.0,0.0,0.0,0.0,1.0,0.0,1.0,0.0,0.0,0.0,0.0,1.0,0.0,0.0,0.0,1.0,0.0,1
1.3396582064651112,-0.19463754089247876,-0.19463669616652363,-0.5831866525803752,1.3007017222663417,-0.23023701872767557,-0.9847263465247228,1.0233237834958013,-0.8021950861386583,0.6465303099804753,1.128724424300761,-0.8902810301600532,0.0,1.0,0.0,0.0,1.0,0.0,0.0,1.0,0.0,1.0,0.0,0.0,0.0,0.0,1.0,0.0,1.0,0.0,0.0,0.0,1
-0.5014800260930217,-0.21659456027658194,-0.21659547166596732,2.184709722153153,-1.2015586985533107,-0.23023701872767557,0.15284844642812,0.047761884631879505,0.3487144178797005,-1.1241614047334667,-0.7932416685800064,1.8490452164862643,1.0,0.0,0.0,1.0,0.0,1.0,0.0,0.0,0.0,1.0,0.0,0.0,0.0,1.0,0.0,0.0,0.0,0.0,1.0,0.0,1
-1.016998731209299,-0.008002876127601874,-0.008002913474887975,-0.3520588493948871,-0.8016540650889826,-0.23023701872767557,1.8212914760922894,0.047761884631879505,0.5603759358600883,-0.7802860096290655,-1.017274526032366,1.8490452164862643,1.0,0.0,0.0,1.0,0.0,1.0,0.0,0.0,0.0,0.0,0.0,1.0,1.0,0.0,0.0,0.0,0.0,0.0,0.0,1.0,1
-1.6061629656279013,-0.9016535650606007,-0.90165446252934,-0.5831866525803752,0.2838013685999077,1.7309656252702699,0.11492928666302524,1.0233237834958013,-0.31603503702745506,0.3739624095973356,0.12352436652109582,-0.8902810301600532,1.0,0.0,0.0,0.0,1.0,1.0,0.0,0.0,0.0,0.0,1.0,0.0,0.0,0.0,1.0,0.0,0.0,0.0,1.0,0.0,0
-1.3115808484186,-0.9192191805678832,-0.9192183211181678,-0.5831866525803752,0.22667213524786078,0.7503643032712972,-0.997366066446421,-0.9278000142320425,0.24949808132639367,-0.1141940379103657,0.7189801192234194,0.9359364676041585,1.0,0.0,0.0,0.0,1.0,1.0,0.0,0.0,0.0,1.0,0.0,0.0,0.0,1.0,0.0,0.0,0.0,0.0,1.0,0.0,1
-0.2805434381860457,1.7309930590933686,1.730992986409058,-0.36333337637954505,-0.6988214450552983,-0.720537679727162,0.9365110815734117,0.047761884631879505,-0.9278691124395136,-0.8619230947071452,-1.051174234725815,0.9359364676041585,1.0,0.0,0.0,1.0,0.0,1.0,0.0,0.0,0.0,1.0,0.0,0.0,1.0,0.0,0.0,0.0,0.0,0.0,0.0,1.0,1
-1.1642897898139495,0.7319486771166748,0.7319477464525487,-0.5831866525803752,-0.6302663650328421,0.7503643032712972,-0.011467912553957287,0.047761884631879505,-0.9675556470608363,-1.1451537980392585,-0.4306621755978985,-0.8902810301600532,1.0,0.0,0.0,0.0,1.0,0.0,1.0,0.0,0.0,0.0,0.0,1.0,0.0,1.0,0.0,1.0,0.0,0.0,0.0,0.0,1
1.266012677162786,0.15447906731476155,0.1544799049465413,-0.07583293827076715,0.23809798191827017,-0.720537679727162,-0.8077702676209472,1.0233237834958013,-0.0481509283335267,0.4422709909891984,-0.5537328571588985,0.022827718722052668,0.0,1.0,0.0,1.0,0.0,1.0,0.0,0.0,0.0,1.0,0.0,0.0,0.0,1.0,0.0,0.0,0.0,0.0,0.0,1.0,1
-0.42783449679069635,-0.4778830909474096,-0.47788224046580274,0.4315207760388409,0.03243274185090149,0.26006364227181084,-0.5802553090303787,0.047761884631879505,-0.14075284244994637,-0.6333392564885219,-0.6915425424996591,-0.8902810301600532,0.0,1.0,0.0,1.0,0.0,1.0,0.0,0.0,0.0,0.0,1.0,0.0,0.0,1.0,0.0,0.0,0.0,0.0,0.0,1.0,1
-1.1642897898139495,0.3762449630942035,0.37624403965810516,-0.4309805382874928,0.22667213524786078,-0.720537679727162,-1.4776754234709546,0.047761884631879505,1.6616772716017938,0.21102145203333153,1.1803109375299228,0.9359364676041585,0.0,1.0,0.0,1.0,0.0,1.0,0.0,0.0,0.0,1.0,0.0,0.0,0.0,1.0,0.0,0.0,1.0,0.0,0.0,0.0,1
-0.7960621433023229,-0.3724893979037144,-0.3724885495637454,-0.4478923287644797,-1.9442387321299197,1.7309656252702699,-1.6672712222964283,1.0233237834958013,-0.031614872241308906,-0.9898767300948293,-1.229516180460917,0.022827718722052668,0.0,1.0,0.0,1.0,0.0,1.0,0.0,0.0,0.0,1.0,0.0,0.0,0.0,0.0,1.0,1.0,0.0,0.0,0.0,0.0,1
-1.3115808484186,-0.563515466545412,-0.5635146143237243,-0.13220557319405693,-1.03017099849717,-0.23023701872767557,0.3171648054101973,0.047761884631879505,-0.7592013402988921,-0.6123468631827299,-0.5552067575368745,-0.8902810301600532,0.0,1.0,0.0,1.0,0.0,0.0,0.0,1.0,1.0,0.0,0.0,0.0,0.0,0.0,1.0,0.0,0.0,0.0,1.0,0.0,1
1.3396582064651112,-0.4603174754401271,-0.4603183818769749,0.2962264522229454,-0.3560460449430171,1.7309656252702699,-0.8709688672294384,-0.9278000142320425,-0.46155233063897166,-1.2031327890743029,0.615070142576108,-0.8902810301600532,0.0,1.0,0.0,1.0,0.0,1.0,0.0,0.0,0.0,1.0,0.0,0.0,0.0,0.0,1.0,0.0,0.0,0.0,1.0,0.0,1
-1.6061629656279013,-0.043134107142166936,-0.04313326549481622,1.406767360211754,-0.9958934584859419,1.7309656252702699,-1.2501604648803861,0.047761884631879505,-0.504546076478738,-1.2504489771603737,-1.2280422800829407,0.022827718722052668,0.0,1.0,0.0,1.0,0.0,0.0,1.0,0.0,0.0,1.0,0.0,0.0,1.0,0.0,0.0,0.0,0.0,0.0,0.0,1.0,1
0.30862079623255684,-0.16170201181632401,-0.16170116775963073,-0.5831866525803752,0.9122229354724231,-0.720537679727162,-0.16314455161433633,0.047761884631879505,-0.45824511942052815,1.3579391942323134,1.3026446689019346,0.022827718722052668,0.0,1.0,0.0,0.0,1.0,1.0,0.0,0.0,0.0,1.0,0.0,0.0,0.0,1.0,0.0,1.0,0.0,0.0,0.0,0.0,1
-1.3852263777209255,0.3147653088187146,0.3147652649126626,-0.5831866525803752,0.36378229529277323,-0.9166579441269566,-0.8204099875426455,0.047761884631879505,-0.7261292281144565,1.3579391942323134,0.15521322464758086,1.8490452164862643,1.0,0.0,0.0,0.0,1.0,1.0,0.0,0.0,0.0,0.0,1.0,0.0,0.0,0.0,1.0,0.0,0.0,0.0,1.0,0.0,1
1.266012677162786,0.3498965398332797,0.34989561693259086,-0.5831866525803752,0.2838013685999077,-0.8185978119270593,0.3171648054101973,2.9744475812236453,-0.3921008950516569,1.1836690085350245,-0.9421056067555874,0.022827718722052668,1.0,0.0,0.0,0.0,1.0,1.0,0.0,0.0,0.0,1.0,0.0,0.0,0.0,0.0,1.0,0.0,0.0,1.0,0.0,0.0,0
-0.5751255553953469,0.095195114977683,0.09519595381413404,1.7619149602284798,-0.08182572485319223,1.7309656252702699,-0.17578427153603457,0.047761884631879505,-0.7724301851726663,-1.1964685372311945,-0.96347716223624,0.022827718722052668,1.0,0.0,0.0,1.0,0.0,0.0,1.0,0.0,0.0,1.0,0.0,0.0,0.0,1.0,0.0,0.0,0.0,0.0,0.0,1.0,1
-0.13325237958139508,-0.43396905217920323,-0.4339699591514606,-0.0025485128704904264,-0.07039987818278284,0.26006364227181084,-1.1364029855851019,-0.9278000142320425,-0.7856590300464406,-0.7949473636839042,0.9039546166594136,-0.8902810301600532,1.0,0.0,0.0,1.0,0.0,0.0,0.0,1.0,0.0,0.0,1.0,0.0,0.0,0.0,1.0,1.0,0.0,0.0,0.0,0.0,1
0.8977850306511593,0.29061258749620117,0.2906116658001836,-0.5831866525803752,0.7179835420754638,1.7309656252702699,1.1261068803988854,-0.9278000142320425,-0.17713216585282554,-1.1351574202745958,-0.9804270165829646,2.76215396536837,0.0,1.0,0.0,0.0,1.0,1.0,0.0,0.0,1.0,0.0,0.0,0.0,1.0,0.0,0.0,0.0,0.0,0.0,0.0,1.0,1
-1.3852263777209255,-0.11339656917129706,-0.1133966043769453,1.6153461094279262,0.29522721527031703,0.26006364227181084,-0.12522539184924156,0.047761884631879505,3.2392170227993717,-0.8979100546599313,0.19206073409698207,-0.8902810301600532,0.0,1.0,0.0,1.0,0.0,0.0,1.0,0.0,0.0,1.0,0.0,0.0,1.0,0.0,0.0,0.0,0.0,0.0,1.0,0.0,1
1.4133037357674365,-0.5020358122699231,-0.5020358395782817,1.6491696903819002,0.8893712421316043,-0.8185978119270593,-1.490315143392653,-0.9278000142320425,-0.8418816207599811,1.112028301221608,-0.4063428193612937,0.022827718722052668,1.0,0.0,0.0,1.0,0.0,0.0,0.0,1.0,0.0,0.0,1.0,0.0,0.0,0.0,1.0,0.0,0.0,0.0,0.0,1.0,0
0.7504939720465087,-0.36590229208848346,-0.3659014438823668,2.0606899253219155,0.5694475353601419,0.26006364227181084,1.0123494011036012,-0.9278000142320425,2.3528844162564977,-0.9455594553381576,-0.750498557618701,0.022827718722052668,0.0,1.0,0.0,1.0,0.0,1.0,0.0,0.0,0.0,0.0,1.0,0.0,1.0,0.0,0.0,0.0,0.0,0.0,0.0,1.0,1
-0.13325237958139508,-0.5898638898063358,-0.5898630370492386,0.3075009792076034,1.3007017222663417,-1.0147180763268537,-0.2769020309096206,2.9744475812236453,-0.4086369511438747,1.3579391942323134,-0.4343469265428386,0.022827718722052668,1.0,0.0,0.0,1.0,0.0,1.0,0.0,0.0,0.0,1.0,0.0,0.0,0.0,0.0,1.0,0.0,0.0,0.0,0.0,1.0,0
1.1187216185581352,-0.6359736305129524,-0.6359727768188888,-0.0871074652554251,-1.9442387321299197,-0.9166579441269566,-0.34010063051811185,-0.9278000142320425,-0.812116719793989,-1.2337883475526024,-1.208144624980264,0.9359364676041585,0.0,1.0,0.0,1.0,0.0,1.0,0.0,0.0,0.0,0.0,1.0,0.0,1.0,0.0,0.0,0.0,0.0,0.0,1.0,0.0,1
0.6032029134418581,-0.7808899584480332,-0.7808891018092176,-0.4873531732107826,0.2609496752590889,1.7309656252702699,-1.4397562637058599,0.047761884631879505,0.930783592325767,-0.4114196701130071,0.5480076753781978,-0.8902810301600532,0.0,1.0,0.0,1.0,0.0,1.0,0.0,0.0,0.0,1.0,0.0,0.0,0.0,0.0,1.0,0.0,0.0,0.0,1.0,0.0,1
-0.2068979088837204,-0.8028469778321364,-0.8028478773086613,-0.5831866525803752,0.96935216882447,-0.720537679727162,-1.1616824254284983,-0.9278000142320425,0.45785238808833795,1.3579391942323134,-0.5743674624505632,0.9359364676041585,0.0,1.0,0.0,0.0,1.0,0.0,1.0,0.0,0.0,0.0,1.0,0.0,0.0,0.0,1.0,0.0,0.0,0.0,0.0,1.0,0
1.5605947943720873,-0.8796965456764975,-0.8796956870298963,-0.5831866525803752,0.1923945952366327,-0.23023701872767557,0.039090967132835726,1.0233237834958013,-0.7459724954251178,1.3579391942323134,-0.7025967953344795,0.022827718722052668,1.0,0.0,0.0,0.0,1.0,0.0,0.0,1.0,0.0,1.0,0.0,0.0,0.0,0.0,1.0,0.0,0.0,1.0,0.0,0.0,0
-1.3115808484186,0.022736951010142555,0.02273779131896962,0.5442660458854205,1.4492377289816636,0.7503643032712972,1.3157026792243594,-0.9278000142320425,-0.7889662412648841,-0.8892465272638902,2.612205154733654,-0.8902810301600532,1.0,0.0,0.0,1.0,0.0,1.0,0.0,0.0,0.0,1.0,0.0,0.0,0.0,0.0,1.0,1.0,0.0,0.0,0.0,0.0,1
0.6768484427441834,-0.6337779285745421,-0.6337779532058534,0.15529486491472097,-0.4817303583175202,0.26006364227181084,-1.7810287015917128,1.0233237834958013,-0.6037624130320448,-0.3944258279130804,0.16700442767138926,-0.8902810301600532,0.0,1.0,0.0,1.0,0.0,1.0,0.0,0.0,0.0,0.0,1.0,0.0,0.0,0.0,1.0,0.0,1.0,0.0,0.0,0.0,1
1.04507608925581,-0.932393392198345,-0.932392532480925,-0.3182352684409132,0.877945395461195,-0.9166579441269566,1.404180718676247,1.9988856823597234,-0.061379773207300946,1.3579391942323134,-0.8735692391797011,0.9359364676041585,1.0,0.0,0.0,1.0,0.0,1.0,0.0,0.0,0.0,1.0,0.0,0.0,0.0,1.0,0.0,0.0,0.0,0.0,0.0,1.0,1
-1.1642897898139495,0.782449821700112,0.782449768290542,-0.5831866525803752,-1.464353171972726,1.7309656252702699,0.20340732611491302,-0.9278000142320425,-0.2697340799692452,-1.3077615430111071,-1.206670724602288,0.022827718722052668,1.0,0.0,1.0,0.0,0.0,1.0,0.0,0.0,1.0,0.0,0.0,0.0,0.0,1.0,0.0,0.0,0.0,0.0,0.0,1.0,1
-0.7224166139999976,-0.3329667630123287,-0.3329659154754739,-0.5831866525803752,0.6494284620530075,-0.720537679727162,-1.7304698219049197,0.047761884631879505,-0.2366619677848096,1.3579391942323134,-0.33264780046249126,0.9359364676041585,0.0,1.0,0.0,0.0,1.0,1.0,0.0,0.0,0.0,1.0,0.0,0.0,0.0,1.0,0.0,0.0,0.0,1.0,0.0,0.0,0
-1.3115808484186,0.6111850705041073,0.6111850205746988,0.47098162048514375,-0.7559506784073451,-0.8185978119270593,0.6078783636092571,0.047761884631879505,-0.8187311422308762,-0.5270444395909405,-0.13956685094762886,-0.8902810301600532,1.0,0.0,0.0,1.0,0.0,1.0,0.0,0.0,0.0,0.0,0.0,1.0,0.0,1.0,0.0,0.0,0.0,0.0,1.0,0.0,1
0.7504939720465087,-0.38127220565735565,-0.3812731137004319,-0.5831866525803752,-1.0530226918379888,-0.8185978119270593,1.4800190382064367,-0.9278000142320425,-0.9444051685317314,0.02175669968904869,-0.3488607046202278,-0.8902810301600532,1.0,0.0,0.0,0.0,1.0,1.0,0.0,0.0,0.0,1.0,0.0,0.0,0.0,0.0,1.0,0.0,0.0,0.0,1.0,0.0,1
-0.8697076726046482,-0.7764985545712126,-0.776499454583147,-0.5831866525803752,-0.3560460449430171,-0.720537679727162,1.5558573577366261,-0.9278000142320425,-0.9510195909686185,1.3579391942323134,-0.3584410570770721,-0.8902810301600532,1.0,0.0,0.0,0.0,1.0,0.0,1.0,0.0,0.0,1.0,0.0,0.0,0.0,1.0,0.0,0.0,1.0,0.0,0.0,0.0,1
-1.0906442605116242,0.1325220479306584,0.1325211294470976,-0.5831866525803752,-0.9273383784634857,-0.9166579441269566,-0.17578427153603457,-0.9278000142320425,-0.6004552018136012,0.044415155955617756,-1.1278170543805695,0.022827718722052668,1.0,0.0,0.0,0.0,1.0,1.0,0.0,0.0,0.0,1.0,0.0,0.0,0.0,1.0,0.0,0.0,0.0,0.0,0.0,1.0,1
-1.3852263777209255,-0.9719160270897308,-0.9719151665691965,-0.5831866525803752,-0.8245057584298013,-0.720537679727162,-1.3891973840190668,-0.9278000142320425,-0.6699066374009159,1.3579391942323134,-0.4372947272987907,-0.8902810301600532,0.0,1.0,1.0,0.0,0.0,1.0,0.0,0.0,0.0,1.0,0.0,0.0,0.0,1.0,0.0,0.0,0.0,0.0,1.0,0.0,0
-0.42783449679069635,0.4047890882935376,0.40478992083892745,0.3356872966692483,0.4666149153264576,0.26006364227181084,1.9224092354658755,0.047761884631879505,-0.9377907460948444,-0.8702534095110309,0.13015691822198802,-0.8902810301600532,1.0,0.0,0.0,1.0,0.0,1.0,0.0,0.0,0.0,1.0,0.0,0.0,0.0,0.0,1.0,1.0,0.0,0.0,0.0,0.0,1
-0.2805434381860457,2.1811119564674835,2.181110996355837,-0.01946030334747736,0.16954290189581395,-0.8185978119270593,-1.553513743001144,0.047761884631879505,-0.8286527758862068,-0.48139431446564684,1.0587141563468987,0.022827718722052668,1.0,0.0,0.0,1.0,0.0,0.0,1.0,0.0,0.0,0.0,1.0,0.0,1.0,0.0,0.0,0.0,0.0,0.0,1.0,0.0,1
-1.1642897898139495,0.6638819170259549,0.6638818660257275,-0.5831866525803752,-0.7102472917257077,1.7309656252702699,0.46884144447057635,-0.9278000142320425,-0.3854864726147698,-1.3077615430111071,-0.10640409244316777,-0.8902810301600532,0.0,1.0,0.0,0.0,1.0,1.0,0.0,0.0,0.0,1.0,0.0,0.0,0.0,0.0,1.0,0.0,0.0,0.0,1.0,0.0,1
0.2349752669302315,0.33233092432599715,0.33233175834376305,2.8724558682172887,0.20382044190704204,1.7309656252702699,-1.1490427055068,0.047761884631879505,-0.08122304051796231,-1.2364540482898456,0.5045276142279044,-0.8902810301600532,0.0,1.0,0.0,1.0,0.0,0.0,1.0,0.0,1.0,0.0,0.0,0.0,0.0,1.0,0.0,1.0,0.0,0.0,0.0,0.0,1
0.8241395013488341,0.1325220479306584,0.1325211294470976,-0.08147020176309612,-0.9501900718043044,-0.720537679727162,1.201945199929075,0.047761884631879505,1.397100374126309,-0.5317094158811164,-0.6090041213330004,-0.8902810301600532,1.0,0.0,0.0,1.0,0.0,1.0,0.0,0.0,0.0,1.0,0.0,0.0,0.0,0.0,1.0,0.0,0.0,0.0,1.0,0.0,1
-0.13325237958139508,-0.01019857806601219,-0.010197737087923299,0.9163254363791331,-1.9442387321299197,-0.8185978119270593,-1.8063081414351092,-0.9278000142320425,-0.22012591169259182,-1.3077615430111071,-1.231727031027881,0.9359364676041585,1.0,0.0,0.0,1.0,0.0,1.0,0.0,0.0,0.0,1.0,0.0,0.0,0.0,1.0,0.0,0.0,0.0,0.0,1.0,0.0,1
-1.532517436325576,0.602402262750466,0.6024030912802849,-0.5831866525803752,-0.8245057584298013,-0.720537679727162,0.49412088431397283,-0.9278000142320425,-0.2961917697167937,-0.7069792393548713,-0.2972741913910661,0.022827718722052668,1.0,0.0,1.0,0.0,0.0,1.0,0.0,0.0,0.0,1.0,0.0,0.0,0.0,0.0,1.0,1.0,0.0,0.0,0.0,0.0,1
1.6342403236744125,0.16545757700681313,0.16545665785399052,-0.5831866525803752,-0.5045820516583389,-0.9166579441269566,2.1878433538215387,-0.9278000142320425,2.862194943896806,0.5695582011925717,-0.9222079516529107,0.022827718722052668,1.0,0.0,0.0,0.0,1.0,1.0,0.0,0.0,1.0,0.0,0.0,0.0,0.0,1.0,0.0,0.0,0.0,0.0,0.0,1.0,1
0.30862079623255684,-0.19024613701565812,-0.190247048940453,0.20603023634568177,-0.19608419155728593,-1.0147180763268537,-0.6813730684039647,0.047761884631879505,3.3549694154448964,1.3579391942323134,-0.870621438423749,0.9359364676041585,0.0,1.0,0.0,1.0,0.0,1.0,0.0,0.0,0.0,0.0,1.0,0.0,1.0,0.0,0.0,0.0,0.0,0.0,0.0,1.0,0
1.4869492650697618,-0.8028469778321364,-0.8028478773086613,2.9344657666329073,-0.11610326486442034,1.7309656252702699,1.100827440555489,0.047761884631879505,-0.35902878286722134,-1.1394891839726162,0.12352436652109582,-0.8902810301600532,0.0,1.0,0.0,1.0,0.0,1.0,0.0,0.0,0.0,1.0,0.0,0.0,0.0,0.0,1.0,0.0,0.0,0.0,1.0,0.0,1
0.08768420832558087,-0.5481455529765397,-0.5481455793479318,-0.5831866525803752,-1.2586879319053574,1.7309656252702699,-0.5549758691869822,1.9988856823597234,-0.8683393105075295,-0.41741749677180484,-0.626690925868713,-0.8902810301600532,0.0,1.0,0.0,0.0,1.0,0.0,1.0,0.0,0.0,1.0,0.0,0.0,0.0,0.0,1.0,0.0,1.0,0.0,0.0,0.0,1
-0.5751255553953469,-0.6447564382665937,-0.6447573409555752,1.936670128490678,-0.2760651182501515,0.26006364227181084,-0.7572113879341542,-0.9278000142320425,0.3255639393505956,-1.0501882092749617,-0.777765714611258,-0.8902810301600532,0.0,1.0,0.0,1.0,0.0,1.0,0.0,0.0,0.0,0.0,1.0,0.0,0.0,0.0,1.0,0.0,0.0,0.0,0.0,1.0,0
0.6032029134418581,0.9756715922802198,0.9756706566635562,-0.5831866525803752,0.15811705522540456,1.7309656252702699,0.08964984681962873,0.047761884631879505,-0.11098794148395434,-1.1714775928195376,-0.5471003054580064,-0.8902810301600532,0.0,1.0,0.0,0.0,1.0,1.0,0.0,0.0,0.0,0.0,1.0,0.0,0.0,1.0,0.0,0.0,0.0,0.0,0.0,1.0,1
0.014038679023255554,1.316005392733819,1.3160053284822073,-0.5831866525803752,0.08956197520294834,1.7309656252702699,-0.7192922281690595,-0.9278000142320425,1.1292162654323805,-1.3077615430111071,0.5347425719764134,-0.8902810301600532,1.0,0.0,1.0,0.0,0.0,1.0,0.0,0.0,0.0,0.0,1.0,0.0,0.0,1.0,0.0,0.0,0.0,0.0,1.0,0.0,1
-1.6061629656279013,0.5804452433663629,0.5804443157808412,1.711179588797519,0.6494284620530075,0.26006364227181084,-0.45385810981339614,0.047761884631879505,-0.8881825778181909,-0.9902099426869847,1.3638115345879407,0.9359364676041585,0.0,1.0,0.0,1.0,0.0,0.0,1.0,0.0,0.0,1.0,0.0,0.0,0.0,1.0,0.0,0.0,1.0,0.0,0.0,0.0,1
-1.3115808484186,0.3608750495253313,0.3608750046823127,-0.5831866525803752,0.10098782187335771,-0.23023701872767557,-0.07466651216244855,1.0233237834958013,0.24949808132639367,-0.4240817486149133,-0.8308261282183956,0.9359364676041585,1.0,0.0,0.0,0.0,1.0,0.0,1.0,0.0,0.0,1.0,0.0,0.0,0.0,1.0,0.0,0.0,0.0,0.0,0.0,1.0,1
-1.4588719070232508,0.830755264345139,0.8307543316732274,-0.31259800494858425,-0.2417875782389234,-1.112778208526751,-1.3133590644888773,1.0233237834958013,-0.9609412246239493,1.3579391942323134,-0.7431290557288208,-0.8902810301600532,1.0,0.0,0.0,1.0,0.0,1.0,0.0,0.0,0.0,0.0,1.0,0.0,0.0,0.0,1.0,0.0,0.0,0.0,0.0,1.0,0
1.3396582064651112,0.1896102983293266,0.18961025696646952,-0.5831866525803752,1.1178881755397918,-0.8185978119270593,-0.28954175083131883,-0.9278000142320425,0.570297569515419,1.3579391942323134,0.8052032913350183,-0.8902810301600532,0.0,1.0,0.0,0.0,1.0,1.0,0.0,0.0,1.0,0.0,0.0,0.0,0.0,1.0,0.0,1.0,0.0,0.0,0.0,0.0,0
1.4133037357674365,-0.7611286410023403,-0.7611277847650818,-0.5831866525803752,-1.3729463986094512,-0.8185978119270593,-0.21370343130112934,-0.9278000142320425,-0.6368345252164803,0.10239414699066221,-0.8713583886127371,-0.8902810301600532,0.0,1.0,0.0,0.0,1.0,0.0,0.0,1.0,0.0,1.0,0.0,0.0,0.0,0.0,1.0,0.0,0.0,0.0,1.0,0.0,1
-1.1642897898139495,0.3762449630942035,0.37624403965810516,1.147453239564621,1.1293140222102012,-0.23023701872767557,-0.4159389500483014,0.047761884631879505,-0.5376181886631736,-0.5553675099241518,1.7492364834286775,0.022827718722052668,0.0,1.0,0.0,1.0,0.0,1.0,0.0,0.0,0.0,0.0,1.0,0.0,1.0,0.0,0.0,0.0,0.0,0.0,1.0,0.0,1
-0.2068979088837204,0.34550513595645904,0.3455059697065202,-0.5831866525803752,-0.0018447981603266239,1.7309656252702699,-1.1490427055068,-0.9278000142320425,0.37517210762724895,-1.2307894342232033,-1.0025355222526053,0.9359364676041585,0.0,1.0,0.0,0.0,1.0,1.0,0.0,0.0,1.0,0.0,0.0,0.0,0.0,0.0,1.0,0.0,0.0,0.0,0.0,1.0,1
-1.4588719070232508,-0.7018446886652618,-0.7018438336326746,-0.5831866525803752,0.03243274185090149,-0.720537679727162,-0.09994595200584505,1.0233237834958013,-0.17713216585282554,1.3579391942323134,-0.628901776435677,0.022827718722052668,1.0,0.0,0.0,0.0,1.0,1.0,0.0,0.0,0.0,1.0,0.0,0.0,0.0,1.0,0.0,0.0,0.0,1.0,0.0,0.0,1
-0.6487710846976723,0.795624033330574,0.7956239796532992,0.9952471252717386,0.31807890861113575,-0.8185978119270593,0.2918853655668008,-0.9278000142320425,0.2329620252341759,-0.14751529712590844,0.9651214823454196,-0.8902810301600532,1.0,0.0,0.0,1.0,0.0,1.0,0.0,0.0,0.0,0.0,1.0,0.0,0.0,1.0,0.0,1.0,0.0,0.0,0.0,0.0,1
-0.35418896748837103,-0.945567603828807,-0.9455667438436821,-0.5831866525803752,0.32950475528154516,0.7503643032712972,-0.1125856719275433,-0.9278000142320425,-0.6037624130320448,0.020090636728271646,0.9916516891489885,0.9359364676041585,0.0,1.0,0.0,0.0,1.0,1.0,0.0,0.0,0.0,1.0,0.0,0.0,1.0,0.0,0.0,1.0,0.0,0.0,0.0,0.0,1
-1.016998731209299,-0.48886160063946116,-0.48886162821552454,-0.5831866525803752,1.3806826489592072,-0.720537679727162,-0.32746091059641363,1.9988856823597234,-0.8518032544153118,1.3579391942323134,-0.66132758475115,0.022827718722052668,0.0,1.0,1.0,0.0,0.0,1.0,0.0,0.0,0.0,1.0,0.0,0.0,0.0,1.0,0.0,0.0,0.0,0.0,0.0,1.0,0
-0.2068979088837204,0.07543379753199014,0.07543463676999829,-0.5831866525803752,-0.3331943516021984,0.7503643032712972,-0.8583291473077402,-0.9278000142320425,1.0465359849712916,-1.1138318143766484,-0.8234566263285155,-0.8902810301600532,1.0,0.0,0.0,0.0,1.0,1.0,0.0,0.0,0.0,1.0,0.0,0.0,1.0,0.0,0.0,0.0,0.0,0.0,0.0,1.0,1
1.4869492650697618,-0.6447564382665937,-0.6447573409555752,-0.5831866525803752,-1.155855311871673,-0.720537679727162,0.6584372432960501,-0.9278000142320425,-0.5310037662262864,-0.05155007058514523,-1.0401199818909945,0.9359364676041585,1.0,0.0,0.0,0.0,1.0,1.0,0.0,0.0,0.0,1.0,0.0,0.0,1.0,0.0,0.0,0.0,0.0,1.0,0.0,0.0,0
-0.6487710846976723,0.7539056965007779,0.7539065219519924,0.00872601411416753,0.11241366854376708,-0.8185978119270593,-1.490315143392653,-0.9278000142320425,-0.5905335681582705,-0.05088364540083451,1.0822965623945155,0.9359364676041585,0.0,1.0,0.0,1.0,0.0,1.0,0.0,0.0,0.0,1.0,0.0,0.0,0.0,1.0,0.0,0.0,0.0,0.0,1.0,0.0,1
-1.6798084949302268,1.3994420663934108,1.3994428787270936,-0.5831866525803752,-0.8359316051002107,-0.720537679727162,-1.0226455062898174,0.047761884631879505,-0.7095931720222387,-0.8339332369660892,-0.35401935594314393,-0.8902810301600532,0.0,1.0,0.0,0.0,1.0,0.0,0.0,1.0,0.0,1.0,0.0,0.0,0.0,1.0,0.0,0.0,0.0,0.0,1.0,0.0,1
-0.8697076726046482,-0.8423696127235221,-0.8423705113969328,-0.5831866525803752,0.9807780154948793,1.7309656252702699,0.11492928666302524,1.0233237834958013,0.07090867553044145,0.43760601469902244,0.4101979900374373,-0.8902810301600532,0.0,1.0,0.0,0.0,1.0,0.0,1.0,0.0,0.0,1.0,0.0,0.0,0.0,1.0,0.0,0.0,0.0,0.0,1.0,0.0,1
1.5605947943720873,-1.0026558542274753,-1.002655871363054,-0.5831866525803752,-1.6585925653696854,-0.720537679727162,-0.2769020309096206,1.0233237834958013,1.155673955179929,0.8114705430974118,-1.0607545871826594,0.022827718722052668,0.0,1.0,0.0,0.0,1.0,1.0,0.0,0.0,0.0,0.0,1.0,0.0,0.0,1.0,0.0,1.0,0.0,0.0,0.0,0.0,1
0.2349752669302315,-0.9477633057672173,-0.94776420229899,-0.5831866525803752,-1.6700184120400947,-1.112778208526751,-0.845689427386042,0.047761884631879505,2.9184175346103465,1.3579391942323134,-1.0349613305680785,1.8490452164862643,1.0,0.0,0.0,0.0,1.0,1.0,0.0,0.0,0.0,1.0,0.0,0.0,0.0,0.0,1.0,0.0,0.0,0.0,1.0,0.0,1
0.6768484427441834,-0.17048481956996528,-0.17048573189631724,-0.5831866525803752,0.32950475528154516,-0.9166579441269566,0.7721947225913344,0.047761884631879505,-0.7492797066435614,1.3579391942323134,1.306329419846875,-0.8902810301600532,0.0,1.0,0.0,0.0,1.0,1.0,0.0,0.0,0.0,0.0,1.0,0.0,0.0,1.0,0.0,0.0,1.0,0.0,0.0,0.0,1
1.6342403236744125,-0.6667134576506968,-0.6667134816127464,-0.01946030334747736,-0.5502854383399765,-0.9166579441269566,-1.1237632656634036,-0.9278000142320425,-0.5376181886631736,1.3579391942323134,0.33060736962673065,0.022827718722052668,0.0,1.0,0.0,1.0,0.0,1.0,0.0,0.0,0.0,1.0,0.0,0.0,0.0,0.0,1.0,1.0,0.0,0.0,0.0,0.0,1
1.5605947943720873,-0.592059591744746,-0.5920604955045465,-0.25622537002529444,0.8208161621091481,0.26006364227181084,0.46884144447057635,0.047761884631879505,-0.9708628582792799,0.02942058930862366,0.18690208277406592,1.8490452164862643,0.0,1.0,0.0,1.0,0.0,1.0,0.0,0.0,0.0,1.0,0.0,0.0,0.0,0.0,1.0,0.0,1.0,0.0,0.0,0.0,1
-1.1642897898139495,1.2018288919364826,1.201829708285736,-0.5831866525803752,-0.8245057584298013,1.7309656252702699,0.7216358429045414,1.0233237834958013,-0.9510195909686185,-1.1771422068861797,-0.356230206510108,-0.8902810301600532,0.0,1.0,0.0,0.0,1.0,0.0,0.0,1.0,0.0,1.0,0.0,0.0,0.0,1.0,0.0,0.0,0.0,0.0,1.0,0.0,1
0.014038679023255554,1.0832609872623253,1.0832618060209216,-0.5831866525803752,1.403534342300026,1.7309656252702699,0.0011718073677409672,-0.9278000142320425,-0.018386027367534665,-1.183473246137133,-0.2677961838315451,-0.8902810301600532,1.0,0.0,0.0,0.0,1.0,0.0,1.0,0.0,0.0,1.0,0.0,0.0,0.0,0.0,1.0,0.0,0.0,1.0,0.0,0.0,1
1.4869492650697618,0.268655568112098,0.26865552514301255,0.2793146617459585,-1.9442387321299197,-0.23023701872767557,-0.5044169895001891,2.9744475812236453,-0.504546076478738,-0.9278991879539199,-1.2228836287600247,1.8490452164862643,0.0,1.0,0.0,1.0,0.0,1.0,0.0,0.0,0.0,1.0,0.0,0.0,0.0,0.0,1.0,0.0,0.0,0.0,1.0,0.0,1
-0.7224166139999976,-0.8533481224155737,-0.853347264304382,-0.4648041192414667,0.8550937021203762,-0.8185978119270593,-1.9706245004171865,-0.9278000142320425,-0.6963643271484644,1.3579391942323134,1.821457601949504,0.9359364676041585,1.0,0.0,0.0,1.0,0.0,1.0,0.0,0.0,0.0,0.0,1.0,0.0,0.0,0.0,1.0,0.0,1.0,0.0,0.0,0.0,0
0.7504939720465087,0.13032634599224807,0.13032630583406227,-0.5831866525803752,2.3975830026256415,1.7309656252702699,0.8606727620432222,0.047761884631879505,0.156896167209974,-0.7093117274999593,1.7610276864524859,0.9359364676041585,0.0,1.0,1.0,0.0,0.0,1.0,0.0,0.0,0.0,1.0,0.0,0.0,1.0,0.0,0.0,1.0,0.0,0.0,0.0,0.0,1
-1.2379353191162747,0.029324056825373503,0.0293248970003482,-0.5831866525803752,-0.2417875782389234,-0.8185978119270593,-1.199601585193593,-0.9278000142320425,-0.3722576277409956,0.48192328945569424,0.7727774830195453,0.022827718722052668,1.0,0.0,0.0,0.0,1.0,1.0,0.0,0.0,0.0,1.0,0.0,0.0,1.0,0.0,0.0,0.0,1.0,0.0,0.0,0.0,1
1.6342403236744125,-0.6996489867268515,-0.6996490100196392,-0.5831866525803752,-1.39579809195027,-1.0147180763268537,-0.6560936285605682,0.047761884631879505,0.848103311864678,1.3579391942323134,-0.8838865418255334,0.022827718722052668,0.0,1.0,0.0,0.0,1.0,1.0,0.0,0.0,0.0,1.0,0.0,0.0,0.0,1.0,0.0,0.0,1.0,0.0,0.0,0.0,1
1.1923671478604605,-0.9741117290281411,-0.9741126250245044,0.24549108079198462,0.27237552192949827,-0.9166579441269566,1.6948942768753068,1.9988856823597234,-0.5806119345029398,1.3579391942323134,0.8110988928469225,0.022827718722052668,0.0,1.0,0.0,1.0,0.0,1.0,0.0,0.0,0.0,1.0,0.0,0.0,0.0,0.0,1.0,0.0,0.0,0.0,1.0,0.0,1
-1.532517436325576,-0.8818922476149078,-0.8818931454852043,-0.12093104620939897,-1.4529273253023167,1.7309656252702699,-0.4159389500483014,0.047761884631879505,-0.24327639022169673,-0.9545561953263539,-1.2147771766811564,-0.8902810301600532,0.0,1.0,0.0,1.0,0.0,0.0,1.0,0.0,0.0,0.0,1.0,0.0,0.0,1.0,0.0,0.0,0.0,0.0,0.0,1.0,1
0.9714305599534846,7.143398337274799,7.143399032889218,-0.14911736367104386,-1.8185544187554166,-1.112778208526751,0.026451247211137473,1.0233237834958013,-0.5706903008476092,-1.239119749027089,-1.228779230271929,-0.8902810301600532,0.0,1.0,0.0,1.0,0.0,0.0,0.0,1.0,1.0,0.0,0.0,0.0,0.0,0.0,1.0,0.0,0.0,1.0,0.0,0.0,1
1.5605947943720873,1.5355755865748506,1.535574639580736,-0.5831866525803752,0.21524628857745143,-0.720537679727162,-0.7572113879341542,-0.9278000142320425,1.0630720410635095,-0.5013870699949725,-0.9686358135591563,1.8490452164862643,1.0,0.0,1.0,0.0,0.0,0.0,1.0,0.0,0.0,1.0,0.0,0.0,0.0,0.0,1.0,0.0,0.0,0.0,0.0,1.0,1
-1.3115808484186,-0.9411761999519863,-0.9411770966176115,0.4540698300081568,-0.6759697517144795,1.7309656252702699,-0.049387072319052046,-0.9278000142320425,1.8568027334899637,-1.1534841128431441,-0.18230996190893428,-0.8902810301600532,1.0,0.0,0.0,1.0,0.0,1.0,0.0,0.0,0.0,1.0,0.0,0.0,0.0,0.0,1.0,0.0,0.0,0.0,1.0,0.0,1
-1.2379353191162747,-0.11339656917129706,-0.1133966043769453,-0.5831866525803752,0.7179835420754638,-0.720537679727162,-0.4664978297350944,0.047761884631879505,0.25280529254483725,1.3579391942323134,-0.9693727637481443,-0.8902810301600532,0.0,1.0,0.0,0.0,1.0,0.0,1.0,0.0,0.0,1.0,0.0,0.0,0.0,1.0,0.0,0.0,0.0,1.0,0.0,0.0,0
-1.532517436325576,0.3477008378948694,0.3477007933195555,-0.5831866525803752,0.96935216882447,0.7503643032712972,0.7469152827479378,-0.9278000142320425,-0.37887205017788267,-0.9372291405342718,0.946697727620719,1.8490452164862643,1.0,0.0,0.0,0.0,1.0,1.0,0.0,0.0,1.0,0.0,0.0,0.0,0.0,1.0,0.0,0.0,1.0,0.0,0.0,0.0,1
1.4133037357674365,1.1447406415378143,1.1447405807663642,0.22857929031499769,0.4894666086672763,-0.720537679727162,-0.4285786699699996,0.047761884631879505,3.4971794978379696,-0.26580576734108513,0.30039241187822163,0.9359364676041585,1.0,0.0,0.0,1.0,0.0,1.0,0.0,0.0,0.0,0.0,1.0,0.0,0.0,1.0,0.0,0.0,0.0,0.0,1.0,0.0,1
-1.016998731209299,-0.8884793534301387,-0.8884802511665828,-0.5211767541647565,0.8208161621091481,0.26006364227181084,0.30452508548849905,-0.9278000142320425,-0.42186579601764895,0.5988809093022492,1.737445280404869,-0.8902810301600532,1.0,0.0,0.0,1.0,0.0,1.0,0.0,0.0,0.0,0.0,1.0,0.0,0.0,0.0,1.0,0.0,1.0,0.0,0.0,0.0,1
0.16132973762790617,-0.640365034389773,-0.6403650588872319,1.5702480014892946,-0.9730417651451232,-0.720537679727162,-1.4776754234709546,-0.9278000142320425,-0.19036101072659978,-0.6346721068571436,-0.09608678979733544,-0.8902810301600532,1.0,0.0,0.0,1.0,0.0,1.0,0.0,0.0,0.0,1.0,0.0,0.0,0.0,0.0,1.0,0.0,1.0,0.0,0.0,0.0,1
1.3396582064651112,1.3818764508861283,1.3818763852959932,-0.08147020176309612,-0.20751003822769531,-0.720537679727162,1.6316956772668156,-0.9278000142320425,-0.9609412246239493,-0.6933175230764987,-0.6989120443895394,0.022827718722052668,1.0,0.0,0.0,1.0,0.0,1.0,0.0,0.0,0.0,0.0,1.0,0.0,0.0,1.0,0.0,0.0,0.0,0.0,0.0,1.0,1
-0.35418896748837103,4.477816184044674,4.4778160555439275,-0.5831866525803752,-0.9958934584859419,0.26006364227181084,-0.15050483169263806,1.0233237834958013,-0.1639033209790513,-1.3077615430111071,-0.4483489801336111,-0.8902810301600532,0.0,1.0,0.0,0.0,1.0,0.0,0.0,1.0,0.0,1.0,0.0,0.0,1.0,0.0,0.0,1.0,0.0,0.0,0.0,0.0,1
0.7504939720465087,-0.15072350212427243,-0.1507244148521815,-0.5831866525803752,1.1293140222102012,-0.9166579441269566,-1.0352852262115158,-0.9278000142320425,0.47438844418055576,1.3579391942323134,2.3645898912336776,0.022827718722052668,0.0,1.0,0.0,0.0,1.0,0.0,0.0,1.0,0.0,0.0,0.0,1.0,0.0,1.0,0.0,1.0,0.0,0.0,0.0,0.0,1
-0.2805434381860457,-0.1441363963090415,-0.1441373091708029,-0.5831866525803752,-0.321768504931789,0.26006364227181084,-1.1743221453501966,-0.9278000142320425,-0.9047186339104087,-0.9095724953853713,-0.2921155400681499,-0.8902810301600532,0.0,1.0,1.0,0.0,0.0,1.0,0.0,0.0,0.0,0.0,1.0,0.0,0.0,1.0,0.0,1.0,0.0,0.0,0.0,0.0,1
0.8241395013488341,-0.6052338033752079,-0.6052347068673037,-0.4817159097184536,-0.813079911759392,-0.9166579441269566,-1.6672712222964283,-0.9278000142320425,-0.8914897890366345,1.3579391942323134,-1.1042346483329528,0.9359364676041585,0.0,1.0,0.0,1.0,0.0,1.0,0.0,0.0,0.0,1.0,0.0,0.0,0.0,0.0,1.0,0.0,0.0,0.0,0.0,1.0,0
-0.8697076726046482,-0.09583095366401453,-0.09583011094584488,1.9930427634139678,1.186443255562248,-0.23023701872767557,0.1275690065847235,-0.9278000142320425,1.516159977990277,-0.5956862335749585,0.9260631223290543,1.8490452164862643,1.0,0.0,0.0,1.0,0.0,1.0,0.0,0.0,0.0,1.0,0.0,0.0,0.0,1.0,0.0,0.0,0.0,0.0,1.0,0.0,1
0.6032029134418581,-0.9521547096440379,-0.9521538495250608,-0.5831866525803752,-0.3331943516021984,-0.8185978119270593,-0.4285786699699996,1.0233237834958013,-0.16059610976060773,1.3579391942323134,-0.7011228949565034,-0.8902810301600532,0.0,1.0,0.0,0.0,1.0,1.0,0.0,0.0,0.0,0.0,1.0,0.0,0.0,0.0,1.0,0.0,0.0,1.0,0.0,0.0,0
-1.3852263777209255,1.283069863657664,1.2830698000753145,-0.5831866525803752,1.0836106355285635,0.26006364227181084,-1.199601585193593,0.047761884631879505,-0.7724301851726663,-0.8889133146717347,1.6674350124510067,0.9359364676041585,0.0,1.0,0.0,0.0,1.0,1.0,0.0,0.0,0.0,0.0,1.0,0.0,0.0,1.0,0.0,1.0,0.0,0.0,0.0,0.0,1
0.9714305599534846,0.7670799081312398,0.7670807333147496,-0.5831866525803752,-0.7102472917257077,-0.8185978119270593,-1.553513743001144,0.047761884631879505,-0.4747811755127459,-0.38542908792488373,-0.10345629168721568,0.022827718722052668,1.0,0.0,0.0,0.0,1.0,0.0,1.0,0.0,0.0,1.0,0.0,0.0,0.0,1.0,0.0,1.0,0.0,0.0,0.0,0.0,1
1.266012677162786,-0.31540114750504616,-0.3154020568866461,-0.5831866525803752,-1.9442387321299197,-0.720537679727162,0.16548816634981825,-0.9278000142320425,0.35863605153503114,-1.3077615430111071,-1.228779230271929,1.8490452164862643,0.0,1.0,0.0,0.0,1.0,1.0,0.0,0.0,0.0,0.0,0.0,1.0,1.0,0.0,0.0,0.0,0.0,0.0,1.0,0.0,1
-0.42783449679069635,-0.22098596415340258,-0.22098511889203798,-0.5831866525803752,-0.13895495820523907,-0.23023701872767557,-0.22634315122282758,-0.9278000142320425,0.017993296035344494,-0.48006146409702516,-0.6989120443895394,1.8490452164862643,0.0,1.0,0.0,0.0,1.0,0.0,0.0,1.0,0.0,1.0,0.0,0.0,0.0,1.0,0.0,0.0,0.0,1.0,0.0,0.0,1
0.08768420832558087,-0.6491478421434143,-0.6491469881816458,-0.5831866525803752,0.32950475528154516,-0.23023701872767557,0.01381152728943922,-0.9278000142320425,-0.7625085515173357,0.41794647176185207,-0.5264657001663416,0.022827718722052668,1.0,0.0,0.0,0.0,1.0,0.0,1.0,0.0,0.0,1.0,0.0,0.0,0.0,0.0,1.0,0.0,0.0,0.0,0.0,1.0,1
1.4869492650697618,1.412616278023873,1.4126170900898507,2.945740293617565,-1.0758743851788075,0.7503643032712972,-0.3021814707530171,-0.9278000142320425,-0.6566777925271418,-1.3077615430111071,-0.7947155689579825,-0.8902810301600532,0.0,1.0,0.0,1.0,0.0,1.0,0.0,0.0,0.0,1.0,0.0,0.0,0.0,0.0,1.0,0.0,0.0,0.0,1.0,0.0,1
-1.6798084949302268,-0.6689091595891071,-0.6689083052257816,-0.5831866525803752,-0.05897403151237348,0.26006364227181084,-0.02410763247565554,-0.9278000142320425,-0.6963643271484644,-0.39142691458368145,0.9010068159034614,0.022827718722052668,1.0,0.0,0.0,0.0,1.0,1.0,0.0,0.0,0.0,1.0,0.0,0.0,0.0,1.0,0.0,0.0,0.0,0.0,1.0,0.0,1
1.6342403236744125,-0.8753051417996769,-0.8753060398038256,-0.5831866525803752,-0.3560460449430171,0.26006364227181084,1.5179381979715314,1.9988856823597234,0.8977114801413314,1.132687481935244,-0.10050849093126359,0.9359364676041585,1.0,0.0,0.0,0.0,1.0,0.0,1.0,0.0,0.0,0.0,1.0,0.0,0.0,1.0,0.0,0.0,0.0,0.0,1.0,0.0,1
-1.2379353191162747,-0.7852813623248539,-0.7852813838775609,-0.5493630716264013,-0.904486685122667,0.26006364227181084,0.35508396517529206,0.047761884631879505,-0.782351818827997,-0.370767733870045,-0.4535076314565272,0.022827718722052668,1.0,0.0,0.0,1.0,0.0,1.0,0.0,0.0,0.0,0.0,1.0,0.0,0.0,0.0,1.0,0.0,0.0,0.0,1.0,0.0,1
-0.13325237958139508,-0.7479544293718785,-0.7479535734023246,-0.5831866525803752,-0.6188405183624327,-0.8185978119270593,-1.553513743001144,-0.9278000142320425,-0.9113330563472958,1.3579391942323134,0.2348038450582875,0.9359364676041585,0.0,1.0,0.0,0.0,1.0,1.0,0.0,0.0,0.0,1.0,0.0,0.0,0.0,0.0,1.0,0.0,0.0,0.0,1.0,0.0,1
-1.3852263777209255,-0.7567372371255198,-0.7567381375390112,-0.5831866525803752,-1.9442387321299197,-0.8185978119270593,-0.1125856719275433,-0.9278000142320425,0.7720374538404762,-1.2131291668389659,-1.2162510770591324,0.9359364676041585,0.0,1.0,1.0,0.0,0.0,1.0,0.0,0.0,1.0,0.0,0.0,0.0,0.0,1.0,0.0,0.0,1.0,0.0,0.0,0.0,1
-1.1642897898139495,2.2030689758515867,2.2030697718552807,-0.5831866525803752,0.11241366854376708,-0.23023701872767557,-0.3527403504398101,0.047761884631879505,-0.5310037662262864,-1.022531564126061,0.6843434603409824,-0.8902810301600532,1.0,0.0,0.0,0.0,1.0,0.0,0.0,1.0,0.0,0.0,1.0,0.0,0.0,1.0,0.0,0.0,0.0,0.0,1.0,0.0,1
-0.05960685027906976,-0.4142077347335104,-0.41420864210732483,-0.5831866525803752,1.3578309556183885,1.7309656252702699,0.4056428448620851,-0.9278000142320425,3.0639348282218632,-0.775287820746734,1.6261658018676775,0.022827718722052668,1.0,0.0,1.0,0.0,0.0,1.0,0.0,0.0,0.0,0.0,1.0,0.0,0.0,0.0,1.0,0.0,0.0,0.0,1.0,0.0,1
1.3396582064651112,0.15228336537635123,0.15228244649123335,-0.5831866525803752,-0.39032358495424524,-0.23023701872767557,0.25396620580170604,0.047761884631879505,0.12051684380709485,-0.6470009727668944,-0.6650123356960902,-0.8902810301600532,0.0,1.0,0.0,0.0,1.0,0.0,1.0,0.0,0.0,1.0,0.0,0.0,1.0,0.0,0.0,0.0,0.0,1.0,0.0,0.0,1
1.6342403236744125,0.0424982684558354,0.042499108363105366,-0.5831866525803752,-0.7902282184185733,0.26006364227181084,1.353621838989454,0.047761884631879505,-0.7856590300464406,-0.9375623531264272,0.06751615215800597,-0.8902810301600532,1.0,0.0,0.0,0.0,1.0,1.0,0.0,0.0,0.0,1.0,0.0,0.0,0.0,0.0,1.0,0.0,0.0,0.0,1.0,0.0,1
1.04507608925581,-0.592059591744746,-0.5920604955045465,-0.5831866525803752,-0.42460112496547336,0.26006364227181084,1.151386320242282,0.047761884631879505,-0.20028264438193047,-0.363770269434781,-0.8529346338880364,-0.8902810301600532,1.0,0.0,1.0,0.0,0.0,0.0,1.0,0.0,0.0,0.0,1.0,0.0,1.0,0.0,0.0,0.0,0.0,0.0,0.0,1.0,1
-1.532517436325576,-0.04532980908057725,-0.04533072395012415,-0.5831866525803752,-0.413175278295064,-0.9166579441269566,1.1387466003205837,0.047761884631879505,-0.8683393105075295,1.1996632129584852,0.26501880280679646,-0.8902810301600532,0.0,1.0,0.0,0.0,1.0,1.0,0.0,0.0,0.0,1.0,0.0,0.0,0.0,0.0,1.0,0.0,0.0,0.0,1.0,0.0,1
0.7504939720465087,-0.4098163308566898,-0.40981636003898153,0.8655900649481723,-0.36747189161342647,-0.9166579441269566,-0.6813730684039647,0.047761884631879505,0.8514105230831216,0.9287613755361227,-0.3717061604788565,0.9359364676041585,1.0,0.0,0.0,1.0,0.0,0.0,0.0,1.0,0.0,0.0,1.0,0.0,1.0,0.0,0.0,1.0,0.0,0.0,0.0,0.0,0
-0.2068979088837204,0.15008766343794092,0.15008762287819802,-0.5831866525803752,0.6380026153825982,0.7503643032712972,-0.9215277469162315,-0.9278000142320425,0.404937008593241,-0.9372291405342718,-0.41150147068420984,-0.8902810301600532,1.0,0.0,0.0,0.0,1.0,0.0,1.0,0.0,0.0,0.0,1.0,0.0,1.0,0.0,0.0,0.0,0.0,0.0,0.0,1.0,1
-0.05960685027906976,0.2291329332207123,0.22913289105474102,-0.19985273510200469,-0.8930608384522576,0.7503643032712972,-2.678448816032289,1.0233237834958013,0.2561125037632808,-0.984212116028187,-0.9052580973061861,-0.8902810301600532,1.0,0.0,0.0,1.0,0.0,1.0,0.0,0.0,0.0,0.0,0.0,1.0,0.0,0.0,1.0,0.0,0.0,0.0,0.0,1.0,1
-0.42783449679069635,-0.8116297855857777,-0.8116298066030752,-0.5831866525803752,-0.9844676118155326,-0.23023701872767557,-0.22634315122282758,0.047761884631879505,-0.41525137358076186,-0.000901756577520374,-0.3525454555651679,0.9359364676041585,1.0,0.0,0.0,0.0,1.0,1.0,0.0,0.0,0.0,1.0,0.0,0.0,0.0,1.0,0.0,1.0,0.0,0.0,0.0,0.0,1
-0.13325237958139508,-0.8006512758937261,-0.8006504188533533,-0.5831866525803752,-0.1275291115348297,-0.8185978119270593,-0.5296964293435856,0.047761884631879505,-0.4946244428234073,1.3579391942323134,-0.6399560292704974,2.76215396536837,1.0,0.0,0.0,0.0,1.0,1.0,0.0,0.0,1.0,0.0,0.0,0.0,0.0,1.0,0.0,0.0,0.0,0.0,0.0,1.0,0
1.1187216185581352,0.8197767546530874,0.8197775787657782,-0.44225506527215075,0.16954290189581395,0.26006364227181084,-1.401837103940765,-0.9278000142320425,-0.10437351904706722,-1.0665156262905775,-0.9752683652600485,0.9359364676041585,0.0,1.0,0.0,1.0,0.0,1.0,0.0,0.0,0.0,0.0,1.0,0.0,0.0,1.0,0.0,0.0,0.0,1.0,0.0,0.0,1
1.3396582064651112,-1.0048515561658855,-1.0048506949760894,1.3222084078268195,1.2435724889142947,-0.23023701872767557,0.2666059257234043,-0.9278000142320425,-0.8385744095415375,0.2956574504408101,1.0609250069138627,-0.8902810301600532,0.0,1.0,0.0,1.0,0.0,1.0,0.0,0.0,0.0,1.0,0.0,0.0,0.0,0.0,1.0,0.0,1.0,0.0,0.0,0.0,1
0.7504939720465087,-0.7281931119261856,-0.7281922563581888,-0.5831866525803752,-1.7728510320737791,-0.9166579441269566,0.3298045253318955,0.047761884631879505,-0.8253455646677633,-0.2768017828822144,-1.1993012227124078,1.8490452164862643,0.0,1.0,0.0,0.0,1.0,1.0,0.0,0.0,0.0,1.0,0.0,0.0,0.0,1.0,0.0,0.0,0.0,1.0,0.0,0.0,1
0.8977850306511593,2.385312236739643,2.385311272478573,-0.5831866525803752,-1.8185544187554166,0.7503643032712972,1.5811367975800226,1.9988856823597234,0.03783656334600585,-1.2487829141995965,-1.0902325947421803,-0.8902810301600532,0.0,1.0,1.0,0.0,0.0,1.0,0.0,0.0,0.0,1.0,0.0,0.0,0.0,1.0,0.0,0.0,0.0,0.0,1.0,0.0,1
0.8241395013488341,-0.03435129938852567,-0.03435133620040231,-0.5831866525803752,1.5520703490153478,-0.8185978119270593,-1.3259987844105756,-0.9278000142320425,0.39832258615635385,1.3579391942323134,2.6033617524657977,1.8490452164862643,0.0,1.0,0.0,0.0,1.0,1.0,0.0,0.0,0.0,1.0,0.0,0.0,0.0,1.0,0.0,1.0,0.0,0.0,0.0,0.0,1
-0.7224166139999976,0.7582971003775986,0.758296169178063,-0.368970639871874,-0.3788977382838359,-0.720537679727162,1.0629082807903942,-0.9278000142320425,-0.8352671983230939,-0.5387068803163805,0.615807092765096,0.022827718722052668,1.0,0.0,0.0,1.0,0.0,1.0,0.0,0.0,1.0,0.0,0.0,0.0,0.0,1.0,0.0,0.0,0.0,0.0,1.0,0.0,1
-1.6061629656279013,-0.598646697559977,-0.5986476011859252,-0.5831866525803752,0.13526536188458582,-0.23023701872767557,-0.5549758691869822,0.047761884631879505,1.0101566615684126,0.46859478576947716,-0.47487918693717995,-0.8902810301600532,0.0,1.0,0.0,0.0,1.0,0.0,0.0,1.0,0.0,1.0,0.0,0.0,0.0,0.0,1.0,0.0,0.0,1.0,0.0,0.0,0
-0.05960685027906976,1.0327598426788882,1.0327597841829281,-0.4027942208258479,-1.9442387321299197,-0.8185978119270593,0.19076760619321476,-0.9278000142320425,-0.6632922149640288,-1.3077615430111071,-1.2140402264921684,-0.8902810301600532,0.0,1.0,0.0,1.0,0.0,0.0,1.0,0.0,1.0,0.0,0.0,0.0,0.0,0.0,1.0,0.0,0.0,0.0,1.0,0.0,1
0.9714305599534846,-0.06948253040309073,-0.06948168822033055,1.0347079697180415,-0.19608419155728593,-0.720537679727162,0.3171648054101973,-0.9278000142320425,-0.5905335681582705,-0.2924627747135195,-1.1646645638299706,0.9359364676041585,0.0,1.0,0.0,1.0,0.0,0.0,1.0,0.0,0.0,1.0,0.0,0.0,0.0,1.0,0.0,0.0,0.0,0.0,0.0,1.0,1
0.014038679023255554,-0.4471432638096652,-0.44714417051421773,-0.5831866525803752,-0.03612233817155474,1.7309656252702699,-1.0226455062898174,1.0233237834958013,2.6207685249504262,-0.5253783766301633,0.2355407952472755,-0.8902810301600532,0.0,1.0,0.0,0.0,1.0,0.0,1.0,0.0,1.0,0.0,0.0,0.0,0.0,1.0,0.0,0.0,0.0,0.0,1.0,0.0,1
1.04507608925581,-0.21659456027658194,-0.21659547166596732,3.6447609666663587,0.5580216886897326,0.7503643032712972,0.039090967132835726,-0.9278000142320425,-0.4284802184545361,-1.1841396713214436,-0.325278298572611,0.9359364676041585,1.0,0.0,0.0,1.0,0.0,0.0,0.0,1.0,0.0,1.0,0.0,0.0,0.0,0.0,1.0,0.0,0.0,0.0,0.0,1.0,1
0.30862079623255684,2.2096560816668176,2.209656877536659,1.2263749284572267,-1.7271476453921417,0.7503643032712972,0.14020872650642174,0.047761884631879505,-0.6665994261824724,-1.3077615430111071,-0.9421056067555874,0.022827718722052668,0.0,1.0,0.0,1.0,0.0,0.0,0.0,1.0,0.0,1.0,0.0,0.0,0.0,1.0,0.0,0.0,0.0,0.0,1.0,0.0,1
0.6768484427441834,-0.3724893979037144,-0.3724885495637454,-0.5831866525803752,0.36378229529277323,-0.720537679727162,-0.4791375496567926,-0.9278000142320425,0.1998899130497403,1.3579391942323134,-0.8610410859669047,-0.8902810301600532,0.0,1.0,0.0,0.0,1.0,1.0,0.0,0.0,0.0,1.0,0.0,0.0,0.0,1.0,0.0,0.0,0.0,0.0,0.0,1.0,1
0.08768420832558087,2.330419688279385,2.330419603414509,-0.5550003351187304,0.31807890861113575,-0.720537679727162,-0.09994595200584505,0.047761884631879505,-0.7459724954251178,-0.6036833357866889,0.945960777431731,-0.8902810301600532,0.0,1.0,0.0,1.0,0.0,1.0,0.0,0.0,0.0,0.0,1.0,0.0,0.0,1.0,0.0,1.0,0.0,0.0,0.0,0.0,1
0.8977850306511593,-0.6996489867268515,-0.6996490100196392,-0.4591668557491377,1.9634008291500853,1.7309656252702699,-1.047924946133214,-0.9278000142320425,-0.16059610976060773,-0.40908718196791916,1.9216828276518751,0.9359364676041585,0.0,1.0,0.0,1.0,0.0,1.0,0.0,0.0,0.0,1.0,0.0,0.0,0.0,0.0,1.0,1.0,0.0,0.0,0.0,0.0,0
1.1187216185581352,-0.24513868547591605,-0.24513871800451698,-0.5831866525803752,-0.3331943516021984,-0.720537679727162,-0.26426231098792236,1.0233237834958013,0.19327549061285318,0.7831474727642007,-0.6952272934445992,-0.8902810301600532,0.0,1.0,0.0,0.0,1.0,1.0,0.0,0.0,0.0,0.0,0.0,1.0,0.0,1.0,0.0,0.0,0.0,1.0,0.0,0.0,0
1.1923671478604605,0.6331420898882105,0.6331411612318699,-0.5831866525803752,-0.721673138396117,-0.720537679727162,-1.351278224253972,1.0233237834958013,-0.6434489476533675,-0.4034225679012768,-0.4387686276767667,0.022827718722052668,1.0,0.0,0.0,0.0,1.0,0.0,0.0,1.0,0.0,1.0,0.0,0.0,0.0,0.0,1.0,0.0,0.0,0.0,1.0,0.0,1
0.6032029134418581,-0.40542492697986915,-0.4054240779706383,-0.5831866525803752,0.60372507537137,-0.23023701872767557,1.1261068803988854,0.047761884631879505,-0.4780883867311895,0.39695407845606007,0.6865543109079464,-0.8902810301600532,0.0,1.0,0.0,0.0,1.0,1.0,0.0,0.0,1.0,0.0,0.0,0.0,0.0,1.0,0.0,1.0,0.0,0.0,0.0,0.0,1
1.1923671478604605,-0.7896727662016745,-0.789673665945904,-0.5831866525803752,-0.5617112850103858,0.26006364227181084,0.2666059257234043,-0.9278000142320425,-0.9245619012210701,-0.5170480618262776,-1.1071824490889048,0.022827718722052668,1.0,0.0,1.0,0.0,0.0,1.0,0.0,0.0,1.0,0.0,0.0,0.0,0.0,1.0,0.0,0.0,0.0,0.0,0.0,1.0,0
-1.0906442605116242,-0.7040403906036722,-0.7040412920879825,-0.5775493890880462,-0.15038080487564845,1.7309656252702699,1.6822545569536087,-0.9278000142320425,1.2581975029516794,-0.9352298649813392,0.01371878836188019,0.022827718722052668,1.0,0.0,0.0,1.0,0.0,1.0,0.0,0.0,0.0,1.0,0.0,0.0,0.0,1.0,0.0,0.0,0.0,0.0,1.0,0.0,1
-1.2379353191162747,-0.675496265404338,-0.6754954109071603,-0.5831866525803752,-0.321768504931789,-0.720537679727162,1.9097695155441772,-0.9278000142320425,0.4710812329621122,1.3579391942323134,-0.6436407802154375,-0.8902810301600532,1.0,0.0,0.0,0.0,1.0,1.0,0.0,0.0,0.0,1.0,0.0,0.0,0.0,0.0,1.0,0.0,0.0,1.0,0.0,0.0,0
0.2349752669302315,-0.7808899584480332,-0.7808891018092176,0.2003929728533528,-0.39032358495424524,-0.9166579441269566,-0.4664978297350944,1.0233237834958013,-0.9510195909686185,1.3579391942323134,-0.12482784716786838,-0.8902810301600532,1.0,0.0,0.0,1.0,0.0,0.0,1.0,0.0,0.0,1.0,0.0,0.0,0.0,1.0,0.0,0.0,0.0,0.0,1.0,0.0,0
1.266012677162786,-0.6425607363281833,-0.6425598825002673,1.3785810427501093,1.2321466422438854,1.7309656252702699,0.2666059257234043,0.047761884631879505,-0.7988878749202148,-0.862589519891456,-0.812402373493695,0.9359364676041585,1.0,0.0,0.0,1.0,0.0,0.0,1.0,0.0,0.0,1.0,0.0,0.0,1.0,0.0,0.0,0.0,0.0,1.0,0.0,0.0,1
-0.6487710846976723,-0.9719160270897308,-0.9719151665691965,-0.5831866525803752,1.3921084956296166,-0.8185978119270593,0.07701012689793048,-0.9278000142320425,1.479780654587398,1.3579391942323134,0.9975472906608926,-0.8902810301600532,1.0,0.0,0.0,0.0,1.0,1.0,0.0,0.0,0.0,1.0,0.0,0.0,0.0,1.0,0.0,0.0,1.0,0.0,0.0,0.0,1
0.8241395013488341,1.1864589783676103,1.1864580384676708,-0.5831866525803752,1.1407398688806105,0.26006364227181084,1.2272246397724715,-0.9278000142320425,-0.9642484358423928,-0.9578883212479082,2.362379040666714,0.9359364676041585,1.0,0.0,0.0,0.0,1.0,0.0,1.0,0.0,1.0,0.0,0.0,0.0,1.0,0.0,0.0,1.0,0.0,0.0,0.0,0.0,1
0.6032029134418581,-0.8928707573069594,-0.8928698983926535,-0.5831866525803752,0.03243274185090149,0.7503643032712972,0.7216358429045414,-0.9278000142320425,-0.7228220168960129,-0.2881310110154988,-0.08429558677352704,-0.8902810301600532,1.0,0.0,0.0,0.0,1.0,0.0,0.0,1.0,0.0,1.0,0.0,0.0,0.0,0.0,1.0,0.0,1.0,0.0,0.0,0.0,1
0.014038679023255554,-0.42079484054874133,-0.4207957477887034,-0.5831866525803752,-0.6416922117032514,-0.23023701872767557,-1.0858441058983088,-0.9278000142320425,-0.6434489476533675,-0.5990183594965128,0.1382633703008563,1.8490452164862643,0.0,1.0,0.0,0.0,1.0,1.0,0.0,0.0,1.0,0.0,0.0,0.0,1.0,0.0,0.0,0.0,1.0,0.0,0.0,0.0,1
-1.0906442605116242,0.43333321349287174,0.4333331671774771,0.9501490173331069,-1.8071285720850072,-0.23023701872767557,0.48148116439227456,-0.9278000142320425,-0.7393580729882308,-1.3077615430111071,-1.2184619276260964,-0.8902810301600532,1.0,0.0,0.0,1.0,0.0,1.0,0.0,0.0,0.0,1.0,0.0,0.0,0.0,0.0,1.0,0.0,0.0,0.0,0.0,1.0,1
-0.42783449679069635,-0.5261885335924366,-0.5261894386907607,0.42588351254651197,0.5008924553376857,1.7309656252702699,0.22868676595830953,1.0233237834958013,4.059405404973375,-0.6639948149668211,0.5185296678186768,0.9359364676041585,0.0,1.0,0.0,1.0,0.0,1.0,0.0,0.0,0.0,1.0,0.0,0.0,1.0,0.0,0.0,0.0,0.0,0.0,1.0,0.0,1
-1.2379353191162747,1.4170076819006934,1.4170067373159214,-0.5831866525803752,0.44376322198563883,-1.112778208526751,0.2918853655668008,-0.9278000142320425,-0.4880100203865202,1.3579391942323134,-0.96347716223624,-0.8902810301600532,1.0,0.0,1.0,0.0,0.0,1.0,0.0,0.0,1.0,0.0,0.0,0.0,0.0,1.0,0.0,0.0,0.0,1.0,0.0,0.0,0
-0.42783449679069635,-0.45592607156330645,-0.45592609980863164,0.05946138554512834,1.8605682091164009,1.7309656252702699,0.10228956674132698,1.9988856823597234,1.741050340844439,-0.17450551709049816,0.7447733758380003,-0.8902810301600532,1.0,0.0,0.0,1.0,0.0,1.0,0.0,0.0,1.0,0.0,0.0,0.0,0.0,0.0,1.0,0.0,1.0,0.0,0.0,0.0,1
0.2349752669302315,0.4113761941087686,0.41137702652030605,-0.5831866525803752,0.9465004754836511,-0.720537679727162,-0.896248307072835,-0.9278000142320425,-0.3491071492118907,0.5852191930238768,1.9393696321875877,-0.8902810301600532,0.0,1.0,0.0,0.0,1.0,0.0,1.0,0.0,0.0,0.0,1.0,0.0,0.0,0.0,1.0,0.0,0.0,0.0,1.0,0.0,1
0.014038679023255554,-0.49984011033151277,-0.4998410159652464,1.0798060776566734,-1.647166718699276,1.7309656252702699,0.17812788627151652,-0.9278000142320425,-0.5905335681582705,-1.3077615430111071,-1.1580320121290786,1.8490452164862643,0.0,1.0,0.0,1.0,0.0,0.0,1.0,0.0,0.0,1.0,0.0,0.0,0.0,0.0,1.0,0.0,0.0,0.0,0.0,1.0,1
-0.6487710846976723,0.22693723128230198,0.2269380674417057,-0.01946030334747736,1.3578309556183885,1.7309656252702699,0.07701012689793048,-0.9278000142320425,-0.8220383534493197,-1.0911733581100793,1.796401295523911,2.76215396536837,1.0,0.0,0.0,1.0,0.0,1.0,0.0,0.0,0.0,1.0,0.0,0.0,1.0,0.0,0.0,0.0,0.0,0.0,1.0,0.0,1
0.8977850306511593,-0.02995989551170504,-0.02995905413205905,1.0234334427333835,0.12383951521417645,-0.9166579441269566,1.1261068803988854,0.047761884631879505,-0.8253455646677633,0.9227635488773248,-0.12409089697888036,-0.8902810301600532,0.0,1.0,0.0,1.0,0.0,0.0,1.0,0.0,0.0,0.0,1.0,0.0,0.0,1.0,0.0,0.0,1.0,0.0,0.0,0.0,0
1.266012677162786,0.5123784832756431,0.5123784353540201,2.4102002618463123,0.7179835420754638,-0.720537679727162,1.0249891210252995,1.0233237834958013,0.9870061830393075,-0.17217302894541014,-0.49109209109491647,-0.8902810301600532,0.0,1.0,0.0,1.0,0.0,0.0,1.0,0.0,0.0,1.0,0.0,0.0,1.0,0.0,0.0,0.0,0.0,1.0,0.0,0.0,1
-0.7224166139999976,-0.8335868049698808,-0.8335859472602463,-0.5719121255957172,0.12383951521417645,-0.8185978119270593,0.05173068705453398,-0.9278000142320425,-0.7360508617697872,1.3579391942323134,1.0955616657962999,0.022827718722052668,1.0,0.0,0.0,1.0,0.0,1.0,0.0,0.0,0.0,0.0,1.0,0.0,0.0,1.0,0.0,0.0,0.0,0.0,1.0,0.0,1
0.16132973762790617,0.07323809559357983,0.07323717831469034,-0.4027942208258479,0.7636869287571012,-0.720537679727162,0.08964984681962873,0.047761884631879505,-0.9708628582792799,0.9480877058811374,1.5067798712516174,0.022827718722052668,0.0,1.0,0.0,1.0,0.0,1.0,0.0,0.0,1.0,0.0,0.0,0.0,0.0,1.0,0.0,0.0,0.0,0.0,1.0,0.0,1
1.4133037357674365,1.1996331899980721,1.1996322498304282,-0.09274472874775408,-0.39032358495424524,-0.9166579441269566,2.0867255944479526,-0.9278000142320425,-0.7228220168960129,-0.2241541933216567,0.11541791444222754,0.9359364676041585,1.0,0.0,0.0,1.0,0.0,0.0,1.0,0.0,0.0,0.0,1.0,0.0,1.0,0.0,0.0,0.0,0.0,0.0,1.0,0.0,1
1.6342403236744125,-0.6952575828500309,-0.695256727951296,1.2601985094112007,0.5922992287009606,0.7503643032712972,-2.0717422597907724,-0.9278000142320425,0.08083030918577214,-0.9009089679893302,1.3770766379897252,0.022827718722052668,0.0,1.0,0.0,1.0,0.0,1.0,0.0,0.0,0.0,1.0,0.0,0.0,0.0,0.0,1.0,1.0,0.0,0.0,0.0,0.0,1
-0.2068979088837204,-0.27148710873683984,-0.27148714073003133,-0.5831866525803752,1.403534342300026,-0.23023701872767557,0.24132648588000777,0.047761884631879505,-0.3491071492118907,0.6175408144629533,-0.1616753566172696,1.8490452164862643,1.0,0.0,0.0,0.0,1.0,1.0,0.0,0.0,0.0,0.0,1.0,0.0,0.0,1.0,0.0,0.0,0.0,0.0,0.0,1.0,0
1.7078858529767378,-0.8818922476149078,-0.8818931454852043,-0.5831866525803752,-1.4186497852910886,0.26006364227181084,1.1134671604771873,-0.9278000142320425,-0.6897499047115773,-0.9995398952673368,-1.0644393381275994,0.9359364676041585,0.0,1.0,0.0,0.0,1.0,0.0,1.0,0.0,0.0,0.0,1.0,0.0,0.0,1.0,0.0,0.0,0.0,0.0,0.0,1.0,1
1.04507608925581,-0.6381693324513626,-0.6381702352741967,-0.5831866525803752,0.2838013685999077,-0.9166579441269566,1.0755480007120926,-0.9278000142320425,-0.9708628582792799,1.3579391942323134,-0.41739707219611405,-0.8902810301600532,0.0,1.0,0.0,0.0,1.0,1.0,0.0,0.0,1.0,0.0,0.0,0.0,0.0,1.0,0.0,0.0,0.0,0.0,0.0,1.0,0
1.4869492650697618,0.7868412255769327,0.7868420503588853,-0.5831866525803752,0.31807890861113575,1.7309656252702699,1.4294601585196436,2.9744475812236453,-0.37556483895943915,-0.7789531592604436,-0.6502733319163297,-0.8902810301600532,1.0,0.0,0.0,0.0,1.0,1.0,0.0,0.0,0.0,1.0,0.0,0.0,0.0,1.0,0.0,0.0,0.0,0.0,0.0,1.0,1
1.4133037357674365,-0.4515346676864858,-0.4515338177402884,2.0325036078602707,0.9807780154948793,-1.112778208526751,0.5699592038441623,-0.9278000142320425,-0.44170906332831034,1.3579391942323134,-0.628901776435677,-0.8902810301600532,0.0,1.0,0.0,1.0,0.0,0.0,1.0,0.0,0.0,0.0,1.0,0.0,0.0,1.0,0.0,0.0,0.0,0.0,0.0,1.0,0
0.9714305599534846,-0.21439885833817163,-0.21439801321065938,-0.4648041192414667,-0.9501900718043044,-0.9166579441269566,0.5194003241573694,-0.9278000142320425,1.7774296642473184,0.36096711850327395,-0.7129140979803118,-0.8902810301600532,0.0,1.0,0.0,1.0,0.0,0.0,1.0,0.0,0.0,0.0,1.0,0.0,0.0,1.0,0.0,0.0,0.0,0.0,1.0,0.0,1
-0.35418896748837103,-0.7940641700784952,-0.7940633131719748,-0.47044138273379565,1.3806826489592072,-0.720537679727162,-0.744571668012456,0.047761884631879505,-0.7592013402988921,1.3579391942323134,2.215725953058097,0.9359364676041585,1.0,0.0,0.0,1.0,0.0,0.0,1.0,0.0,0.0,1.0,0.0,0.0,1.0,0.0,0.0,0.0,0.0,0.0,1.0,0.0,1
-1.0906442605116242,-0.6315822266361317,-0.631583129592818,-0.5831866525803752,0.4323373753152295,0.7503643032712972,-0.3527403504398101,-0.9278000142320425,1.4235580638738574,-0.5083845344302366,0.3925111855017247,1.8490452164862643,0.0,1.0,0.0,0.0,1.0,1.0,0.0,0.0,0.0,1.0,0.0,0.0,0.0,1.0,0.0,0.0,0.0,0.0,1.0,0.0,1
-1.3115808484186,-0.20781175252294068,-0.2078109075292808,0.6175504712856972,-1.9442387321299197,-0.8185978119270593,0.7974741624347309,0.047761884631879505,-0.6335273139980369,-1.2144620172075875,-1.2685745404772821,-0.8902810301600532,0.0,1.0,0.0,1.0,0.0,1.0,0.0,0.0,0.0,1.0,0.0,0.0,1.0,0.0,0.0,0.0,0.0,1.0,0.0,0.0,1
-0.35418896748837103,3.1274594919223295,3.1274593908613175,-0.5831866525803752,2.363305462614413,-0.720537679727162,0.14020872650642174,-0.9278000142320425,-0.5905335681582705,-0.23914875996865104,3.2275585625386545,-0.8902810301600532,0.0,1.0,0.0,0.0,1.0,1.0,0.0,0.0,1.0,0.0,0.0,0.0,0.0,0.0,1.0,0.0,0.0,0.0,1.0,0.0,1
-0.35418896748837103,-0.7150189002957238,-0.7150180449954318,-0.5831866525803752,0.386633988633592,-0.720537679727162,-0.8330497074643437,-0.9278000142320425,-0.05807256198885739,1.3579391942323134,0.029931692519616724,-0.8902810301600532,0.0,1.0,0.0,0.0,1.0,0.0,0.0,1.0,0.0,1.0,0.0,0.0,0.0,0.0,1.0,0.0,1.0,0.0,0.0,0.0,0
1.1187216185581352,-0.06289542458785978,-0.06289458253895197,-0.5831866525803752,0.29522721527031703,-0.23023701872767557,0.7595550026696362,0.047761884631879505,-0.9576340134055057,-0.20449465038448658,-0.8057698217928029,-0.8902810301600532,0.0,1.0,0.0,0.0,1.0,1.0,0.0,0.0,0.0,1.0,0.0,0.0,0.0,0.0,1.0,0.0,0.0,1.0,0.0,0.0,1
-1.6798084949302268,1.6234036641112632,1.6234044718939653,-0.5831866525803752,1.2092949489030667,1.7309656252702699,0.5952386436875589,2.9744475812236453,-0.39871531748854405,-0.9059071568716617,0.6349677976787848,-0.8902810301600532,0.0,1.0,0.0,0.0,1.0,0.0,1.0,0.0,0.0,0.0,1.0,0.0,0.0,0.0,1.0,0.0,0.0,0.0,1.0,0.0,1
-1.2379353191162747,-0.675496265404338,-0.6754954109071603,-0.19985273510200469,0.5808733820305513,-0.720537679727162,-0.049387072319052046,0.047761884631879505,-0.8021950861386583,1.3579391942323134,1.1685197345061142,-0.8902810301600532,1.0,0.0,0.0,1.0,0.0,0.0,0.0,1.0,0.0,0.0,1.0,0.0,0.0,0.0,1.0,0.0,0.0,0.0,1.0,0.0,0
1.7078858529767378,-0.1726805215083756,-0.17268055550935255,-0.5831866525803752,-1.178707005212492,-0.720537679727162,-1.8695067410436004,-0.9278000142320425,-0.7327436505513436,-0.5973522965357356,-0.4387686276767667,-0.8902810301600532,0.0,1.0,0.0,0.0,1.0,0.0,1.0,0.0,0.0,1.0,0.0,0.0,1.0,0.0,0.0,0.0,0.0,0.0,1.0,0.0,1
-1.016998731209299,-0.4471432638096652,-0.44714417051421773,-0.5831866525803752,-0.4360269716358827,-0.23023701872767557,-0.28954175083131883,1.9988856823597234,-0.38217926139632624,0.3366425992759278,0.3269226186817905,0.9359364676041585,0.0,1.0,0.0,0.0,1.0,0.0,1.0,0.0,0.0,1.0,0.0,0.0,0.0,1.0,0.0,0.0,0.0,0.0,1.0,0.0,1
1.3396582064651112,0.3389180301412281,0.3389188640251416,-0.5831866525803752,-0.2874909649205609,0.7503643032712972,0.5446797640007658,0.047761884631879505,0.08083030918577214,-1.0118687611770874,-0.7961894693359586,-0.8902810301600532,1.0,0.0,0.0,0.0,1.0,0.0,0.0,1.0,1.0,0.0,0.0,0.0,0.0,0.0,1.0,0.0,0.0,1.0,0.0,0.0,1
-1.4588719070232508,-0.7259974099877753,-0.7259974327451536,1.1418159760722921,0.9465004754836511,-0.720537679727162,0.11492928666302524,0.047761884631879505,-0.9080258451288523,1.3579391942323134,-0.4070797695502817,-0.8902810301600532,0.0,1.0,0.0,1.0,0.0,1.0,0.0,0.0,0.0,0.0,1.0,0.0,1.0,0.0,0.0,0.0,0.0,1.0,0.0,0.0,0
0.08768420832558087,-0.43396905217920323,-0.4339699591514606,-0.008185776362819405,-1.9442387321299197,-0.8185978119270593,-0.5296964293435856,0.047761884631879505,0.014686084816900933,-1.1164975151138918,-1.2184619276260964,-0.8902810301600532,0.0,1.0,0.0,1.0,0.0,1.0,0.0,0.0,0.0,1.0,0.0,0.0,0.0,0.0,1.0,0.0,1.0,0.0,0.0,0.0,1
0.8241395013488341,-0.17926762732360654,-0.17926766119073115,-0.3464215859025581,-1.0987260785196262,-0.720537679727162,0.7216358429045414,1.0233237834958013,-0.6831354822746902,-0.19283220965904657,-0.9951660203627251,1.8490452164862643,1.0,0.0,0.0,1.0,0.0,1.0,0.0,0.0,0.0,1.0,0.0,0.0,0.0,0.0,1.0,0.0,0.0,1.0,0.0,0.0,1
-0.2068979088837204,-0.20781175252294068,-0.2078109075292808,-0.5831866525803752,0.5580216886897326,0.7503643032712972,-0.5802553090303787,0.047761884631879505,1.1689028000537034,-0.5930205328377152,-0.5117266963865812,-0.8902810301600532,1.0,0.0,0.0,0.0,1.0,0.0,0.0,1.0,0.0,0.0,1.0,0.0,0.0,0.0,1.0,0.0,0.0,1.0,0.0,0.0,0
0.014038679023255554,-0.598646697559977,-0.5986476011859252,1.147453239564621,-0.7330989850665264,-0.720537679727162,-0.18842399145773284,-0.9278000142320425,0.011378873598457373,-0.36676918276417975,-0.3960255167154613,-0.8902810301600532,0.0,1.0,0.0,1.0,0.0,0.0,0.0,1.0,0.0,0.0,1.0,0.0,0.0,0.0,1.0,0.0,0.0,0.0,1.0,0.0,1
-1.6798084949302268,0.7495142926239573,0.7495142398836491,0.6119132077933682,1.2435724889142947,-0.720537679727162,-0.22634315122282758,1.0233237834958013,0.12382405502553841,0.30532061561331747,2.2348866579717854,0.022827718722052668,0.0,1.0,0.0,1.0,0.0,0.0,0.0,1.0,0.0,1.0,0.0,0.0,1.0,0.0,0.0,0.0,0.0,0.0,1.0,0.0,1
0.014038679023255554,0.22254582740548134,0.22254578537336245,-0.5831866525803752,0.6151509220417795,-1.112778208526751,-1.0100057863681193,2.9744475812236453,-0.36564320530410843,1.3579391942323134,0.5133710164957607,-0.8902810301600532,1.0,0.0,1.0,0.0,0.0,1.0,0.0,0.0,0.0,0.0,1.0,0.0,1.0,0.0,0.0,0.0,0.0,0.0,1.0,0.0,0
1.4869492650697618,1.4960529516834649,1.4960520054924644,-0.5831866525803752,0.7522610820866918,-0.720537679727162,-0.64345390863887,-0.9278000142320425,0.9770845493839768,-0.25547617698426706,1.1803109375299228,2.76215396536837,1.0,0.0,0.0,0.0,1.0,0.0,1.0,0.0,0.0,0.0,1.0,0.0,0.0,0.0,1.0,0.0,0.0,0.0,1.0,0.0,1
-0.7960621433023229,0.6858389364100581,0.6858380066828986,0.9219626998714621,-1.6700184120400947,-0.9166579441269566,0.0011718073677409672,0.047761884631879505,-0.5905335681582705,-1.0741795159101526,-1.0320135298121262,2.76215396536837,1.0,0.0,0.0,1.0,0.0,0.0,1.0,0.0,0.0,1.0,0.0,0.0,1.0,0.0,0.0,0.0,0.0,0.0,1.0,0.0,1
-1.3115808484186,-0.8621309301692149,-0.8621318284410685,-0.5831866525803752,1.5520703490153478,-0.23023701872767557,0.21604704603661126,-0.9278000142320425,-0.7955806637017713,1.3579391942323134,2.217199853436073,0.022827718722052668,0.0,1.0,0.0,0.0,1.0,0.0,1.0,0.0,1.0,0.0,0.0,0.0,0.0,1.0,0.0,0.0,0.0,0.0,1.0,0.0,1
-1.1642897898139495,-0.47129598513217863,-0.47129513478442414,0.4371580395311699,0.39805983530400135,-0.9166579441269566,-0.9088880269945332,0.047761884631879505,-0.4350946408914232,1.3579391942323134,1.0167079955745812,0.022827718722052668,0.0,1.0,0.0,1.0,0.0,0.0,0.0,1.0,0.0,1.0,0.0,0.0,0.0,0.0,1.0,0.0,0.0,0.0,1.0,0.0,1
1.5605947943720873,-0.945567603828807,-0.9455667438436821,-0.5831866525803752,1.4492377289816636,-0.720537679727162,0.5573194839224641,0.047761884631879505,-0.7062859608037951,1.3579391942323134,-0.49035514090592847,-0.8902810301600532,1.0,0.0,0.0,0.0,1.0,1.0,0.0,0.0,0.0,0.0,1.0,0.0,1.0,0.0,0.0,0.0,0.0,0.0,0.0,1.0,0
-1.0906442605116242,-0.5569283607301809,-0.5569275086423457,-0.5831866525803752,-1.9442387321299197,-1.0147180763268537,0.6837166831394467,0.047761884631879505,-0.5938407793767141,-0.775287820746734,-1.2457290846186533,-0.8902810301600532,0.0,1.0,0.0,0.0,1.0,0.0,0.0,1.0,0.0,1.0,0.0,0.0,0.0,1.0,0.0,0.0,0.0,0.0,1.0,0.0,1
-1.3115808484186,-0.8533481224155737,-0.853347264304382,1.0516197601950286,-1.9442387321299197,-0.9166579441269566,-0.9215277469162315,0.047761884631879505,-0.7922734524833277,-1.0655159885141114,-1.2449921344296653,-0.8902810301600532,1.0,0.0,0.0,1.0,0.0,0.0,1.0,0.0,0.0,1.0,0.0,0.0,0.0,1.0,0.0,0.0,0.0,0.0,1.0,0.0,1
0.4559118548372074,-0.293444128120943,-0.2934432813872024,-0.5831866525803752,-1.738573492062551,-0.8185978119270593,-1.2754399047237825,0.047761884631879505,-0.53431097744473,-0.8079426547779659,-0.9531598595904077,0.9359364676041585,0.0,1.0,0.0,0.0,1.0,1.0,0.0,0.0,0.0,1.0,0.0,0.0,0.0,1.0,0.0,0.0,0.0,0.0,1.0,0.0,1
-0.13325237958139508,-0.48227449482423024,-0.482274522534146,-0.28441168748693935,0.1923945952366327,-0.9166579441269566,-2.0211833801039796,0.047761884631879505,1.4301724863107446,1.3579391942323134,-1.0769674913403957,-0.8902810301600532,1.0,0.0,0.0,1.0,0.0,0.0,1.0,0.0,0.0,0.0,1.0,0.0,0.0,0.0,1.0,0.0,0.0,0.0,0.0,1.0,0
0.9714305599534846,-0.13535358855540022,-0.13535274503411637,-0.13220557319405693,0.5580216886897326,1.7309656252702699,-0.2516225910662241,-0.9278000142320425,-0.6930571159300208,-1.1015029484668977,0.3357660209496468,0.9359364676041585,0.0,1.0,0.0,1.0,0.0,1.0,0.0,0.0,0.0,1.0,0.0,0.0,0.0,1.0,0.0,1.0,0.0,0.0,0.0,0.0,1
0.8241395013488341,-0.7150189002957238,-0.7150180449954318,0.26240287126897155,0.7179835420754638,-0.720537679727162,1.5305779178932295,0.047761884631879505,3.1036213628431857,1.3579391942323134,0.6025419893633116,0.9359364676041585,1.0,0.0,0.0,1.0,0.0,1.0,0.0,0.0,0.0,1.0,0.0,0.0,0.0,0.0,1.0,0.0,0.0,0.0,1.0,0.0,1
-0.35418896748837103,-0.7611286410023403,-0.7611277847650818,-0.5831866525803752,0.6265767687121888,0.26006364227181084,-1.1237632656634036,2.9744475812236453,1.5194671892087206,1.3579391942323134,0.3961959364466648,0.022827718722052668,0.0,1.0,0.0,0.0,1.0,0.0,1.0,0.0,0.0,1.0,0.0,0.0,0.0,1.0,0.0,0.0,0.0,0.0,1.0,0.0,0
-0.5014800260930217,-1.0004601522890648,-1.0004610477500187,-0.5831866525803752,0.21524628857745143,-0.720537679727162,0.38036340501868854,0.047761884631879505,-0.8848753665997473,1.3579391942323134,-1.0607545871826594,0.022827718722052668,1.0,0.0,0.0,0.0,1.0,0.0,1.0,0.0,0.0,1.0,0.0,0.0,1.0,0.0,0.0,0.0,0.0,0.0,0.0,1.0,0
-1.2379353191162747,2.141589321576098,2.1415883622675653,0.8768645919328303,-1.2244103918941294,1.7309656252702699,-0.8709688672294384,0.047761884631879505,-0.22674033412947894,-1.3077615430111071,-0.5891064662303237,-0.8902810301600532,0.0,1.0,0.0,1.0,0.0,1.0,0.0,0.0,0.0,1.0,0.0,0.0,0.0,1.0,0.0,1.0,0.0,0.0,0.0,0.0,1
-1.6061629656279013,-0.41201203279510007,-0.4120111836520169,3.0641228269564738,-0.39032358495424524,-1.0147180763268537,0.19076760619321476,-0.9278000142320425,-0.41855858479920544,0.6915140099214582,-1.0460155834028988,0.9359364676041585,1.0,0.0,0.0,1.0,0.0,1.0,0.0,0.0,0.0,1.0,0.0,0.0,0.0,1.0,0.0,0.0,0.0,0.0,0.0,1.0,1
-0.5751255553953469,-0.7852813623248539,-0.7852813838775609,-0.14911736367104386,-0.0932515715236016,-1.0147180763268537,-0.795130547699249,-0.9278000142320425,1.9130253242035042,1.3579391942323134,0.1559501748365689,-0.8902810301600532,0.0,1.0,0.0,1.0,0.0,0.0,1.0,0.0,0.0,1.0,0.0,0.0,0.0,0.0,1.0,1.0,0.0,0.0,0.0,0.0,0
-0.9433532019069736,-0.6096252072520286,-0.6096243540933743,-0.49862770019544056,1.0150555555061074,-0.8185978119270593,0.2792456456451025,-0.9278000142320425,-0.05145813955197026,1.3579391942323134,-0.777765714611258,-0.8902810301600532,0.0,1.0,0.0,1.0,0.0,1.0,0.0,0.0,0.0,1.0,0.0,0.0,0.0,0.0,1.0,0.0,0.0,0.0,0.0,1.0,0
0.2349752669302315,-0.6579306498970555,-0.6579315523183324,2.0437781348449287,1.9634008291500853,-0.720537679727162,-1.0352852262115158,0.047761884631879505,0.7885735099326939,1.3579391942323134,0.8280487471936471,0.022827718722052668,0.0,1.0,0.0,1.0,0.0,1.0,0.0,0.0,1.0,0.0,0.0,0.0,0.0,0.0,1.0,0.0,0.0,0.0,1.0,0.0,0
-0.7960621433023229,-0.6249951208209008,-0.6249960239114395,-0.5831866525803752,0.05528443519172023,-0.23023701872767557,0.4435620046271798,0.047761884631879505,1.1920532785828082,0.46859478576947716,1.133146125434689,-0.8902810301600532,0.0,1.0,0.0,0.0,1.0,0.0,1.0,0.0,0.0,1.0,0.0,0.0,0.0,0.0,1.0,1.0,0.0,0.0,0.0,0.0,1
-0.7960621433023229,-0.8357825069082911,-0.8357834057155541,-0.2731371605022814,0.07813612853253897,1.7309656252702699,-0.2769020309096206,1.0233237834958013,0.06429425309355433,-0.1501809978631518,-0.8367217297302999,-0.8902810301600532,0.0,1.0,0.0,1.0,0.0,0.0,1.0,0.0,0.0,1.0,0.0,0.0,0.0,1.0,0.0,0.0,0.0,0.0,0.0,1.0,1
-1.4588719070232508,1.823212540506602,1.8232124659483582,0.25112834428431363,2.4318605426368696,-0.8185978119270593,-2.349816098068134,-0.9278000142320425,1.7443575520628827,0.5195763123692576,1.5502599324019108,-0.8902810301600532,0.0,1.0,0.0,1.0,0.0,1.0,0.0,0.0,0.0,1.0,0.0,0.0,0.0,0.0,1.0,0.0,1.0,0.0,0.0,0.0,0
-1.016998731209299,-0.4603174754401271,-0.4603183818769749,0.25112834428431363,0.6151509220417795,-0.23023701872767557,-0.5676155891086804,2.9744475812236453,-0.5839191457213834,0.6178740270551086,-0.8028220210368507,-0.8902810301600532,1.0,0.0,0.0,1.0,0.0,1.0,0.0,0.0,1.0,0.0,0.0,0.0,0.0,0.0,1.0,0.0,0.0,1.0,0.0,0.0,0
0.08768420832558087,-0.038742703265346304,-0.03874361826874557,0.7359330046246058,-0.3560460449430171,-0.8185978119270593,-0.3527403504398101,-0.9278000142320425,1.297884037573002,-0.0638789364948962,0.5708531312368266,-0.8902810301600532,0.0,1.0,0.0,1.0,0.0,0.0,0.0,1.0,0.0,1.0,0.0,0.0,0.0,1.0,0.0,0.0,0.0,0.0,1.0,0.0,1
-1.532517436325576,0.22474152934389166,0.22474060898639778,1.0177961792410546,0.5694475353601419,0.26006364227181084,-0.8204099875426455,1.0233237834958013,-0.8981042114735216,-0.7592936163232734,0.12131351595413174,2.76215396536837,1.0,0.0,0.0,1.0,0.0,1.0,0.0,0.0,0.0,0.0,1.0,0.0,0.0,1.0,0.0,0.0,0.0,0.0,1.0,0.0,1
-1.016998731209299,0.5760538394895423,0.5760546685547706,-0.5831866525803752,0.22667213524786078,-1.112778208526751,1.5179381979715314,0.047761884631879505,-0.8088095085755455,1.3579391942323134,0.03656424422050895,0.9359364676041585,0.0,1.0,0.0,0.0,1.0,1.0,0.0,0.0,0.0,0.0,1.0,0.0,0.0,1.0,0.0,0.0,0.0,0.0,1.0,0.0,1
0.5295573841395328,-0.30881404168981524,-0.3088149512052675,-0.5831866525803752,0.10098782187335771,-0.8185978119270593,-0.4664978297350944,1.0233237834958013,-0.6202984691242626,1.3579391942323134,0.4382020972189822,-0.8902810301600532,1.0,0.0,0.0,0.0,1.0,1.0,0.0,0.0,0.0,0.0,1.0,0.0,0.0,1.0,0.0,0.0,0.0,0.0,1.0,0.0,1
-1.3852263777209255,-0.8731094398612665,-0.8731085813485178,-0.02509756683980634,0.3409306019519545,-0.720537679727162,-1.6546315023747302,-0.9278000142320425,0.06760146431199789,1.3579391942323134,0.3895633847457726,-0.8902810301600532,0.0,1.0,0.0,1.0,0.0,0.0,1.0,0.0,0.0,0.0,1.0,0.0,0.0,0.0,1.0,0.0,0.0,0.0,1.0,0.0,0
1.1923671478604605,0.6814475325332374,0.6814483594568279,-0.5831866525803752,-0.6759697517144795,0.26006364227181084,-0.5044169895001891,1.0233237834958013,-0.31934224824589863,-0.9522237071812659,0.28786425866542525,1.8490452164862643,0.0,1.0,0.0,0.0,1.0,0.0,1.0,0.0,0.0,0.0,0.0,1.0,0.0,0.0,1.0,0.0,0.0,0.0,1.0,0.0,1
0.16132973762790617,-0.5108186200235644,-0.5108177688726956,0.4427953030234989,-0.6759697517144795,-0.8185978119270593,-0.5170567094218874,0.047761884631879505,2.994483392634548,0.36563209479344994,-0.2795873868553535,0.022827718722052668,0.0,1.0,0.0,1.0,0.0,1.0,0.0,0.0,0.0,1.0,0.0,0.0,0.0,0.0,1.0,0.0,1.0,0.0,0.0,0.0,1
-1.6798084949302268,-0.6513435440818246,-0.6513444466369538,-0.380245166856532,1.2092949489030667,-0.8185978119270593,-2.198139459007755,2.9744475812236453,-0.6599850037455853,1.3579391942323134,-0.6908055923106711,-0.8902810301600532,0.0,1.0,0.0,1.0,0.0,1.0,0.0,0.0,0.0,1.0,0.0,0.0,0.0,1.0,0.0,0.0,0.0,0.0,0.0,1.0,0
-1.6061629656279013,-0.9236105844447038,-0.923610603186511,-0.5831866525803752,-0.5502854383399765,-0.9166579441269566,-0.7698511078558524,0.047761884631879505,0.600062470481411,1.3579391942323134,0.12131351595413174,-0.8902810301600532,1.0,0.0,0.0,0.0,1.0,1.0,0.0,0.0,0.0,1.0,0.0,0.0,0.0,1.0,0.0,0.0,0.0,0.0,1.0,0.0,1
-1.6061629656279013,-0.08485244397196295,-0.08485335803839565,-0.5831866525803752,0.39805983530400135,-1.0147180763268537,1.3915409987545488,1.0233237834958013,0.008071662380013814,1.3579391942323134,0.886267812123701,-0.8902810301600532,0.0,1.0,0.0,0.0,1.0,0.0,0.0,1.0,0.0,1.0,0.0,0.0,0.0,0.0,1.0,0.0,0.0,0.0,1.0,0.0,1
-0.2068979088837204,-0.17707192538519623,-0.17707283757769582,0.9726980713024228,-0.8359316051002107,-0.720537679727162,0.8606727620432222,-0.9278000142320425,-0.20358985560037401,-0.6443352720296509,-0.9457903577005274,0.9359364676041585,0.0,1.0,0.0,1.0,0.0,0.0,1.0,0.0,0.0,1.0,0.0,0.0,0.0,0.0,1.0,0.0,0.0,0.0,0.0,1.0,1
-0.05960685027906976,-0.8269996991546499,-0.8269988415788676,0.7866683760555666,-0.84735745177062,-0.720537679727162,-0.21370343130112934,0.047761884631879505,0.156896167209974,0.08473387960642452,-0.1948381151217307,0.022827718722052668,0.0,1.0,0.0,1.0,0.0,0.0,0.0,1.0,0.0,1.0,0.0,0.0,1.0,0.0,0.0,0.0,1.0,0.0,0.0,0.0,1
0.4559118548372074,0.19180600026773692,0.19180508057950485,-0.2505881065329655,1.3349792622775698,-0.23023701872767557,-0.0873062320841468,-0.9278000142320425,-0.4350946408914232,-0.2524772636548681,2.304896925925648,-0.8902810301600532,0.0,1.0,0.0,1.0,0.0,0.0,1.0,0.0,0.0,0.0,1.0,0.0,0.0,0.0,1.0,0.0,0.0,0.0,1.0,0.0,1
0.4559118548372074,0.4574859348153852,0.4574867662899561,-0.047646620809122256,-0.9844676118155326,-1.112778208526751,-1.4397562637058599,0.047761884631879505,-0.1969754331634869,1.3579391942323134,-0.38497126388064096,0.9359364676041585,0.0,1.0,0.0,1.0,0.0,0.0,1.0,0.0,0.0,1.0,0.0,0.0,0.0,1.0,0.0,0.0,1.0,0.0,0.0,0.0,1
-0.7224166139999976,-0.14852780018586212,-0.14852695639687355,-0.5831866525803752,2.1233626825358165,-0.23023701872767557,0.7595550026696362,1.0233237834958013,0.05437261943822365,0.9744115006614159,3.398531006383876,-0.8902810301600532,0.0,1.0,0.0,0.0,1.0,0.0,0.0,1.0,0.0,0.0,1.0,0.0,0.0,1.0,0.0,0.0,0.0,0.0,1.0,0.0,1
0.16132973762790617,1.3072225849801777,1.3072233991877933,-0.5831866525803752,0.5694475353601419,1.7309656252702699,1.3157026792243594,-0.9278000142320425,-0.947712379750175,-1.2714413704661658,-0.6502733319163297,0.022827718722052668,1.0,0.0,0.0,0.0,1.0,0.0,0.0,1.0,1.0,0.0,0.0,0.0,0.0,0.0,1.0,0.0,0.0,1.0,0.0,0.0,1
-0.9433532019069736,-0.8665223340460356,-0.8665214756671391,-0.5831866525803752,1.4263860356408447,-0.23023701872767557,0.506760604235671,-0.9278000142320425,-0.9344835348764008,1.3579391942323134,-0.6473255311603776,0.9359364676041585,1.0,0.0,0.0,0.0,1.0,1.0,0.0,0.0,0.0,1.0,0.0,0.0,0.0,1.0,0.0,0.0,0.0,1.0,0.0,0.0,0
0.08768420832558087,0.8812564089285763,0.8812563535112208,-0.5831866525803752,-1.247262085234948,-1.112778208526751,1.505298478049833,-0.9278000142320425,0.13043847746242554,0.7471605128114146,-0.7394443047838807,0.9359364676041585,0.0,1.0,0.0,0.0,1.0,1.0,0.0,0.0,0.0,0.0,1.0,0.0,0.0,0.0,1.0,0.0,1.0,0.0,0.0,0.0,1
0.3822663255348821,-0.4032292250414588,-0.403229254357603,-0.5831866525803752,0.4894666086672763,-0.720537679727162,0.5320400440790676,-0.9278000142320425,2.9250319570472336,1.3579391942323134,1.308540270413839,0.022827718722052668,1.0,0.0,0.0,0.0,1.0,1.0,0.0,0.0,0.0,1.0,0.0,0.0,0.0,1.0,0.0,0.0,0.0,0.0,1.0,0.0,1
0.16132973762790617,-0.5217971297156159,-0.5217971566224174,2.1565234046915083,1.1978691022326573,-1.112778208526751,1.8339311960139877,-0.9278000142320425,-0.8617248880706424,1.3579391942323134,0.9665953827233956,0.9359364676041585,1.0,0.0,0.0,1.0,0.0,0.0,1.0,0.0,0.0,0.0,1.0,0.0,0.0,0.0,1.0,1.0,0.0,0.0,0.0,0.0,1
-1.0906442605116242,1.2171988055053546,1.2171987432615285,-0.5831866525803752,0.27237552192949827,0.26006364227181084,1.2904232393809627,-0.9278000142320425,-0.6533705813086982,-1.1021693736512084,1.0248144476534495,-0.8902810301600532,0.0,1.0,0.0,0.0,1.0,1.0,0.0,0.0,0.0,0.0,1.0,0.0,0.0,1.0,0.0,0.0,1.0,0.0,0.0,0.0,1
-0.8697076726046482,-0.47568738900899926,-0.4756874168527674,-0.5831866525803752,-0.2760651182501515,0.26006364227181084,-0.5676155891086804,-0.9278000142320425,-0.1539816873237206,-0.6989821371431411,0.5067384647948685,1.8490452164862643,1.0,0.0,0.0,0.0,1.0,1.0,0.0,0.0,0.0,1.0,0.0,0.0,0.0,0.0,1.0,0.0,0.0,0.0,1.0,0.0,1
1.3396582064651112,-1.0070472581042957,-1.0070481534313973,-0.5831866525803752,-0.1275291115348297,0.7503643032712972,0.9870699612602047,0.047761884631879505,-0.7261292281144565,0.4842557776007822,-0.5817369643404434,-0.8902810301600532,1.0,0.0,0.0,0.0,1.0,0.0,0.0,1.0,1.0,0.0,0.0,0.0,1.0,0.0,0.0,0.0,0.0,0.0,0.0,1.0,0
0.4559118548372074,0.2840254816809702,0.284024560118805,1.2489239824265428,1.8491423624459915,-0.720537679727162,2.0867255944479526,0.047761884631879505,0.1998899130497403,0.6715212543921326,1.7403930811608213,0.022827718722052668,1.0,0.0,0.0,1.0,0.0,1.0,0.0,0.0,0.0,1.0,0.0,0.0,0.0,0.0,1.0,0.0,0.0,0.0,1.0,0.0,1
-0.5014800260930217,-0.5130143219619746,-0.5130152273280035,0.7810311125632375,0.10098782187335771,1.7309656252702699,0.46884144447057635,-0.9278000142320425,-0.4681667530758588,-1.16181442764703,-1.0143267252764137,-0.8902810301600532,0.0,1.0,0.0,1.0,0.0,1.0,0.0,0.0,0.0,1.0,0.0,0.0,0.0,1.0,0.0,0.0,0.0,0.0,0.0,1.0,1
0.6032029134418581,-0.2758785126136605,-0.2758794227983746,-0.5831866525803752,-0.9958934584859419,1.7309656252702699,0.026451247211137473,0.047761884631879505,0.4710812329621122,-1.0595181618553138,-1.02317012754427,-0.8902810301600532,1.0,0.0,0.0,0.0,1.0,0.0,1.0,0.0,1.0,0.0,0.0,0.0,0.0,1.0,0.0,0.0,0.0,0.0,0.0,1.0,1
-0.7224166139999976,2.5126629491674413,2.5126637388800743,-0.5831866525803752,1.2664241822551137,1.7309656252702699,0.46884144447057635,1.9988856823597234,-0.7922734524833277,-1.0965047595845663,1.2495842552947969,0.022827718722052668,1.0,0.0,0.0,0.0,1.0,0.0,1.0,0.0,1.0,0.0,0.0,0.0,1.0,0.0,0.0,0.0,0.0,0.0,1.0,0.0,1
-1.3852263777209255,-0.5064272161467437,-0.506428121646625,1.0177961792410546,-0.721673138396117,-0.720537679727162,-1.1743221453501966,-0.9278000142320425,-0.6533705813086982,-0.3867619382935054,0.10510061179639521,2.76215396536837,0.0,1.0,0.0,1.0,0.0,1.0,0.0,0.0,0.0,0.0,1.0,0.0,0.0,0.0,1.0,0.0,0.0,0.0,1.0,0.0,1
-1.6061629656279013,0.4948128677683606,0.49481194192291966,-0.5831866525803752,0.31807890861113575,-0.8185978119270593,1.2651437995375663,-0.9278000142320425,-0.46485954185741524,0.47459261242827483,-0.9583185109133239,0.022827718722052668,1.0,0.0,0.0,0.0,1.0,0.0,0.0,1.0,0.0,0.0,1.0,0.0,0.0,1.0,0.0,0.0,0.0,1.0,0.0,0.0,0
-1.0906442605116242,-0.04093840520375662,-0.04093844188178089,2.235445093584114,-0.36747189161342647,-1.112778208526751,0.11492928666302524,1.0233237834958013,0.5669903582969754,1.3579391942323134,0.19132378390799407,0.022827718722052668,0.0,1.0,0.0,1.0,0.0,0.0,1.0,0.0,0.0,0.0,1.0,0.0,0.0,0.0,1.0,0.0,0.0,0.0,1.0,0.0,1
1.266012677162786,-0.8116297855857777,-0.8116298066030752,-0.02509756683980634,-0.84735745177062,-0.720537679727162,0.4562017245488781,1.9988856823597234,-0.7691229739542228,1.2386490862406703,-0.5316243514892578,-0.8902810301600532,0.0,1.0,0.0,1.0,0.0,1.0,0.0,0.0,1.0,0.0,0.0,0.0,0.0,1.0,0.0,0.0,0.0,0.0,1.0,0.0,0
-0.42783449679069635,2.4094649580621565,2.409464871591052,0.031275068083483445,-0.2417875782389234,1.7309656252702699,1.353621838989454,0.047761884631879505,-0.2961917697167937,-1.3077615430111071,-1.1580320121290786,1.8490452164862643,1.0,0.0,0.0,1.0,0.0,1.0,0.0,0.0,1.0,0.0,0.0,0.0,0.0,0.0,1.0,0.0,0.0,1.0,0.0,0.0,1
-1.0906442605116242,-0.7984555739553157,-0.798455595240318,-0.5831866525803752,-0.7102472917257077,-0.720537679727162,0.8227536022781274,0.047761884631879505,3.374812682755558,1.3579391942323134,-0.9553707101573718,0.9359364676041585,1.0,0.0,0.0,0.0,1.0,1.0,0.0,0.0,0.0,0.0,1.0,0.0,0.0,1.0,0.0,0.0,0.0,1.0,0.0,0.0,0
1.4869492650697618,-0.9894816425970133,-0.9894816600002969,0.11583402046841812,-1.4415014786319074,1.7309656252702699,1.4673793182847383,0.047761884631879505,0.9473196484179848,-0.940561266455826,-0.9472642580785036,-0.8902810301600532,0.0,1.0,0.0,1.0,0.0,1.0,0.0,0.0,1.0,0.0,0.0,0.0,0.0,0.0,1.0,0.0,1.0,0.0,0.0,0.0,1
-1.0906442605116242,-0.7523458332486991,-0.7523458554706679,-0.5831866525803752,-0.1618066515460578,-0.23023701872767557,-1.641991782453032,-0.9278000142320425,-0.6500633700902546,0.24867447494689493,-0.07913693545061087,0.9359364676041585,1.0,0.0,0.0,0.0,1.0,0.0,0.0,1.0,0.0,1.0,0.0,0.0,0.0,0.0,1.0,0.0,0.0,0.0,1.0,0.0,1
-0.13325237958139508,0.7517099945623676,0.7517090634966844,0.5555405728700784,-1.9442387321299197,1.7309656252702699,-0.21370343130112934,-0.9278000142320425,-0.6037624130320448,-1.3077615430111071,-1.2685745404772821,0.022827718722052668,1.0,0.0,0.0,1.0,0.0,1.0,0.0,0.0,0.0,1.0,0.0,0.0,0.0,1.0,0.0,0.0,0.0,1.0,0.0,0.0,1
-1.6798084949302268,-0.9697203251513205,-0.9697203429561612,-0.5831866525803752,0.877945395461195,0.26006364227181084,-0.3653800703615084,0.047761884631879505,-0.4946244428234073,1.3579391942323134,1.4485608063215636,-0.8902810301600532,0.0,1.0,0.0,0.0,1.0,0.0,1.0,0.0,0.0,0.0,1.0,0.0,0.0,1.0,0.0,0.0,0.0,0.0,1.0,0.0,0
0.2349752669302315,0.01395414325650129,0.0139532271822831,-0.5831866525803752,0.1923945952366327,-0.8185978119270593,0.7848344425130327,-0.9278000142320425,0.4380091207776766,0.9750779258457272,1.1839956884748628,-0.8902810301600532,0.0,1.0,0.0,0.0,1.0,1.0,0.0,0.0,0.0,0.0,1.0,0.0,0.0,1.0,0.0,0.0,0.0,0.0,1.0,0.0,1
0.014038679023255554,-0.20342034864612005,-0.20342126030321014,2.0888762427835603,0.1809687485662233,-0.720537679727162,0.15284844642812,1.0233237834958013,-0.015078816149091106,0.005096070081277312,0.9201675208171501,-0.8902810301600532,0.0,1.0,0.0,1.0,0.0,1.0,0.0,0.0,0.0,1.0,0.0,0.0,0.0,0.0,1.0,0.0,0.0,0.0,1.0,0.0,1
1.1923671478604605,-0.3197925513818668,-0.31979170411271673,-0.385882430348861,0.12383951521417645,-1.0147180763268537,0.7089961229828431,0.047761884631879505,-0.6401417364349239,1.3579391942323134,-0.8647258369118448,0.022827718722052668,0.0,1.0,0.0,1.0,0.0,0.0,0.0,1.0,1.0,0.0,0.0,0.0,0.0,0.0,1.0,0.0,0.0,1.0,0.0,0.0,0
0.6032029134418581,1.4916615478066442,1.4916623582663937,-0.5831866525803752,-0.2760651182501515,0.26006364227181084,-0.7572113879341542,-0.9278000142320425,1.7906585091210925,-1.21646129276052,-0.04597417694614978,0.9359364676041585,1.0,0.0,1.0,0.0,0.0,1.0,0.0,0.0,0.0,1.0,0.0,0.0,0.0,0.0,1.0,0.0,0.0,0.0,1.0,0.0,1
-0.5014800260930217,1.2150031035669444,1.2150039196484932,1.3616692522731222,-0.6988214450552983,-0.8185978119270593,-0.5549758691869822,0.047761884631879505,-0.6136840466873754,-0.7629589548369831,-0.13588210000268874,0.9359364676041585,1.0,0.0,0.0,1.0,0.0,1.0,0.0,0.0,0.0,1.0,0.0,0.0,0.0,1.0,0.0,0.0,1.0,0.0,0.0,0.0,1
0.014038679023255554,-0.4032292250414588,-0.403229254357603,-0.5831866525803752,0.16954290189581395,0.26006364227181084,1.2651437995375663,1.0233237834958013,-0.7327436505513436,-0.07220925129878189,0.4168305417383295,1.8490452164862643,1.0,0.0,1.0,0.0,0.0,1.0,0.0,0.0,0.0,1.0,0.0,0.0,0.0,0.0,1.0,1.0,0.0,0.0,0.0,0.0,1
1.5605947943720873,0.9800629961570405,0.9800629387318995,-0.5831866525803752,-1.247262085234948,-0.23023701872767557,-1.7683889816700145,-0.9278000142320425,-0.031614872241308906,-1.2611117801093474,-0.4829856390160482,0.022827718722052668,1.0,0.0,0.0,0.0,1.0,1.0,0.0,0.0,0.0,1.0,0.0,0.0,0.0,1.0,0.0,1.0,0.0,0.0,0.0,0.0,1
0.014038679023255554,1.5399669904516713,1.539966921649079,-0.3238725319332422,-1.5329082519951824,-0.23023701872767557,1.5305779178932295,0.047761884631879505,0.17673943452063537,-1.2807713230465174,-1.1852991691216355,0.022827718722052668,0.0,1.0,0.0,1.0,0.0,0.0,1.0,0.0,0.0,1.0,0.0,0.0,1.0,0.0,0.0,0.0,0.0,0.0,0.0,1.0,1
0.3822663255348821,0.2818297797425599,0.2818297365057697,-0.5831866525803752,-1.5557599453360011,0.7503643032712972,1.2272246397724715,1.0233237834958013,-0.9311763236579572,-1.0788444922003286,-1.1757188166647912,-0.8902810301600532,0.0,1.0,0.0,0.0,1.0,1.0,0.0,0.0,0.0,1.0,0.0,0.0,0.0,0.0,1.0,0.0,0.0,0.0,0.0,1.0,1
-0.5014800260930217,-0.0914395497871939,-0.09144046371977424,-0.4478923287644797,1.1064623288693824,-0.8185978119270593,1.7454531565620999,0.047761884631879505,-0.7790446076095534,1.3579391942323134,0.6172809931430722,0.022827718722052668,0.0,1.0,0.0,1.0,0.0,1.0,0.0,0.0,1.0,0.0,0.0,0.0,1.0,0.0,0.0,0.0,0.0,0.0,1.0,0.0,0
-0.5014800260930217,-0.6689091595891071,-0.6689083052257816,-0.5831866525803752,-0.20751003822769531,1.7309656252702699,0.8353933221998256,1.0233237834958013,-0.8451888319784246,-0.30479164062327024,-0.11745834527798814,0.022827718722052668,1.0,0.0,0.0,0.0,1.0,0.0,1.0,0.0,0.0,1.0,0.0,0.0,0.0,0.0,1.0,0.0,0.0,0.0,1.0,0.0,1
-0.5751255553953469,-0.04532980908057725,-0.04533072395012415,0.18911844586869483,0.9807780154948793,-1.0147180763268537,0.7089961229828431,0.047761884631879505,-0.4714739642943024,1.3579391942323134,0.2937598601773294,-0.8902810301600532,1.0,0.0,0.0,1.0,0.0,1.0,0.0,0.0,0.0,1.0,0.0,0.0,0.0,0.0,1.0,1.0,0.0,0.0,0.0,0.0,1
0.9714305599534846,-0.012394280004422506,-0.012395195543231234,-0.5831866525803752,-0.9159125317930763,1.7309656252702699,0.7595550026696362,-0.9278000142320425,-0.9047186339104087,-1.3054290548660192,0.012244887983904142,-0.8902810301600532,1.0,0.0,0.0,0.0,1.0,1.0,0.0,0.0,1.0,0.0,0.0,0.0,0.0,1.0,0.0,1.0,0.0,0.0,0.0,0.0,1
-0.2068979088837204,0.19400170220614724,0.1940025390348128,-0.5380885446417434,1.003629708835698,-0.23023701872767557,-0.03674735239735379,1.0233237834958013,1.5194671892087206,0.016425298214561963,1.0277622484094016,-0.8902810301600532,1.0,0.0,0.0,1.0,0.0,1.0,0.0,0.0,0.0,0.0,1.0,0.0,0.0,1.0,0.0,0.0,0.0,0.0,1.0,0.0,1
-1.0906442605116242,0.5431183104133875,0.5431191401478777,-0.25622537002529444,1.5977737356969852,1.7309656252702699,0.5699592038441623,-0.9278000142320425,-0.7658157627357792,-1.1075007751256953,1.7477625830507015,0.022827718722052668,0.0,1.0,0.0,1.0,0.0,1.0,0.0,0.0,1.0,0.0,0.0,0.0,0.0,0.0,1.0,1.0,0.0,0.0,0.0,0.0,1
0.3822663255348821,-0.032155597450115356,-0.03215651258736699,0.7133839506552898,-0.39032358495424524,0.7503643032712972,1.9856078350743667,1.9988856823597234,-0.8683393105075295,-0.7882831118407957,-0.02902432259942522,0.9359364676041585,0.0,1.0,0.0,1.0,0.0,0.0,1.0,0.0,0.0,1.0,0.0,0.0,0.0,1.0,0.0,0.0,0.0,0.0,1.0,0.0,1
0.3822663255348821,4.93452218723402,4.9345211711720856,-0.0871074652554251,0.32950475528154516,-0.720537679727162,-0.09994595200584505,-0.9278000142320425,-0.31603503702745506,-1.009869485624155,0.6548654527814614,0.022827718722052668,0.0,1.0,0.0,1.0,0.0,0.0,0.0,1.0,0.0,1.0,0.0,0.0,1.0,0.0,0.0,0.0,1.0,0.0,0.0,0.0,1
-0.2068979088837204,-0.5832767839911047,-0.58327593136786,-0.5831866525803752,0.1809687485662233,-0.720537679727162,-1.0100057863681193,1.9988856823597234,2.2966618255429574,1.3579391942323134,1.217158446979324,0.9359364676041585,0.0,1.0,0.0,0.0,1.0,0.0,1.0,0.0,0.0,0.0,1.0,0.0,0.0,0.0,1.0,1.0,0.0,0.0,0.0,0.0,1
-0.8697076726046482,-0.4164034366719207,-0.41640346572036013,0.2003929728533528,0.1809687485662233,-0.23023701872767557,1.2398643596941699,-0.9278000142320425,-0.7691229739542228,-0.40908718196791916,1.1670458341281382,-0.8902810301600532,1.0,0.0,0.0,1.0,0.0,0.0,0.0,1.0,0.0,1.0,0.0,0.0,0.0,1.0,0.0,0.0,0.0,0.0,1.0,0.0,1
-1.3115808484186,1.6673177028794695,1.6673167532083075,-0.5831866525803752,-0.7102472917257077,-0.9166579441269566,1.303062959302661,1.0233237834958013,-0.977477280716167,-0.3847626627405728,-0.8566193848329765,-0.8902810301600532,0.0,1.0,0.0,0.0,1.0,0.0,0.0,1.0,0.0,1.0,0.0,0.0,1.0,0.0,0.0,0.0,0.0,0.0,0.0,1.0,1
0.6768484427441834,0.2510899526048155,0.2510890317119121,-0.5831866525803752,0.5694475353601419,1.7309656252702699,0.07701012689793048,-0.9278000142320425,-0.9311763236579572,-1.1461534358157248,0.5752748323707547,0.022827718722052668,1.0,0.0,1.0,0.0,0.0,1.0,0.0,0.0,0.0,0.0,1.0,0.0,0.0,0.0,1.0,0.0,1.0,0.0,0.0,0.0,1
0.2349752669302315,1.0349555446172984,1.0349546077959635,-0.385882430348861,0.1809687485662233,-0.8185978119270593,-1.4523959836275582,0.047761884631879505,-0.9014114226919652,0.023755975241981333,-1.022433177355282,0.022827718722052668,0.0,1.0,0.0,1.0,0.0,1.0,0.0,0.0,0.0,1.0,0.0,0.0,0.0,1.0,0.0,0.0,0.0,1.0,0.0,0.0,0
0.30862079623255684,1.6585348951258283,1.6585348239138935,-0.5831866525803752,-1.921387038789101,-0.9166579441269566,0.5320400440790676,-0.9278000142320425,-0.4780883867311895,-1.3077615430111071,-1.1830883185546712,-0.8902810301600532,0.0,1.0,0.0,0.0,1.0,0.0,1.0,0.0,0.0,1.0,0.0,0.0,0.0,0.0,1.0,0.0,1.0,0.0,0.0,0.0,1
1.5605947943720873,0.27304697198891864,0.2730478072113558,3.300887893634291,-0.4817303583175202,1.7309656252702699,1.3915409987545488,1.0233237834958013,0.5537615134232012,-1.2081309779566343,0.44041294778594625,-0.8902810301600532,0.0,1.0,0.0,1.0,0.0,0.0,1.0,0.0,0.0,1.0,0.0,0.0,0.0,1.0,0.0,0.0,0.0,0.0,1.0,0.0,1
0.8241395013488341,-0.6469521402050039,-0.6469521645686106,-0.5831866525803752,-0.5731371316807952,1.7309656252702699,0.43092228470548155,1.0233237834958013,0.3024134608214906,-0.4327452760109544,0.13900032048984431,0.022827718722052668,0.0,1.0,0.0,0.0,1.0,1.0,0.0,0.0,0.0,0.0,1.0,0.0,0.0,1.0,0.0,0.0,0.0,0.0,1.0,0.0,1
-0.42783449679069635,-0.5898638898063358,-0.5898630370492386,-0.5831866525803752,1.2321466422438854,-0.8185978119270593,0.4435620046271798,-0.9278000142320425,0.9803917606024204,1.3579391942323134,0.8280487471936471,-0.8902810301600532,0.0,1.0,0.0,0.0,1.0,1.0,0.0,0.0,0.0,1.0,0.0,0.0,0.0,0.0,1.0,0.0,0.0,0.0,1.0,0.0,0
-0.7224166139999976,0.23572003903594324,0.2357199967361196,-0.008185776362819405,0.1809687485662233,-0.8185978119270593,0.5573194839224641,-0.9278000142320425,2.204059911426538,0.39595444067959396,-0.8743061893686891,0.9359364676041585,1.0,0.0,0.0,1.0,0.0,1.0,0.0,0.0,0.0,1.0,0.0,0.0,1.0,0.0,0.0,0.0,0.0,0.0,0.0,1.0,1
-1.532517436325576,-0.9433719018903967,-0.9433719202306468,0.7415702681169347,-0.18465834488687655,1.7309656252702699,-0.3653800703615084,-0.9278000142320425,-0.7558941290804485,-1.0858419566355924,0.6371786482457488,0.9359364676041585,1.0,0.0,0.0,1.0,0.0,1.0,0.0,0.0,0.0,1.0,0.0,0.0,0.0,0.0,1.0,0.0,0.0,0.0,1.0,0.0,1
-1.0906442605116242,-0.6293865246977214,-0.6293856711375101,1.3729437792577803,0.0667102818621296,1.7309656252702699,-1.553513743001144,-0.9278000142320425,-0.4119441623623183,-1.189137860203775,-0.7829243659341741,0.9359364676041585,0.0,1.0,0.0,1.0,0.0,1.0,0.0,0.0,0.0,0.0,1.0,0.0,0.0,1.0,0.0,0.0,0.0,0.0,0.0,1.0,1
1.1923671478604605,-0.8291954010930602,-0.8291963000341755,-0.5831866525803752,-1.2586879319053574,-0.23023701872767557,-1.0605646660549122,0.047761884631879505,-0.6335273139980369,-0.2394819725608064,-1.021696227166294,0.022827718722052668,1.0,0.0,0.0,0.0,1.0,1.0,0.0,0.0,0.0,1.0,0.0,0.0,1.0,0.0,0.0,0.0,0.0,1.0,0.0,0.0,1
-1.6061629656279013,-0.33955386882755967,-0.3395530211568525,-0.5831866525803752,-0.013270644830735995,1.7309656252702699,0.01381152728943922,1.0233237834958013,-0.5706903008476092,-0.6123468631827299,0.9076393676043537,1.8490452164862643,1.0,0.0,0.0,0.0,1.0,1.0,0.0,0.0,0.0,1.0,0.0,0.0,0.0,0.0,1.0,1.0,0.0,0.0,0.0,0.0,1
-0.9433532019069736,-0.7150189002957238,-0.7150180449954318,0.5780896268393944,0.4323373753152295,0.26006364227181084,-0.09994595200584505,1.0233237834958013,-0.6236056803427061,-0.1431835334278878,-1.0607545871826594,-0.8902810301600532,1.0,0.0,0.0,1.0,0.0,0.0,0.0,1.0,0.0,1.0,0.0,0.0,0.0,0.0,1.0,0.0,0.0,1.0,0.0,0.0,0
-0.35418896748837103,-0.8313911030314706,-0.8313911236472109,-0.5831866525803752,-1.4986307119839541,1.7309656252702699,-0.44121838989169787,-0.9278000142320425,-0.947712379750175,-1.2834370237837611,-0.7726070632883417,0.022827718722052668,0.0,1.0,0.0,0.0,1.0,0.0,1.0,0.0,0.0,1.0,0.0,0.0,0.0,0.0,1.0,0.0,0.0,0.0,1.0,0.0,1
1.4869492650697618,-0.31540114750504616,-0.3154020568866461,-0.5831866525803752,-0.3788977382838359,-0.8185978119270593,-1.0100057863681193,2.9744475812236453,0.19327549061285318,1.3579391942323134,0.07414870385889819,-0.8902810301600532,1.0,0.0,0.0,0.0,1.0,0.0,1.0,0.0,0.0,0.0,1.0,0.0,0.0,0.0,1.0,0.0,1.0,0.0,0.0,0.0,0
0.6768484427441834,-0.9850902387201926,-0.9850893779319536,-0.5831866525803752,-0.6873955983848888,-0.9166579441269566,-0.6055347488737751,1.0233237834958013,-0.34249272677500353,1.3579391942323134,-1.1948795215784798,-0.8902810301600532,0.0,1.0,0.0,0.0,1.0,1.0,0.0,0.0,0.0,1.0,0.0,0.0,0.0,1.0,0.0,0.0,0.0,0.0,0.0,1.0,0
0.5295573841395328,-0.1046137614176558,-0.1046146750825314,-0.5831866525803752,-0.8016540650889826,1.7309656252702699,-0.9088880269945332,0.047761884631879505,1.0002350279130818,-1.0811769803454163,-1.0069572233865336,-0.8902810301600532,1.0,0.0,1.0,0.0,0.0,1.0,0.0,0.0,0.0,0.0,1.0,0.0,0.0,1.0,0.0,0.0,0.0,0.0,0.0,1.0,0
-1.1642897898139495,-0.1858547331388375,-0.18585476687210972,-0.5831866525803752,-1.121577771860445,-0.8185978119270593,-0.011467912553957287,0.047761884631879505,3.784906873842559,-0.08753703053793159,-0.4815117386380722,-0.8902810301600532,1.0,0.0,0.0,0.0,1.0,0.0,1.0,0.0,0.0,1.0,0.0,0.0,0.0,1.0,0.0,1.0,0.0,0.0,0.0,0.0,1
0.6032029134418581,0.15667476925317186,0.15667472855957662,3.560202014281424,0.1466912085549952,-0.720537679727162,-1.5282343031577477,0.047761884631879505,-0.8914897890366345,-0.5177144870105884,-0.9089428482511263,0.9359364676041585,0.0,1.0,0.0,1.0,0.0,0.0,0.0,1.0,0.0,0.0,1.0,0.0,0.0,1.0,0.0,0.0,0.0,0.0,0.0,1.0,0
0.8977850306511593,-0.23196447384545416,-0.2319645066417598,-0.5831866525803752,-0.5959888250216139,0.7503643032712972,-0.20106371137943108,0.047761884631879505,-0.23996917900325318,-0.8772508739462948,-0.9981138211186772,0.9359364676041585,0.0,1.0,1.0,0.0,0.0,0.0,1.0,0.0,0.0,1.0,0.0,0.0,0.0,0.0,1.0,0.0,0.0,0.0,0.0,1.0,1
0.8241395013488341,0.11056502854655521,0.11056498878992653,-0.41970601130283486,0.44376322198563883,-1.112778208526751,1.8212914760922894,1.0233237834958013,-0.8716465217259731,1.3579391942323134,-0.9892704188508209,0.9359364676041585,0.0,1.0,0.0,1.0,0.0,0.0,0.0,1.0,0.0,1.0,0.0,0.0,0.0,1.0,0.0,0.0,0.0,1.0,0.0,0.0,0
0.08768420832558087,-0.8599352282308046,-0.8599343699857606,-0.5211767541647565,-0.7902282184185733,-0.23023701872767557,0.07701012689793048,-0.9278000142320425,2.432257485499143,-0.16750805265523416,-1.1307648551365217,1.8490452164862643,1.0,0.0,0.0,1.0,0.0,0.0,0.0,1.0,0.0,1.0,0.0,0.0,0.0,0.0,1.0,0.0,0.0,0.0,0.0,1.0,0
-1.6061629656279013,0.9449317651424755,0.9449325867119713,-0.5831866525803752,-0.8245057584298013,1.7309656252702699,-1.9074259008086951,0.047761884631879505,-0.14075284244994637,-1.2551139534505498,-0.4070797695502817,0.9359364676041585,0.0,1.0,0.0,0.0,1.0,0.0,0.0,1.0,0.0,1.0,0.0,0.0,0.0,1.0,0.0,0.0,1.0,0.0,0.0,0.0,1
-1.016998731209299,-0.987285940658603,-0.9872868363872616,-0.5831866525803752,-1.3043913185869949,-0.720537679727162,0.41828256478378334,1.0233237834958013,0.4644668105252251,1.3579391942323134,-0.8787278905026172,0.022827718722052668,0.0,1.0,0.0,0.0,1.0,1.0,0.0,0.0,1.0,0.0,0.0,0.0,0.0,0.0,1.0,0.0,1.0,0.0,0.0,0.0,1
1.04507608925581,-0.6118209091904389,-0.6118218125486823,-0.5831866525803752,-1.430075631961498,-0.23023701872767557,-1.338638504332274,0.047761884631879505,-0.41525137358076186,-0.6866532712333903,-1.2501507857525815,0.9359364676041585,0.0,1.0,0.0,0.0,1.0,0.0,0.0,1.0,1.0,0.0,0.0,0.0,0.0,0.0,1.0,0.0,0.0,0.0,0.0,1.0,1
-0.5014800260930217,-0.8621309301692149,-0.8621318284410685,-0.5831866525803752,-1.1330036185308543,-1.0147180763268537,0.05173068705453398,0.047761884631879505,0.031222140909118734,1.3579391942323134,-0.598686818687168,0.9359364676041585,1.0,0.0,0.0,0.0,1.0,1.0,0.0,0.0,0.0,1.0,0.0,0.0,0.0,1.0,0.0,0.0,0.0,0.0,1.0,0.0,0
0.7504939720465087,-0.7106274964189031,-0.710628397769361,-0.5831866525803752,1.5863478890265759,1.7309656252702699,0.9744302413385064,-0.9278000142320425,-0.09445188539173655,-0.43241206341879906,-0.8610410859669047,-0.8902810301600532,0.0,1.0,0.0,0.0,1.0,0.0,1.0,0.0,0.0,0.0,1.0,0.0,0.0,1.0,0.0,0.0,0.0,0.0,0.0,1.0,0
0.2349752669302315,-0.6359736305129524,-0.6359727768188888,1.418041887196412,-1.9442387321299197,-0.720537679727162,-0.6560936285605682,-0.9278000142320425,-0.22343312291103537,-1.3077615430111071,-1.204459874035324,-0.8902810301600532,0.0,1.0,0.0,1.0,0.0,1.0,0.0,0.0,0.0,1.0,0.0,0.0,0.0,0.0,1.0,0.0,0.0,0.0,1.0,0.0,1
1.6342403236744125,0.046889672332656035,0.04688875558917602,4.095742046052678,0.9350746288132418,-0.23023701872767557,-0.896248307072835,1.0233237834958013,-0.5905335681582705,-0.7396340733861032,1.3903417413915096,0.022827718722052668,1.0,0.0,0.0,1.0,0.0,0.0,0.0,1.0,0.0,0.0,1.0,0.0,0.0,1.0,0.0,0.0,0.0,0.0,1.0,0.0,1
1.4869492650697618,-0.9082406708758316,-0.9082415682107186,-0.4535295922568087,0.24952382858867955,-0.720537679727162,-0.7824908277775507,0.047761884631879505,1.036614351315961,1.3579391942323134,0.08299210612675448,-0.8902810301600532,0.0,1.0,0.0,1.0,0.0,1.0,0.0,0.0,0.0,1.0,0.0,0.0,0.0,0.0,1.0,0.0,1.0,0.0,0.0,0.0,0
0.7504939720465087,1.7244059532781377,1.7244058807276794,-0.5831866525803752,-0.0932515715236016,1.7309656252702699,-0.0873062320841468,-0.9278000142320425,4.462885173623489,-1.3077615430111071,0.9216414211951262,0.9359364676041585,1.0,0.0,0.0,0.0,1.0,0.0,0.0,1.0,1.0,0.0,0.0,0.0,0.0,0.0,1.0,0.0,0.0,0.0,1.0,0.0,1
0.16132973762790617,-0.6689091595891071,-0.6689083052257816,0.2793146617459585,-0.6873955983848888,-0.720537679727162,-0.7824908277775507,-0.9278000142320425,0.2230403915788452,0.08739958034366788,-0.808717622548755,-0.8902810301600532,0.0,1.0,0.0,1.0,0.0,1.0,0.0,0.0,0.0,0.0,1.0,0.0,0.0,0.0,1.0,0.0,0.0,1.0,0.0,0.0,0
-0.2805434381860457,0.05128107620947667,0.05128103765751928,-0.5831866525803752,0.9807780154948793,1.7309656252702699,0.5573194839224641,1.0233237834958013,0.14697453355464332,-0.694983586037276,-0.27000703439850915,1.8490452164862643,0.0,1.0,0.0,0.0,1.0,0.0,0.0,1.0,0.0,1.0,0.0,0.0,0.0,0.0,1.0,0.0,0.0,0.0,0.0,1.0,1
0.08768420832558087,0.5079870793988225,0.5079861532856769,-0.5831866525803752,0.36378229529277323,-0.720537679727162,-0.997366066446421,-0.9278000142320425,1.2118965458934696,0.10406020995143926,1.369707136099845,-0.8902810301600532,0.0,1.0,0.0,0.0,1.0,1.0,0.0,0.0,0.0,1.0,0.0,0.0,0.0,0.0,1.0,1.0,0.0,0.0,0.0,0.0,1
0.3822663255348821,-0.1046137614176558,-0.1046146750825314,-0.053283884301451236,-0.13895495820523907,-1.0147180763268537,-0.26426231098792236,2.9744475812236453,1.5558465126116,1.3579391942323134,-0.7025967953344795,-0.8902810301600532,0.0,1.0,0.0,1.0,0.0,0.0,0.0,1.0,0.0,1.0,0.0,0.0,0.0,0.0,1.0,0.0,0.0,0.0,0.0,1.0,0
-0.05960685027906976,-0.6184080150056699,-0.6184089182300609,-0.5831866525803752,-0.6074146716920232,-0.720537679727162,-0.0873062320841468,-0.9278000142320425,0.8811754240491136,0.7411626861526167,0.01887743968479636,0.022827718722052668,1.0,0.0,0.0,0.0,1.0,0.0,1.0,0.0,0.0,1.0,0.0,0.0,0.0,1.0,0.0,0.0,1.0,0.0,0.0,0.0,1
-0.5751255553953469,-0.4976444083931024,-0.49764355750993844,0.2736773982536295,0.31807890861113575,-1.112778208526751,1.050268560868696,-0.9278000142320425,-0.5177749213525122,1.3579391942323134,1.1007203171192161,0.022827718722052668,0.0,1.0,0.0,1.0,0.0,0.0,1.0,0.0,0.0,0.0,1.0,0.0,0.0,0.0,1.0,0.0,0.0,0.0,1.0,0.0,1
-0.35418896748837103,-0.4361647541176136,-0.4361647827644959,3.1655935698183955,-0.4017494316246546,0.7503643032712972,1.050268560868696,-0.9278000142320425,-0.3127278258090115,-1.2604453549250365,0.402828488147557,0.9359364676041585,1.0,0.0,0.0,1.0,0.0,0.0,1.0,0.0,0.0,0.0,0.0,1.0,0.0,0.0,1.0,0.0,0.0,0.0,1.0,0.0,1
1.4869492650697618,-1.0048515561658855,-1.0048506949760894,-0.5831866525803752,0.7294093887458731,1.7309656252702699,-0.6687333484822664,-0.9278000142320425,0.5835264143891933,-0.1588445252591931,1.2237909986802162,-0.8902810301600532,1.0,0.0,0.0,0.0,1.0,1.0,0.0,0.0,0.0,1.0,0.0,0.0,1.0,0.0,0.0,0.0,0.0,0.0,1.0,0.0,1
-0.35418896748837103,-0.10680946335606611,-0.10680949869556672,0.6570113157320001,-0.10467741819401097,0.7503643032712972,2.0614461546045564,-0.9278000142320425,-0.7658157627357792,-1.1331581447216632,-0.9096797984401143,-0.8902810301600532,0.0,1.0,0.0,1.0,0.0,0.0,1.0,0.0,0.0,0.0,1.0,0.0,0.0,0.0,1.0,0.0,0.0,1.0,0.0,0.0,1
-0.6487710846976723,1.3006354791649466,1.3006362935064149,-0.5831866525803752,-0.2760651182501515,-0.8185978119270593,-0.0620267922407503,-0.9278000142320425,0.9903133942577511,-0.4397427404462184,-0.27000703439850915,2.76215396536837,1.0,0.0,0.0,0.0,1.0,0.0,1.0,0.0,0.0,0.0,1.0,0.0,1.0,0.0,0.0,0.0,1.0,0.0,0.0,0.0,1
1.4133037357674365,0.09739081691609332,0.09739077742716935,0.5273542554084335,-0.6873955983848888,-1.112778208526751,-0.03674735239735379,1.0233237834958013,-0.7195148056775693,1.3579391942323134,-1.1536103109951503,-0.8902810301600532,1.0,0.0,0.0,1.0,0.0,1.0,0.0,0.0,1.0,0.0,0.0,0.0,0.0,0.0,1.0,0.0,0.0,1.0,0.0,0.0,0
-0.13325237958139508,-0.9609375173976792,-0.9609384136617473,-0.5831866525803752,1.003629708835698,0.7503643032712972,0.5699592038441623,1.9988856823597234,-0.6566777925271418,1.3579391942323134,-0.3134870955488026,0.022827718722052668,0.0,1.0,1.0,0.0,0.0,0.0,1.0,0.0,0.0,1.0,0.0,0.0,0.0,1.0,0.0,0.0,0.0,0.0,0.0,1.0,0
1.4869492650697618,-0.8840879495533182,-0.8840879690982396,-0.5831866525803752,-0.3560460449430171,-0.720537679727162,1.0249891210252995,0.047761884631879505,1.4202508526554138,1.3579391942323134,0.613596242198132,0.9359364676041585,0.0,1.0,0.0,0.0,1.0,1.0,0.0,0.0,0.0,1.0,0.0,0.0,0.0,0.0,1.0,0.0,0.0,0.0,1.0,0.0,1
0.6768484427441834,-0.30881404168981524,-0.3088149512052675,-0.5831866525803752,0.08956197520294834,-0.8185978119270593,-0.5549758691869822,1.9988856823597234,-0.5541542447553913,1.3579391942323134,1.0351317502992818,0.022827718722052668,0.0,1.0,0.0,0.0,1.0,0.0,1.0,0.0,0.0,1.0,0.0,0.0,0.0,0.0,1.0,0.0,0.0,0.0,1.0,0.0,1
-1.4588719070232508,-0.9697203251513205,-0.9697203429561612,-0.5831866525803752,0.47804076199686696,0.7503643032712972,0.5320400440790676,-0.9278000142320425,0.6827427509425,0.1916951216883168,0.13384166916692816,0.9359364676041585,1.0,0.0,1.0,0.0,0.0,1.0,0.0,0.0,0.0,1.0,0.0,0.0,0.0,1.0,0.0,1.0,0.0,0.0,0.0,0.0,0
0.4559118548372074,-0.9719160270897308,-0.9719151665691965,1.3842183062424382,-0.0932515715236016,0.7503643032712972,-1.047924946133214,-0.9278000142320425,-0.31934224824589863,-0.9715500375262808,-0.808717622548755,1.8490452164862643,1.0,0.0,0.0,1.0,0.0,1.0,0.0,0.0,0.0,0.0,1.0,0.0,0.0,1.0,0.0,0.0,0.0,0.0,0.0,1.0,1
-0.2068979088837204,-0.9192191805678832,-0.9192183211181678,-0.5831866525803752,0.2838013685999077,-0.23023701872767557,-1.0226455062898174,1.9988856823597234,-0.6765210598378031,1.3579391942323134,-0.6480624813493656,-0.8902810301600532,0.0,1.0,0.0,0.0,1.0,0.0,1.0,0.0,0.0,1.0,0.0,0.0,0.0,1.0,0.0,0.0,0.0,0.0,0.0,1.0,0
-0.35418896748837103,0.1347177498690687,0.13471858790240554,0.2793146617459585,0.4209115286448201,-0.720537679727162,0.22868676595830953,-0.9278000142320425,-0.6930571159300208,0.1727020039354574,1.2002085926325994,-0.8902810301600532,0.0,1.0,0.0,1.0,0.0,1.0,0.0,0.0,0.0,1.0,0.0,0.0,0.0,1.0,0.0,0.0,1.0,0.0,0.0,0.0,1
-0.13325237958139508,-0.9631332193360895,-0.9631332372747825,-0.5831866525803752,-0.6873955983848888,-0.23023701872767557,0.8606727620432222,0.047761884631879505,0.2329620252341759,0.8357950623247582,-0.8079806723597669,-0.8902810301600532,1.0,0.0,1.0,0.0,0.0,1.0,0.0,0.0,0.0,0.0,1.0,0.0,1.0,0.0,0.0,0.0,0.0,1.0,0.0,0.0,0
-0.8697076726046482,-0.6513435440818246,-0.6513444466369538,1.457502731642715,-1.0415968451675794,-1.0147180763268537,1.050268560868696,-0.9278000142320425,-0.37887205017788267,0.5595618234279088,-0.48372258920503625,0.9359364676041585,1.0,0.0,0.0,1.0,0.0,1.0,0.0,0.0,0.0,1.0,0.0,0.0,0.0,1.0,0.0,0.0,0.0,0.0,1.0,0.0,1
0.4559118548372074,0.4289418096160511,0.42894088510913386,-0.5831866525803752,0.4894666086672763,0.26006364227181084,-0.4159389500483014,1.0233237834958013,0.7257364967822663,-0.6183446898415276,-0.4586662827794434,0.022827718722052668,0.0,1.0,0.0,0.0,1.0,1.0,0.0,0.0,0.0,1.0,0.0,0.0,0.0,1.0,0.0,0.0,0.0,0.0,0.0,1.0,1
0.4559118548372074,-0.32857535913550806,-0.3285762682494032,-0.385882430348861,1.803438975764354,0.7503643032712972,1.593776517501721,-0.9278000142320425,-0.9047186339104087,-0.4487394804344149,2.4640781667470613,0.022827718722052668,0.0,1.0,0.0,1.0,0.0,1.0,0.0,0.0,0.0,1.0,0.0,0.0,0.0,1.0,0.0,0.0,1.0,0.0,0.0,0.0,1
0.8241395013488341,0.07982520140881078,0.07982428399606893,0.7359330046246058,-0.26463927157974215,0.7503643032712972,-0.17578427153603457,-0.9278000142320425,-0.034922083459752465,-1.194469261678262,-0.7667114617764376,0.9359364676041585,0.0,1.0,0.0,1.0,0.0,1.0,0.0,0.0,0.0,1.0,0.0,0.0,1.0,0.0,0.0,0.0,0.0,0.0,0.0,1.0,1
-1.0906442605116242,-0.8775008437380871,-0.877500863416861,3.295250630141962,1.6549029690490322,-1.0147180763268537,1.0881877206337907,0.047761884631879505,-0.9278691124395136,1.3579391942323134,-0.3223304978166589,0.9359364676041585,1.0,0.0,0.0,1.0,0.0,0.0,0.0,1.0,0.0,0.0,1.0,0.0,0.0,1.0,0.0,0.0,0.0,0.0,0.0,1.0,1
-0.05960685027906976,0.0073670374412703405,0.007366121500904516,3.035936509494829,-0.1618066515460578,0.26006364227181084,1.252504079615868,1.0233237834958013,2.855580521459919,-1.0095362730319997,-0.062187081103886314,0.9359364676041585,0.0,1.0,0.0,1.0,0.0,1.0,0.0,0.0,0.0,0.0,1.0,0.0,0.0,1.0,0.0,0.0,0.0,0.0,1.0,0.0,1
0.16132973762790617,-0.9850902387201926,-0.9850893779319536,1.2151004014725688,0.7065576954050544,-0.23023701872767557,-1.6672712222964283,0.047761884631879505,1.1953604898012518,0.26033691567233497,-0.34517595367528764,0.9359364676041585,0.0,1.0,0.0,1.0,0.0,0.0,0.0,1.0,0.0,1.0,0.0,0.0,0.0,0.0,1.0,0.0,0.0,0.0,0.0,1.0,0
0.16132973762790617,0.27963407780414956,0.27963491289273434,0.13274581094540505,-0.23036173156851406,-1.0147180763268537,-1.6293520625313336,-0.9278000142320425,-0.7724301851726663,1.3579391942323134,-0.9760053154490365,0.9359364676041585,1.0,0.0,0.0,1.0,0.0,1.0,0.0,0.0,0.0,0.0,1.0,0.0,0.0,1.0,0.0,0.0,0.0,0.0,0.0,1.0,0
-1.3115808484186,-0.9082406708758316,-0.9082415682107186,0.5668150998547364,0.03243274185090149,0.7503643032712972,-1.490315143392653,0.047761884631879505,0.600062470481411,-0.5387068803163805,0.612859292009144,0.9359364676041585,0.0,1.0,0.0,1.0,0.0,1.0,0.0,0.0,1.0,0.0,0.0,0.0,0.0,0.0,1.0,0.0,0.0,0.0,1.0,0.0,1
-1.4588719070232508,-0.9982644503506546,-0.9982635892947108,-0.5831866525803752,0.1809687485662233,-0.8185978119270593,-0.0620267922407503,0.047761884631879505,-0.5872263569398269,1.3579391942323134,0.9378543253528627,-0.8902810301600532,0.0,1.0,0.0,0.0,1.0,0.0,1.0,0.0,0.0,1.0,0.0,0.0,0.0,1.0,0.0,1.0,0.0,0.0,0.0,0.0,1
0.6032029134418581,0.12373924017701711,0.12373920015268369,0.6062759443010393,1.0150555555061074,0.7503643032712972,-0.011467912553957287,1.0233237834958013,-0.7492797066435614,-0.7353023096880826,0.2841795077204851,0.022827718722052668,1.0,0.0,0.0,1.0,0.0,0.0,0.0,1.0,0.0,1.0,0.0,0.0,0.0,0.0,1.0,0.0,0.0,0.0,1.0,0.0,1
1.3396582064651112,0.5035956755220018,0.5035965060596062,0.9501490173331069,-0.6645439050440701,-0.23023701872767557,1.2398643596941699,-0.9278000142320425,-0.7261292281144565,-1.1254942551020883,-0.24568767816190437,1.8490452164862643,1.0,0.0,0.0,1.0,0.0,0.0,1.0,0.0,0.0,0.0,1.0,0.0,0.0,1.0,0.0,1.0,0.0,0.0,0.0,0.0,1
-0.2068979088837204,2.5499898821204168,2.5499889145130377,-0.5831866525803752,-0.5617112850103858,-0.8185978119270593,0.10228956674132698,0.047761884631879505,0.13043847746242554,-0.8106083555152093,-0.22357917249226364,-0.8902810301600532,1.0,0.0,0.0,0.0,1.0,1.0,0.0,0.0,0.0,1.0,0.0,0.0,0.0,1.0,0.0,1.0,0.0,0.0,0.0,0.0,1
0.7504939720465087,0.795624033330574,0.7956239796532992,-0.3520588493948871,-1.5786116386768199,1.7309656252702699,-0.0873062320841468,1.0233237834958013,-0.7592013402988921,-1.2057984898115464,-0.7733440134773298,0.9359364676041585,0.0,1.0,0.0,1.0,0.0,0.0,0.0,1.0,0.0,0.0,1.0,0.0,1.0,0.0,0.0,0.0,1.0,0.0,0.0,0.0,1
1.4869492650697618,-0.5942552936831563,-0.5942553191175819,-0.5831866525803752,0.23809798191827017,-0.23023701872767557,0.01381152728943922,1.0233237834958013,0.5239966124572092,0.8404600386149342,-1.1197106023017012,-0.8902810301600532,0.0,1.0,0.0,0.0,1.0,0.0,1.0,0.0,0.0,1.0,0.0,0.0,0.0,0.0,1.0,0.0,0.0,0.0,0.0,1.0,0
1.5605947943720873,0.4684644445074368,0.46846351919740536,-0.5831866525803752,-1.6585925653696854,-0.23023701872767557,-2.4762132972851165,0.047761884631879505,0.3487144178797005,-1.2044656394429247,-0.9516859592124317,-0.8902810301600532,1.0,0.0,1.0,0.0,0.0,1.0,0.0,0.0,0.0,1.0,0.0,0.0,0.0,1.0,0.0,0.0,0.0,0.0,1.0,0.0,1
0.8977850306511593,1.379680748947718,1.3796815616829579,1.7788267507054667,-0.0932515715236016,-0.8185978119270593,0.3930031249403868,-0.9278000142320425,0.22965481401573232,-0.6370045950022316,0.11615486463121558,-0.8902810301600532,0.0,1.0,0.0,1.0,0.0,0.0,1.0,0.0,0.0,0.0,1.0,0.0,0.0,0.0,1.0,0.0,0.0,0.0,1.0,0.0,1
0.30862079623255684,0.17204468282204408,0.1720437635353691,-0.5831866525803752,-1.0987260785196262,-0.720537679727162,-0.31482119067471537,1.9988856823597234,-0.8584176768521988,-0.23481699627063038,-1.1875100196885995,-0.8902810301600532,0.0,1.0,0.0,0.0,1.0,1.0,0.0,0.0,0.0,0.0,0.0,1.0,0.0,1.0,0.0,0.0,0.0,0.0,0.0,1.0,1
-0.35418896748837103,0.1083693266081449,0.1083701651768912,-0.5831866525803752,-0.5502854383399765,-0.720537679727162,1.7328134366404015,0.047761884631879505,-0.46485954185741524,-0.07220925129878189,-0.7335487032719765,-0.8902810301600532,1.0,0.0,0.0,0.0,1.0,1.0,0.0,0.0,0.0,1.0,0.0,0.0,0.0,0.0,1.0,0.0,0.0,0.0,0.0,1.0,1
-1.532517436325576,0.5431183104133875,0.5431191401478777,-0.5831866525803752,0.2609496752590889,1.7309656252702699,0.4435620046271798,1.0233237834958013,-0.021693238585978224,-0.9635529353145506,-0.10640409244316777,1.8490452164862643,0.0,1.0,0.0,0.0,1.0,0.0,0.0,1.0,0.0,1.0,0.0,0.0,0.0,0.0,1.0,0.0,0.0,0.0,1.0,0.0,1
0.5295573841395328,0.9866501019722714,0.9866500444132781,-0.5662748621033883,-1.21298454522372,-0.9166579441269566,0.8353933221998256,-0.9278000142320425,0.11720963258865129,-0.737968010425326,-0.658379783995198,-0.8902810301600532,0.0,1.0,0.0,1.0,0.0,0.0,0.0,1.0,0.0,1.0,0.0,0.0,0.0,0.0,1.0,0.0,1.0,0.0,0.0,0.0,1
-0.5751255553953469,-0.9126320747526522,-0.9126312154367893,-0.380245166856532,0.7408352354162825,-0.8185978119270593,0.08964984681962873,0.047761884631879505,0.6794355397240565,1.3579391942323134,1.5900552426072643,0.022827718722052668,0.0,1.0,0.0,1.0,0.0,0.0,1.0,0.0,0.0,0.0,1.0,0.0,0.0,0.0,1.0,0.0,0.0,0.0,1.0,0.0,1
-0.9433532019069736,-0.3329667630123287,-0.3329659154754739,0.22857929031499769,-0.6302663650328421,-0.720537679727162,1.808651756170591,0.047761884631879505,-0.16059610976060773,-0.0215609372911568,0.27238830469667674,-0.8902810301600532,1.0,0.0,0.0,1.0,0.0,1.0,0.0,0.0,0.0,0.0,1.0,0.0,0.0,0.0,1.0,0.0,0.0,0.0,1.0,0.0,1
0.7504939720465087,-0.9631332193360895,-0.9631332372747825,-0.5831866525803752,-0.3788977382838359,-0.23023701872767557,1.0123494011036012,-0.9278000142320425,0.3024134608214906,0.7025100254625872,-0.6561689334282339,-0.8902810301600532,0.0,1.0,1.0,0.0,0.0,0.0,1.0,0.0,1.0,0.0,0.0,0.0,1.0,0.0,0.0,0.0,0.0,1.0,0.0,0.0,0
1.5605947943720873,-0.4976444083931024,-0.49764355750993844,-0.5606375986110593,-1.1901328518829013,0.7503643032712972,0.6331578034526536,-0.9278000142320425,2.131301264620779,-1.1871385846508424,-0.7409182051618567,-0.8902810301600532,1.0,0.0,0.0,1.0,0.0,0.0,0.0,1.0,0.0,1.0,0.0,0.0,0.0,0.0,1.0,1.0,0.0,0.0,0.0,0.0,1
0.8977850306511593,0.3235481165723559,0.3235471942070765,-0.5831866525803752,-0.03612233817155474,-0.9166579441269566,0.22868676595830953,0.047761884631879505,-0.6401417364349239,1.0977001597589242,0.24954284883804798,0.022827718722052668,1.0,0.0,0.0,0.0,1.0,1.0,0.0,0.0,0.0,0.0,1.0,0.0,0.0,0.0,1.0,1.0,0.0,0.0,0.0,0.0,1
0.9714305599534846,-0.41201203279510007,-0.4120111836520169,-0.5831866525803752,-1.2586879319053574,-0.720537679727162,2.1878433538215387,0.047761884631879505,1.125909054213937,-0.24248088589020536,-1.0349613305680785,0.022827718722052668,0.0,1.0,0.0,0.0,1.0,1.0,0.0,0.0,1.0,0.0,0.0,0.0,0.0,0.0,1.0,0.0,0.0,0.0,0.0,1.0,1
0.30862079623255684,1.60144664472716,1.6014456963945216,0.8937763824098172,1.037907248846926,-1.0147180763268537,1.2398643596941699,1.9988856823597234,1.7112854398784472,1.3579391942323134,1.3365443775953838,0.9359364676041585,0.0,1.0,0.0,1.0,0.0,1.0,0.0,0.0,0.0,1.0,0.0,0.0,0.0,0.0,1.0,0.0,0.0,0.0,1.0,0.0,1
1.1187216185581352,1.1425449395994038,1.1425457571533288,-0.5831866525803752,-1.9442387321299197,1.7309656252702699,-0.03674735239735379,-0.9278000142320425,-0.7889662412648841,-1.3077615430111071,-1.296578647658827,0.9359364676041585,1.0,0.0,0.0,0.0,1.0,1.0,0.0,0.0,0.0,1.0,0.0,0.0,1.0,0.0,0.0,0.0,0.0,0.0,0.0,1.0,1
-1.016998731209299,0.08860800916245205,0.08860884813275545,-0.5831866525803752,-0.9958934584859419,-1.112778208526751,0.1275690065847235,0.047761884631879505,0.3454072066612569,1.3579391942323134,-0.9752683652600485,-0.8902810301600532,0.0,1.0,0.0,0.0,1.0,0.0,0.0,1.0,0.0,0.0,1.0,0.0,1.0,0.0,0.0,0.0,0.0,1.0,0.0,0.0,0
-0.2805434381860457,-0.7457587274334682,-0.7457587497892894,-0.5831866525803752,-0.2417875782389234,-0.720537679727162,-0.8583291473077402,1.0233237834958013,-0.5376181886631736,1.3579391942323134,0.7197170694124075,-0.8902810301600532,0.0,1.0,1.0,0.0,0.0,1.0,0.0,0.0,0.0,0.0,1.0,0.0,0.0,0.0,1.0,0.0,0.0,0.0,1.0,0.0,0
0.8241395013488341,-0.9982644503506546,-0.9982635892947108,-0.5831866525803752,1.4835152689928917,1.7309656252702699,-2.1096614195558674,0.047761884631879505,-0.5673830896291656,0.7471605128114146,-0.7770287644222699,-0.8902810301600532,0.0,1.0,0.0,0.0,1.0,0.0,1.0,0.0,0.0,0.0,1.0,0.0,0.0,0.0,1.0,0.0,0.0,0.0,0.0,1.0,0
0.014038679023255554,0.6594905131491343,0.6594895839573842,-0.5831866525803752,0.8893712421316043,-0.720537679727162,0.5194003241573694,-0.9278000142320425,-0.9212546900026265,0.30931916671918275,0.6556024029704494,0.022827718722052668,0.0,1.0,0.0,0.0,1.0,0.0,0.0,1.0,1.0,0.0,0.0,0.0,0.0,0.0,1.0,0.0,0.0,0.0,1.0,0.0,1
0.8241395013488341,-0.8599352282308046,-0.8599343699857606,0.5555405728700784,0.31807890861113575,-0.720537679727162,1.201945199929075,-0.9278000142320425,-0.5739975120660528,1.3579391942323134,1.433821802541803,-0.8902810301600532,0.0,1.0,0.0,1.0,0.0,0.0,1.0,0.0,0.0,1.0,0.0,0.0,0.0,1.0,0.0,0.0,0.0,0.0,1.0,0.0,1
0.8977850306511593,0.7670799081312398,0.7670807333147496,-0.5831866525803752,-0.7330989850665264,-1.0147180763268537,-0.5044169895001891,-0.9278000142320425,-0.4284802184545361,0.4336074635931571,-0.8050328716038149,0.022827718722052668,1.0,0.0,0.0,0.0,1.0,0.0,1.0,0.0,0.0,1.0,0.0,0.0,0.0,1.0,0.0,0.0,0.0,0.0,0.0,1.0,1
-0.6487710846976723,-0.32198825332027714,-0.3219891625680246,1.7337286427668348,1.0607589421877448,-1.0147180763268537,-2.2234188988511514,0.047761884631879505,0.16020337842841756,1.3579391942323134,-0.3223304978166589,-0.8902810301600532,1.0,0.0,0.0,1.0,0.0,0.0,1.0,0.0,0.0,0.0,0.0,1.0,1.0,0.0,0.0,0.0,0.0,1.0,0.0,0.0,0
0.4559118548372074,-0.49544870645469213,-0.49544873389690314,-0.5831866525803752,1.1978691022326573,-0.23023701872767557,0.48148116439227456,0.047761884631879505,-0.6665994261824724,0.9677472488183078,-0.7917677682020304,-0.8902810301600532,1.0,0.0,1.0,0.0,0.0,1.0,0.0,0.0,0.0,0.0,1.0,0.0,0.0,1.0,0.0,0.0,0.0,0.0,0.0,1.0,1
0.8977850306511593,-0.6293865246977214,-0.6293856711375101,0.25112834428431363,-0.4017494316246546,1.7309656252702699,0.039090967132835726,0.047761884631879505,0.5636831470785318,-0.9392284160872044,0.3652440285091678,0.9359364676041585,1.0,0.0,0.0,1.0,0.0,1.0,0.0,0.0,0.0,1.0,0.0,0.0,0.0,0.0,1.0,0.0,0.0,0.0,1.0,0.0,1
1.266012677162786,-0.6579306498970555,-0.6579315523183324,-0.5831866525803752,-1.9442387321299197,1.7309656252702699,-2.3245366582247375,-0.9278000142320425,-0.4251730072360925,-1.3077615430111071,-1.2803657435010904,0.022827718722052668,0.0,1.0,0.0,0.0,1.0,1.0,0.0,0.0,0.0,1.0,0.0,0.0,0.0,1.0,0.0,0.0,0.0,0.0,0.0,1.0,1
-0.9433532019069736,-0.6601263518354659,-0.6601263759313677,-0.5831866525803752,0.7179835420754638,-0.720537679727162,-2.5141324570502115,0.047761884631879505,-0.782351818827997,1.3579391942323134,1.4699323618022162,0.022827718722052668,1.0,0.0,0.0,0.0,1.0,1.0,0.0,0.0,0.0,1.0,0.0,0.0,0.0,1.0,0.0,0.0,0.0,0.0,1.0,0.0,0
-1.6798084949302268,-0.0519169148958082,-0.05191782963150273,-0.5831866525803752,1.3692568022887979,-0.720537679727162,0.9365110815734117,1.0233237834958013,-0.46485954185741524,1.3579391942323134,-0.3319108502735032,0.9359364676041585,0.0,1.0,1.0,0.0,0.0,1.0,0.0,0.0,0.0,0.0,1.0,0.0,1.0,0.0,0.0,0.0,0.0,0.0,0.0,1.0,0
1.1923671478604605,-0.6908661789732102,-0.6908670807252253,1.2940220903651745,1.3464051089479792,-0.23023701872767557,0.3677236850969903,0.047761884631879505,0.26934134863705506,0.1573742246963077,2.3527986882098695,0.022827718722052668,0.0,1.0,0.0,1.0,0.0,1.0,0.0,0.0,0.0,1.0,0.0,0.0,0.0,0.0,1.0,1.0,0.0,0.0,0.0,0.0,1
-0.9433532019069736,1.6036423466655703,1.6036431548498296,1.3334829348114774,1.3349792622775698,-0.23023701872767557,-0.5549758691869822,-0.9278000142320425,-0.8518032544153118,-0.9035746687265737,2.497240925251522,-0.8902810301600532,0.0,1.0,0.0,1.0,0.0,1.0,0.0,0.0,0.0,0.0,1.0,0.0,0.0,0.0,1.0,0.0,0.0,0.0,1.0,0.0,1
1.3396582064651112,0.4992042716451812,0.49920422399126296,0.5724523633470654,0.22667213524786078,-0.720537679727162,-0.02410763247565554,1.0233237834958013,-0.9113330563472958,-0.03922120467539449,-0.994429070173737,-0.8902810301600532,0.0,1.0,0.0,1.0,0.0,0.0,0.0,1.0,0.0,1.0,0.0,0.0,0.0,1.0,0.0,0.0,0.0,1.0,0.0,0.0,1
0.2349752669302315,2.2206345913588694,2.2206336304441083,-0.5831866525803752,0.9807780154948793,1.7309656252702699,0.4056428448620851,0.047761884631879505,-0.2697340799692452,-1.226457670525183,-0.35549325632112,0.9359364676041585,1.0,0.0,0.0,0.0,1.0,0.0,0.0,1.0,0.0,1.0,0.0,0.0,0.0,0.0,1.0,0.0,0.0,0.0,0.0,1.0,1
0.08768420832558087,-0.9280019883215245,-0.9280028852548543,-0.5831866525803752,-1.2929654719165855,0.7503643032712972,-0.13786511177093982,0.047761884631879505,-0.7327436505513436,-0.513382723312568,-1.2147771766811564,0.022827718722052668,0.0,1.0,0.0,0.0,1.0,1.0,0.0,0.0,0.0,1.0,0.0,0.0,1.0,0.0,0.0,0.0,0.0,0.0,0.0,1.0,0
0.8977850306511593,-0.7611286410023403,-0.7611277847650818,0.1778439188840369,-0.39032358495424524,0.26006364227181084,2.1878433538215387,-0.9278000142320425,-0.5409253998816171,-0.7569611281781854,-0.06292403129287434,0.022827718722052668,1.0,0.0,0.0,1.0,0.0,1.0,0.0,0.0,0.0,1.0,0.0,0.0,0.0,0.0,1.0,1.0,0.0,0.0,0.0,0.0,1
0.9714305599534846,-1.0092429600427062,-1.0092429770444327,-0.5831866525803752,0.27237552192949827,0.7503643032712972,-0.45385810981339614,-0.9278000142320425,-0.699671538366908,0.1916951216883168,-0.7534463583746531,2.76215396536837,1.0,0.0,0.0,0.0,1.0,1.0,0.0,0.0,0.0,1.0,0.0,0.0,0.0,0.0,1.0,0.0,0.0,0.0,0.0,1.0,0
-0.42783449679069635,-0.4471432638096652,-0.44714417051421773,-0.5831866525803752,-0.013270644830735995,-1.112778208526751,-0.5676155891086804,0.047761884631879505,-0.34249272677500353,1.3579391942323134,-0.7880830172570903,0.9359364676041585,0.0,1.0,0.0,0.0,1.0,0.0,0.0,1.0,0.0,1.0,0.0,0.0,0.0,1.0,0.0,0.0,0.0,0.0,0.0,1.0,0
-0.2805434381860457,-0.32198825332027714,-0.3219891625680246,0.6344622617626842,1.677754662389851,-0.720537679727162,1.050268560868696,0.047761884631879505,-0.7228220168960129,1.3579391942323134,-0.7011228949565034,0.022827718722052668,0.0,1.0,0.0,1.0,0.0,0.0,1.0,0.0,0.0,0.0,1.0,0.0,0.0,1.0,0.0,0.0,0.0,0.0,0.0,1.0,0
0.5295573841395328,1.1666976609219173,1.166696721423535,-0.5831866525803752,-0.3788977382838359,1.7309656252702699,-0.2516225910662241,-0.9278000142320425,1.5260816116456077,-1.3077615430111071,-0.017970069764604857,-0.8902810301600532,1.0,0.0,0.0,0.0,1.0,0.0,1.0,0.0,0.0,1.0,0.0,0.0,0.0,0.0,1.0,1.0,0.0,0.0,0.0,0.0,1
0.16132973762790617,-0.19683324283088907,-0.19683415462183157,-0.5831866525803752,2.0548076025133604,-0.23023701872767557,-1.0858441058983088,-0.9278000142320425,-0.894797000255078,0.6155415389100206,2.307107776492612,-0.8902810301600532,1.0,0.0,0.0,0.0,1.0,0.0,0.0,1.0,0.0,1.0,0.0,0.0,1.0,0.0,0.0,0.0,0.0,0.0,1.0,0.0,1
-0.2068979088837204,1.232568719074227,1.232567778237321,2.6300535380471426,0.512318302008095,1.7309656252702699,0.2666059257234043,-0.9278000142320425,0.9704701269470898,-1.3077615430111071,-0.43287302616486256,0.022827718722052668,0.0,1.0,0.0,1.0,0.0,0.0,0.0,1.0,0.0,1.0,0.0,0.0,0.0,0.0,1.0,0.0,0.0,0.0,0.0,1.0,1
-1.016998731209299,-0.18146332926201686,-0.18146248480376648,-0.5831866525803752,0.9236487821428324,1.7309656252702699,0.8606727620432222,-0.9278000142320425,-0.8749537329444167,-0.975548588632146,0.3188161666029223,-0.8902810301600532,0.0,1.0,0.0,0.0,1.0,1.0,0.0,0.0,0.0,0.0,1.0,0.0,1.0,0.0,0.0,0.0,1.0,0.0,0.0,0.0,1
-0.42783449679069635,-0.33516246495073904,-0.3351633739307818,-0.5831866525803752,1.5063669623337104,0.26006364227181084,0.48148116439227456,1.9988856823597234,-0.9047186339104087,0.5862188308003431,2.0816010186622766,0.9359364676041585,0.0,1.0,0.0,0.0,1.0,1.0,0.0,0.0,0.0,1.0,0.0,0.0,0.0,0.0,1.0,0.0,0.0,0.0,1.0,0.0,1
1.04507608925581,-0.8928707573069594,-0.8928698983926535,0.22294202682266873,2.111936835865407,-1.112778208526751,1.1134671604771873,0.047761884631879505,-0.37556483895943915,1.3579391942323134,-0.3768648118017727,-0.8902810301600532,1.0,0.0,0.0,1.0,0.0,0.0,1.0,0.0,0.0,0.0,1.0,0.0,0.0,0.0,1.0,0.0,0.0,0.0,0.0,1.0,0
-0.6487710846976723,1.5026400574986958,1.5026391111738429,-0.5831866525803752,1.5863478890265759,0.26006364227181084,0.5320400440790676,1.9988856823597234,0.239576447671063,-0.6816550823510589,1.7580798856965338,0.9359364676041585,1.0,0.0,0.0,0.0,1.0,0.0,0.0,1.0,0.0,0.0,1.0,0.0,0.0,0.0,1.0,0.0,1.0,0.0,0.0,0.0,1
-1.6798084949302268,-0.48666589870105087,-0.48666680460248923,-0.5831866525803752,-0.5617112850103858,-0.720537679727162,-0.31482119067471537,1.0233237834958013,0.2891846159477164,1.0437197198297448,-1.0872847939862282,-0.8902810301600532,1.0,0.0,0.0,0.0,1.0,1.0,0.0,0.0,0.0,1.0,0.0,0.0,1.0,0.0,0.0,0.0,0.0,0.0,0.0,1.0,0
-0.5014800260930217,-0.049721212957397884,-0.0497203711761948,0.49916793794678865,0.9465004754836511,1.7309656252702699,0.3424442452535938,-0.9278000142320425,1.7906585091210925,-1.1238281921413111,-0.5294135009222938,-0.8902810301600532,1.0,0.0,0.0,1.0,0.0,0.0,1.0,0.0,0.0,0.0,1.0,0.0,0.0,0.0,1.0,0.0,0.0,0.0,0.0,1.0,1
-0.7960621433023229,-0.7699114487559816,-0.7699123489017683,-0.5831866525803752,-1.8414061120962353,1.7309656252702699,0.06437040697623223,1.0233237834958013,0.06760146431199789,-0.6403367209237858,-1.169823215152887,-0.8902810301600532,0.0,1.0,0.0,0.0,1.0,0.0,1.0,0.0,0.0,0.0,0.0,1.0,0.0,1.0,0.0,0.0,0.0,0.0,1.0,0.0,1
1.1187216185581352,-0.4098163308566898,-0.40981636003898153,-0.5831866525803752,-0.20751003822769531,0.7503643032712972,-1.3765576640973687,-0.9278000142320425,1.5128527667718334,-0.9085728576089049,-0.8323000285963718,1.8490452164862643,0.0,1.0,0.0,0.0,1.0,1.0,0.0,0.0,0.0,1.0,0.0,0.0,1.0,0.0,0.0,0.0,0.0,0.0,0.0,1.0,0
0.08768420832558087,-0.8335868049698808,-0.8335859472602463,-0.5831866525803752,-0.8816349917818482,0.7503643032712972,-0.2516225910662241,-0.9278000142320425,-0.39871531748854405,-0.8702534095110309,-0.6930164428776351,-0.8902810301600532,0.0,1.0,0.0,0.0,1.0,0.0,1.0,0.0,0.0,1.0,0.0,0.0,0.0,0.0,1.0,1.0,0.0,0.0,0.0,0.0,1
0.8977850306511593,-0.3066183397514049,-0.30661749274995953,0.5386287823930915,-0.6988214450552983,-0.720537679727162,0.6963564030611449,0.047761884631879505,-0.4847028091680766,-0.2114921148197506,0.22743434316840724,0.9359364676041585,1.0,0.0,0.0,1.0,0.0,1.0,0.0,0.0,1.0,0.0,0.0,0.0,1.0,0.0,0.0,0.0,0.0,0.0,1.0,0.0,1
0.9714305599534846,-0.9367847960751657,-0.9367848145492682,-0.5831866525803752,0.7522610820866918,1.7309656252702699,0.6331578034526536,-0.9278000142320425,0.05437261943822365,-0.3214522702310416,-1.084336993230276,1.8490452164862643,1.0,0.0,1.0,0.0,0.0,0.0,0.0,1.0,0.0,0.0,1.0,0.0,0.0,1.0,0.0,0.0,0.0,0.0,0.0,1.0,1
-0.35418896748837103,-0.9082406708758316,-0.9082415682107186,-0.5831866525803752,-0.4360269716358827,1.7309656252702699,-0.3021814707530171,-0.9278000142320425,-0.9179474787841829,-0.8435964021385967,0.2620710020508444,0.022827718722052668,0.0,1.0,0.0,0.0,1.0,1.0,0.0,0.0,0.0,1.0,0.0,0.0,0.0,1.0,0.0,0.0,1.0,0.0,0.0,0.0,1
0.3822663255348821,1.996672993641017,1.9966720372772366,-0.5831866525803752,1.6434771223786229,-1.0147180763268537,-0.13786511177093982,1.0233237834958013,1.3276489385389942,1.3579391942323134,2.6564221660729355,-0.8902810301600532,0.0,1.0,1.0,0.0,0.0,1.0,0.0,0.0,0.0,1.0,0.0,0.0,0.0,0.0,1.0,0.0,1.0,0.0,0.0,0.0,1
1.3396582064651112,-0.5196014277772056,-0.5196023330093822,-0.5831866525803752,-0.84735745177062,1.7309656252702699,-1.2880796246454809,1.0233237834958013,1.539310456519382,-0.6366713824100761,-0.019443970142580903,-0.8902810301600532,1.0,0.0,0.0,0.0,1.0,0.0,1.0,0.0,1.0,0.0,0.0,0.0,0.0,0.0,1.0,1.0,0.0,0.0,0.0,0.0,1
0.4559118548372074,0.9712801884033992,0.9712810094374856,0.23985381729965566,0.60372507537137,-1.112778208526751,-0.8330497074643437,0.047761884631879505,-0.5012388652602944,1.3579391942323134,1.2871687149331863,0.9359364676041585,0.0,1.0,0.0,1.0,0.0,1.0,0.0,0.0,0.0,0.0,1.0,0.0,0.0,1.0,0.0,0.0,0.0,0.0,1.0,0.0,1
-0.5751255553953469,-0.6359736305129524,-0.6359727768188888,0.6626485792243291,1.4720894223224823,1.7309656252702699,-0.845689427386042,1.9988856823597234,-0.5475398223185043,-0.29279598730567485,-0.022391770898533003,-0.8902810301600532,1.0,0.0,0.0,1.0,0.0,1.0,0.0,0.0,0.0,1.0,0.0,0.0,0.0,0.0,1.0,0.0,0.0,0.0,0.0,1.0,0
1.7078858529767378,0.483834358076309,0.48383518901547046,-0.13784283668638592,1.1750174088918386,1.7309656252702699,0.38036340501868854,0.047761884631879505,1.0531504074081788,-1.0235312019025276,-0.5161483975205093,-0.8902810301600532,1.0,0.0,0.0,1.0,0.0,0.0,1.0,0.0,0.0,0.0,1.0,0.0,0.0,0.0,1.0,0.0,0.0,0.0,0.0,1.0,1
1.5605947943720873,1.0591082659398119,1.0591082069084425,0.025637804591154466,1.6891805090602603,1.7309656252702699,0.11492928666302524,1.9988856823597234,0.570297569515419,-0.8969104168834651,-0.5596284586708027,-0.8902810301600532,1.0,0.0,0.0,1.0,0.0,0.0,1.0,0.0,0.0,1.0,0.0,0.0,1.0,0.0,0.0,0.0,0.0,0.0,0.0,1.0,1
0.6032029134418581,-0.7479544293718785,-0.7479535734023246,1.203825874487911,-0.4017494316246546,-0.23023701872767557,-1.2628001848020842,1.0233237834958013,-0.6368345252164803,-0.3444439390897663,-0.8647258369118448,-0.8902810301600532,0.0,1.0,0.0,1.0,0.0,1.0,0.0,0.0,0.0,0.0,1.0,0.0,1.0,0.0,0.0,0.0,0.0,1.0,0.0,0.0,0
1.1187216185581352,-1.0048515561658855,-1.0048506949760894,4.321232585745836,-0.6645439050440701,-0.8185978119270593,-1.995903940260583,0.047761884631879505,-0.7658157627357792,-0.418417134548271,-0.9369469554326711,-0.8902810301600532,0.0,1.0,0.0,1.0,0.0,1.0,0.0,0.0,0.0,1.0,0.0,0.0,1.0,0.0,0.0,0.0,0.0,0.0,0.0,1.0,1
1.04507608925581,3.1252637899839195,3.1252645672482817,-0.5831866525803752,-1.5786116386768199,-0.23023701872767557,0.6710769632177483,0.047761884631879505,1.231739813204131,-1.3077615430111071,-1.0386460815130185,-0.8902810301600532,1.0,0.0,0.0,0.0,1.0,1.0,0.0,0.0,0.0,1.0,0.0,0.0,0.0,0.0,1.0,0.0,0.0,0.0,1.0,0.0,1
-0.7224166139999976,0.34550513595645904,0.3455059697065202,-0.5831866525803752,0.4666149153264576,0.26006364227181084,1.151386320242282,-0.9278000142320425,-0.368950416522552,-0.8762512361698286,-0.4343469265428386,0.022827718722052668,1.0,0.0,0.0,0.0,1.0,0.0,1.0,0.0,1.0,0.0,0.0,0.0,0.0,1.0,0.0,0.0,0.0,0.0,0.0,1.0,1
0.16132973762790617,-0.9565461135208586,-0.956546131593404,-0.5831866525803752,0.60372507537137,-0.9166579441269566,-1.2628001848020842,0.047761884631879505,-0.9543268021870621,1.3579391942323134,-0.6952272934445992,0.022827718722052668,0.0,1.0,0.0,0.0,1.0,0.0,1.0,0.0,0.0,1.0,0.0,0.0,0.0,0.0,1.0,0.0,0.0,0.0,0.0,1.0,0
1.04507608925581,-0.3329667630123287,-0.3329659154754739,-0.5831866525803752,0.9007970888020137,0.7503643032712972,1.1261068803988854,1.0233237834958013,2.1445301094945535,-0.16284307636505815,1.4124502470611504,-0.8902810301600532,1.0,0.0,1.0,0.0,0.0,1.0,0.0,0.0,0.0,1.0,0.0,0.0,1.0,0.0,0.0,0.0,0.0,0.0,1.0,0.0,1
1.1187216185581352,-0.9609375173976792,-0.9609384136617473,-0.5831866525803752,0.60372507537137,-0.8185978119270593,-0.4664978297350944,0.047761884631879505,-0.6765210598378031,1.3579391942323134,0.1139440140642515,1.8490452164862643,0.0,1.0,1.0,0.0,0.0,0.0,1.0,0.0,0.0,1.0,0.0,0.0,0.0,0.0,1.0,1.0,0.0,0.0,0.0,0.0,0
1.266012677162786,0.29061258749620117,0.2906116658001836,-0.09274472874775408,1.3692568022887979,0.7503643032712972,-1.0352852262115158,-0.9278000142320425,2.53147382205245,-0.9082396450167496,1.7610276864524859,0.022827718722052668,1.0,0.0,0.0,1.0,0.0,0.0,1.0,0.0,0.0,1.0,0.0,0.0,0.0,1.0,0.0,0.0,1.0,0.0,0.0,0.0,1
-0.2068979088837204,-0.6996489867268515,-0.6996490100196392,0.08764770300677323,-1.3843722452798606,1.7309656252702699,0.48148116439227456,-0.9278000142320425,-0.7922734524833277,-1.3077615430111071,-1.0725457902064677,-0.8902810301600532,0.0,1.0,0.0,1.0,0.0,1.0,0.0,0.0,0.0,1.0,0.0,0.0,0.0,1.0,0.0,0.0,0.0,0.0,0.0,1.0,1
-1.4588719070232508,-0.9345890941367554,-0.9345899909362329,-0.5831866525803752,-0.0932515715236016,-0.720537679727162,-0.8204099875426455,0.047761884631879505,0.8051095660249118,1.3579391942323134,0.9098502181713177,-0.8902810301600532,0.0,1.0,0.0,0.0,1.0,0.0,1.0,0.0,0.0,1.0,0.0,0.0,0.0,1.0,0.0,0.0,1.0,0.0,0.0,0.0,1
-1.6061629656279013,-0.675496265404338,-0.6754954109071603,-0.5831866525803752,-0.9616159184747138,-0.23023701872767557,-0.09994595200584505,0.047761884631879505,-0.646756158871811,-0.23881554737649566,-0.06292403129287434,-0.8902810301600532,0.0,1.0,1.0,0.0,0.0,0.0,1.0,0.0,0.0,1.0,0.0,0.0,0.0,1.0,0.0,0.0,0.0,0.0,1.0,0.0,1
-1.532517436325576,0.3762449630942035,0.37624403965810516,-0.5831866525803752,0.6494284620530075,1.7309656252702699,-0.20106371137943108,0.047761884631879505,0.3652504739719183,-1.0155340996907973,0.44630854929785047,-0.8902810301600532,0.0,1.0,1.0,0.0,0.0,1.0,0.0,0.0,0.0,1.0,0.0,0.0,0.0,0.0,1.0,0.0,1.0,0.0,0.0,0.0,1
-0.2068979088837204,1.6958618280788036,1.6958626343891299,-0.5831866525803752,-1.3615205519390419,-1.0147180763268537,0.8227536022781274,0.047761884631879505,-0.8319599871046504,-0.6829879327196805,-0.7394443047838807,0.022827718722052668,1.0,0.0,0.0,0.0,1.0,1.0,0.0,0.0,0.0,1.0,0.0,0.0,0.0,0.0,1.0,1.0,0.0,0.0,0.0,0.0,1
1.266012677162786,-0.9301976902599347,-0.9301977088678897,-0.5831866525803752,0.05528443519172023,-0.23023701872767557,-1.1743221453501966,-0.9278000142320425,-0.6269128915611497,1.0940348212452145,-0.7320748028940004,2.76215396536837,0.0,1.0,0.0,0.0,1.0,1.0,0.0,0.0,0.0,1.0,0.0,0.0,0.0,0.0,1.0,0.0,0.0,0.0,0.0,1.0,0
-0.35418896748837103,0.11276073048496553,0.11275981240296185,2.0832389792912314,1.0607589421877448,1.7309656252702699,1.796012036248893,0.047761884631879505,-0.6004552018136012,-1.118163578074669,0.3564006262413115,-0.8902810301600532,0.0,1.0,0.0,1.0,0.0,0.0,0.0,1.0,0.0,1.0,0.0,0.0,1.0,0.0,0.0,0.0,0.0,0.0,1.0,0.0,1
-0.5014800260930217,-0.7677157468175714,-0.7677148904464604,-0.5831866525803752,-1.4415014786319074,-1.112778208526751,1.0249891210252995,-0.9278000142320425,0.20981154670507096,1.3579391942323134,-0.8698844882347609,-0.8902810301600532,0.0,1.0,0.0,0.0,1.0,0.0,0.0,1.0,1.0,0.0,0.0,0.0,0.0,0.0,1.0,1.0,0.0,0.0,0.0,0.0,1
-1.1642897898139495,-0.5788853801142841,-0.5788862841417894,-0.5831866525803752,-1.1444294652012637,-1.0147180763268537,0.01381152728943922,0.047761884631879505,-0.5739975120660528,1.3579391942323134,-0.4144492714401619,0.022827718722052668,1.0,0.0,1.0,0.0,0.0,1.0,0.0,0.0,0.0,1.0,0.0,0.0,0.0,0.0,1.0,0.0,1.0,0.0,0.0,0.0,1
-0.42783449679069635,-0.7808899584480332,-0.7808891018092176,-0.5775493890880462,0.5465958420193232,-0.9166579441269566,2.1878433538215387,0.047761884631879505,0.239576447671063,1.3579391942323134,0.7720405328305572,0.022827718722052668,0.0,1.0,0.0,1.0,0.0,1.0,0.0,0.0,0.0,0.0,1.0,0.0,1.0,0.0,0.0,1.0,0.0,0.0,0.0,0.0,1
0.08768420832558087,0.6111850705041073,0.6111850205746988,0.0707359125297863,-1.0415968451675794,-0.720537679727162,-0.795130547699249,-0.9278000142320425,0.20650433548662742,-0.9139042590833918,-0.1800991113419702,1.8490452164862643,0.0,1.0,0.0,1.0,0.0,0.0,0.0,1.0,0.0,0.0,1.0,0.0,1.0,0.0,0.0,1.0,0.0,0.0,0.0,0.0,1
-1.6061629656279013,-0.813825487524188,-0.8138246302161105,0.5611778363624075,0.08956197520294834,-0.9166579441269566,-0.39065951020490486,0.047761884631879505,-0.7162075944591259,1.3579391942323134,0.9894408385820244,0.9359364676041585,0.0,1.0,0.0,1.0,0.0,0.0,0.0,1.0,1.0,0.0,0.0,0.0,0.0,0.0,1.0,0.0,0.0,0.0,1.0,0.0,1
0.7504939720465087,-0.89726216118378,-0.8972621804609967,0.45970709350048583,1.9405491358092664,-1.112778208526751,-1.0226455062898174,0.047761884631879505,-0.9113330563472958,1.3579391942323134,2.3277423817842764,2.76215396536837,1.0,0.0,0.0,1.0,0.0,1.0,0.0,0.0,1.0,0.0,0.0,0.0,1.0,0.0,0.0,0.0,0.0,0.0,1.0,0.0,0
1.6342403236744125,-0.7281931119261856,-0.7281922563581888,-0.5831866525803752,-0.5731371316807952,0.26006364227181084,-1.502954863314351,-0.9278000142320425,-0.7294364393329,-0.604682973563155,-0.3370695015964194,0.9359364676041585,0.0,1.0,1.0,0.0,0.0,0.0,1.0,0.0,0.0,0.0,1.0,0.0,0.0,1.0,0.0,0.0,0.0,0.0,1.0,0.0,0
-0.7960621433023229,-0.7369759196798269,-0.7369768204948755,-0.5831866525803752,0.3409306019519545,-0.720537679727162,-1.0605646660549122,1.9988856823597234,-0.6202984691242626,1.3579391942323134,-0.03713077467829349,-0.8902810301600532,1.0,0.0,0.0,0.0,1.0,0.0,0.0,1.0,0.0,1.0,0.0,0.0,0.0,0.0,1.0,0.0,0.0,0.0,1.0,0.0,0
1.4869492650697618,1.441160403223207,1.4411603364284005,-0.25622537002529444,1.186443255562248,-0.720537679727162,0.2666059257234043,1.0233237834958013,-0.12752399757617214,0.07307143888098451,1.0579772061579107,0.022827718722052668,0.0,1.0,0.0,1.0,0.0,1.0,0.0,0.0,1.0,0.0,0.0,0.0,0.0,0.0,1.0,1.0,0.0,0.0,0.0,0.0,1
-1.6798084949302268,-0.10680946335606611,-0.10680949869556672,-0.31259800494858425,0.512318302008095,-0.720537679727162,0.7974741624347309,0.047761884631879505,-0.4483234857651974,0.9680804614104629,-0.34149120273034755,0.9359364676041585,0.0,1.0,0.0,1.0,0.0,1.0,0.0,0.0,0.0,1.0,0.0,0.0,0.0,0.0,1.0,0.0,0.0,1.0,0.0,0.0,0
0.7504939720465087,-0.8269996991546499,-0.8269988415788676,-0.5831866525803752,-0.04754818484196411,1.7309656252702699,-0.7066525082473611,1.0233237834958013,1.4301724863107446,0.04274909299484071,-0.13882990075864085,-0.8902810301600532,1.0,0.0,1.0,0.0,0.0,0.0,1.0,0.0,0.0,0.0,1.0,0.0,1.0,0.0,0.0,0.0,0.0,0.0,1.0,0.0,0
1.266012677162786,1.829799646321833,1.8297995716297368,-0.5831866525803752,-0.7902282184185733,-0.8185978119270593,-0.1125856719275433,0.047761884631879505,-0.564075878410722,-0.7766206711153556,-0.8713583886127371,1.8490452164862643,1.0,0.0,0.0,0.0,1.0,1.0,0.0,0.0,0.0,0.0,1.0,0.0,1.0,0.0,0.0,0.0,0.0,0.0,0.0,1.0,1
1.7078858529767378,-1.0092429600427062,-1.0092429770444327,-0.3576961128872161,-0.7902282184185733,1.7309656252702699,0.7595550026696362,1.0233237834958013,-0.2895773472799066,0.01409281006947396,-0.6480624813493656,0.9359364676041585,1.0,0.0,0.0,1.0,0.0,1.0,0.0,0.0,0.0,0.0,1.0,0.0,0.0,1.0,0.0,0.0,0.0,0.0,1.0,0.0,1
-0.13325237958139508,-0.16170201181632401,-0.16170116775963073,-0.07019567477843817,-0.7102472917257077,-0.720537679727162,-0.28954175083131883,-0.9278000142320425,-0.34249272677500353,-0.3197862072702646,-0.12998649849078456,-0.8902810301600532,1.0,0.0,0.0,1.0,0.0,0.0,1.0,0.0,0.0,0.0,1.0,0.0,0.0,0.0,1.0,1.0,0.0,0.0,0.0,0.0,1
1.4133037357674365,-0.4361647541176136,-0.4361647827644959,-0.5831866525803752,0.37520814196318264,-0.8185978119270593,0.35508396517529206,0.047761884631879505,-0.5310037662262864,1.3579391942323134,-0.629638726624665,0.022827718722052668,0.0,1.0,0.0,0.0,1.0,1.0,0.0,0.0,0.0,0.0,1.0,0.0,0.0,1.0,0.0,0.0,0.0,0.0,0.0,1.0,0
1.4869492650697618,-0.9719160270897308,-0.9719151665691965,-0.5831866525803752,1.1407398688806105,-0.720537679727162,-0.8709688672294384,0.047761884631879505,-0.19036101072659978,1.3579391942323134,-0.9819009169609406,1.8490452164862643,1.0,0.0,0.0,0.0,1.0,0.0,0.0,1.0,1.0,0.0,0.0,0.0,1.0,0.0,0.0,0.0,0.0,0.0,0.0,1.0,0
-0.2068979088837204,0.9098005341279104,0.9097995998497704,-0.5831866525803752,-0.9844676118155326,1.7309656252702699,1.947688675309272,0.047761884631879505,0.652977849976508,-1.2661099689916788,-1.1256062038136054,-0.8902810301600532,0.0,1.0,1.0,0.0,0.0,1.0,0.0,0.0,0.0,1.0,0.0,0.0,0.0,1.0,0.0,0.0,0.0,0.0,0.0,1.0,1
-1.1642897898139495,-0.8818922476149078,-0.8818931454852043,-0.5831866525803752,0.2609496752590889,0.7503643032712972,-1.8568670211219023,2.9744475812236453,-0.4847028091680766,1.3579391942323134,-0.6989120443895394,-0.8902810301600532,0.0,1.0,0.0,0.0,1.0,1.0,0.0,0.0,1.0,0.0,0.0,0.0,0.0,0.0,1.0,0.0,0.0,0.0,0.0,1.0,0
0.4559118548372074,2.565359795689289,2.5653605843311027,-0.5831866525803752,-1.738573492062551,-0.720537679727162,-0.896248307072835,0.047761884631879505,-0.8451888319784246,-1.3070951178267962,-1.2265683797049647,-0.8902810301600532,0.0,1.0,0.0,0.0,1.0,1.0,0.0,0.0,0.0,1.0,0.0,0.0,0.0,0.0,1.0,0.0,0.0,0.0,0.0,1.0,1
-1.6061629656279013,-0.08485244397196295,-0.08485335803839565,-0.5719121255957172,0.9236487821428324,-0.23023701872767557,0.4562017245488781,2.9744475812236453,2.647226214697975,0.6778522936430857,0.4566258519436828,0.022827718722052668,1.0,0.0,0.0,1.0,0.0,1.0,0.0,0.0,0.0,1.0,0.0,0.0,0.0,1.0,0.0,1.0,0.0,0.0,0.0,0.0,1
0.30862079623255684,-0.48666589870105087,-0.48666680460248923,0.7528447951015927,0.4323373753152295,0.26006364227181084,-0.39065951020490486,0.047761884631879505,0.06760146431199789,-0.584357005441674,-0.7062815462794195,-0.8902810301600532,1.0,0.0,0.0,1.0,0.0,1.0,0.0,0.0,0.0,0.0,1.0,0.0,1.0,0.0,0.0,0.0,0.0,0.0,0.0,1.0,1
0.08768420832558087,-0.9345890941367554,-0.9345899909362329,-0.5831866525803752,-0.6759697517144795,1.7309656252702699,0.4056428448620851,-0.9278000142320425,0.5306110348940962,-0.9095724953853713,-1.1771927170427672,-0.8902810301600532,0.0,1.0,0.0,0.0,1.0,0.0,1.0,0.0,0.0,1.0,0.0,0.0,0.0,0.0,1.0,0.0,0.0,1.0,0.0,0.0,1
0.9714305599534846,0.5497054162286185,0.5497062458292563,-0.5831866525803752,1.186443255562248,-0.720537679727162,0.8985919218083169,-0.9278000142320425,1.6087618921066968,0.5962152085650059,1.5731053882605397,1.8490452164862643,0.0,1.0,1.0,0.0,0.0,0.0,1.0,0.0,0.0,1.0,0.0,0.0,0.0,1.0,0.0,0.0,0.0,0.0,1.0,0.0,1
-0.2068979088837204,-0.7369759196798269,-0.7369768204948755,-0.5831866525803752,-1.0758743851788075,0.26006364227181084,-0.6687333484822664,-0.9278000142320425,0.07090867553044145,-0.8919122280011336,-0.7549202587526291,-0.8902810301600532,1.0,0.0,0.0,0.0,1.0,1.0,0.0,0.0,1.0,0.0,0.0,0.0,0.0,1.0,0.0,0.0,1.0,0.0,0.0,0.0,1
-0.5751255553953469,-0.6469521402050039,-0.6469521645686106,0.40897172206952503,-0.4360269716358827,-0.720537679727162,-0.542336149265284,1.0233237834958013,-0.33587830433811644,0.7021768128704315,-0.8617780361558927,2.76215396536837,0.0,1.0,0.0,1.0,0.0,1.0,0.0,0.0,1.0,0.0,0.0,0.0,0.0,0.0,1.0,0.0,0.0,0.0,0.0,1.0,0
